# vtk DataFile Version 3.0
LAT on mesh
ASCII
DATASET POLYDATA
POINTS 10171 float
-50.295 24.203 82.821
-50.373 24.583 82.782
-49.568 24.702 83.008
-50.587 24.524 83.123
-50.151 24.924 83.172
-49.296 24.152 83.093
-50.634 24.146 83.167
-49.199 25.318 83.652
-48.362 24.702 83.458
-49.907 23.862 83.061
-50.392 23.905 83.08
-50.418 24.34 84.143
-50.236 24.907 83.934
-49.787 25.265 83.781
-48.441 25.234 83.684
-48.082 24.202 83.891
-49.149 23.835 83.612
-50.418 23.966 83.576
-49.058 25.548 84.334
-47.725 26.028 84.909
-47.272 25.499 84.306
-47.398 24.801 84.022
-49.917 23.788 83.611
-50.002 23.929 84.573
-49.791 24.87 85.82
-49.616 25.279 84.528
-46.729 24.57 84.738
-48.391 23.869 84.44
-49.216 23.781 84.589
-50.112 24.158 85.838
-48.73 25.641 85.373
-46.65 26.323 85.135
-46.593 25.269 84.631
-47.304 24.024 85.203
-49.455 23.844 86.351
-50.416 24.109 88.748
-47.722 26.363 86.181
-45.968 27.446 86.396
-45.928 26.257 85.398
-45.677 25.259 85.449
-45.441 24.007 86.214
-48.323 23.834 85.695
-49.631 25.078 87.702
-48.548 25.956 87.161
-47.003 26.85 86.219
-47.051 23.779 87.136
-49.133 23.648 88.325
-49.649 26.006 89.286
-47.147 27.612 87.83
-44.691 27.536 86.52
-44.803 26.302 86.174
-44.541 25.052 86.276
-45.717 23.504 87.205
-48.487 23.798 87.112
-49.565 23.259 89.863
-51.1 25.666 90.475
-47.886 26.567 87.634
-45.938 28.155 87.311
-44.488 28.691 87.189
-43.612 23.797 86.689
-45.068 23.3 87.202
-45.741 22.925 88.63
-48.048 23.783 88.195
-47.968 23.329 89.413
-50.389 23.124 90.217
-51.966 24.687 90.449
-50.348 26.992 90.926
-48.344 26.604 88.312
-45.208 29.266 88.036
-43.447 28.864 87.431
-43.572 27.419 87.14
-44.033 26.01 86.749
-43.467 24.903 86.909
-43.974 22.954 87.216
-46.937 23.709 88.322
-47.455 23.906 88.141
-48.742 23.052 90.983
-49.84 22.991 91.058
-51.002 23.151 90.242
-51.924 23.489 90.326
-51.963 25.684 91.049
-51.523 27.009 91.676
-49.706 27.024 90.483
-48.934 27.565 89.952
-46.356 29.669 89.316
-43.562 30.084 88.119
-42.545 23.829 87.101
-42.079 22.697 87.296
-46.827 23.567 88.76
-47.473 23.755 88.74
-47.011 22.828 90.867
-50.573 22.948 91.041
-52.915 24.336 90.671
-52.617 25.57 91.188
-49.874 28.586 91.52
-49.762 27.592 90.942
-48.146 29.576 90.646
-45.316 30.727 89.737
-44.023 31.06 89.251
-42.621 30.005 88.077
-41.769 29.234 88.128
-43.119 26.149 87.41
-42.399 24.837 87.526
-42.787 21.769 88.237
-47.057 23.462 88.993
-48.113 23.246 92.209
-49.231 23.263 92.189
-50.033 23.132 91.898
-51.315 23.017 91.002
-53.121 23.344 90.625
-50.51 28.839 92.668
-46.522 30.76 90.768
-42.966 31.324 88.955
-42.596 30.843 88.512
-42.365 27.416 87.891
-41.167 23.742 87.69
-41.257 21.794 87.725
-43.713 21.271 90.028
-45.303 22.109 90.506
-47.064 23.148 92.32
-50.655 23.205 91.964
-52.188 23.066 91.033
-53.827 24.297 90.728
-53.414 25.256 91.133
-53.026 26.476 91.978
-51.796 27.656 92.841
-49.808 29.916 92.464
-49.334 30.097 91.892
-47.942 30.863 91.862
-45.562 31.195 90.567
-44.866 31.738 91.054
-42.605 32.405 90.063
-41.762 30.862 88.61
-40.738 27.788 88.522
-41.777 26.116 88.123
-41.531 24.857 87.968
-40.054 22.435 87.998
-41.371 21.278 88.4
-42.075 20.775 89.594
-45.601 22.504 91.96
-47.58 23.683 93.25
-48.521 23.923 93.632
-49.915 23.799 93.325
-51.467 23.227 91.869
-52.919 23.019 91.157
-54.207 23.431 90.603
-50.215 28.553 93.926
-49.431 30.149 93.333
-48.859 30.647 91.957
-46.893 31.211 91.955
-45.842 31.268 91.038
-42.125 31.65 89.087
-40.734 30.852 88.723
-39.942 29.255 88.633
-40.281 25.244 88.433
-39.267 23.744 88.294
-40.615 21.635 88.08
-42.371 20.159 91.068
-44.464 21.629 91.298
-46.499 23.611 93.37
-50.927 23.674 92.938
-52.359 23.314 92.074
-53.804 23.042 91.173
-54.972 24.364 90.872
-54.166 25.476 91.451
-52.862 27.063 92.878
-52.288 27.04 94.008
-49.326 30.716 92.618
-48.73 31.081 92.594
-47.778 31.266 93.031
-46.341 31.148 91.353
-43.252 32.996 91.977
-40.628 32.474 89.455
-40.141 30.219 88.632
-37.926 28.525 89.103
-40.775 26.53 88.582
-38.09 23.161 88.775
-40.045 21.62 88.993
-40.741 21.369 88.534
-40.997 20.995 89.344
-41.041 20.149 90.85
-43.411 20.808 91.394
-44.723 21.937 91.851
-45.238 23.168 93.276
-47.249 24.568 94.661
-49.104 24.675 94.85
-50.778 24.175 94.019
-51.646 23.618 92.727
-53.185 23.183 91.876
-54.921 23.473 90.652
-54.117 26.412 92.914
-50.818 26.962 94.97
-48.824 29.739 94.197
-48.807 30.998 93.196
-46.248 31.648 92.757
-46.071 31.409 91.653
-44.917 32.216 92.84
-41.538 33.97 90.929
-41.329 33.294 90.158
-39.217 31.494 89.089
-38.846 30.157 88.931
-39.765 26.883 88.812
-38.708 24.841 88.723
-37.542 24.508 88.913
-38.674 22.241 89.181
-41.205 19.062 92.184
-42.352 19.832 92.351
-44.05 21.812 92.568
-45.594 24.326 94.665
-48.243 24.571 94.737
-50.456 24.703 94.934
-51.592 24.088 93.779
-52.17 23.81 93.164
-53.059 23.836 93.459
-53.825 23.303 92.341
-54.948 23.094 91.074
-55.879 23.65 91.077
-55.353 25.556 91.78
-51.831 26.574 94.93
-49.23 27.962 94.987
-48.917 29.025 94.539
-48.073 30.734 94.061
-46.847 31.44 94.106
-44.077 32.597 93.177
-41.811 34.156 91.904
-40.442 34.243 90.215
-39.295 32.516 89.371
-37.772 30.226 89.156
-38.733 26.22 88.945
-36.921 22.742 90.069
-39.179 21.573 89.995
-40.397 20.994 90.034
-39.784 18.889 92.277
-44.657 22.871 93.228
-44.401 23.227 93.97
-45.91 25.647 95.907
-47.951 25.318 95.48
-49.702 25.39 95.54
-51.337 24.504 94.715
-54.7 23.171 92.165
-55.897 24.427 91.031
-55.689 24.885 91.173
-55.335 26.153 92.658
-54.025 26.029 94.69
-52.547 26.27 95.012
-51.686 25.959 95.536
-49.802 26.409 95.555
-47.626 29.461 95.143
-45.719 31.889 94.027
-44.745 32.267 93.899
-43.551 32.841 92.998
-42.367 33.633 92.848
-40.861 35.334 91.623
-39.505 34.239 89.779
-39.143 33.382 89.524
-38.2 33.039 89.375
-37.984 31.067 89.17
-37.078 30.224 89.271
-37.874 26.692 89.143
-37.804 25.576 89.049
-38.04 21.585 90.589
-39.856 21.329 89.961
-39.669 20.611 90.936
-40.091 17.797 92.939
-40.9 18.188 93.052
-42.39 20.279 93.177
-44.536 24.211 95.031
-44.327 25.139 96.152
-47.006 25.552 95.663
-48.85 25.406 95.633
-50.822 25.527 95.653
-51.682 24.966 95.479
-52.284 24.087 93.817
-54.403 23.782 93.727
-55.837 23.102 91.405
-56.426 24.271 91.221
-56.484 24.951 91.578
-56.55 25.776 92.682
-55.24 26.175 93.641
-54.472 26.344 93.724
-50.778 26.169 95.548
-48.181 27.251 95.711
-46.906 30.915 94.895
-45.913 31.537 94.987
-43.424 32.685 94.379
-43.184 33.052 92.915
-41.126 34.901 92.669
-40.418 35.385 90.815
-39.281 36.41 90.045
-37.846 31.982 89.274
-37.117 30.993 89.296
-36.478 21.206 91.852
-38.785 21.033 90.896
-38.137 19.591 92.14
-39.021 17.267 93.067
-41.602 19.02 93.192
-42.736 21.687 93.953
-43.161 23.608 95.338
-44.657 26.278 96.785
-46.575 26.91 96.192
-48.184 26.077 95.867
-49.003 26.012 95.781
-52.305 24.428 94.626
-53.721 24.358 94.775
-55.78 23.085 92.124
-56.88 23.244 92.111
-57.354 24.071 91.774
-52.871 25.638 95.499
-46.004 30.77 95.604
-44.989 32.026 94.717
-41.459 34.052 94.016
-40.369 36.614 92.443
-40.117 37.358 91.167
-38.192 35.074 89.511
-36.695 32.919 89.399
-37.209 31.698 89.321
-38.688 18.094 92.743
-39.122 16.254 93.461
-40.472 17.791 93.9
-41.46 19.194 93.644
-41.726 20.101 93.876
-43.644 26.284 97.361
-45.206 26.783 96.719
-51.606 25.411 95.811
-52.984 24.912 95.441
-53.068 24.393 94.714
-54.488 24.394 95.014
-55.607 23.504 93.486
-57.875 25.111 92.258
-56.589 25.804 94.223
-55.523 25.778 94.822
-53.679 25.348 95.535
-52.187 25.348 95.762
-46.632 28.37 96.036
-46.036 29.715 96.014
-44.667 31.703 95.617
-40.189 35.879 93.821
-37.876 37.986 89.234
-37.138 34.42 89.371
-36.542 31.705 89.396
-36.879 19.691 92.653
-37.659 16.905 92.866
-38.598 16.607 93.242
-41.053 20.54 94.733
-41.94 22.037 94.826
-43.299 24.729 96.419
-42.593 25.383 97.548
-43.772 27.448 97.631
-44.905 27.733 96.945
-54.042 24.851 95.511
-55.288 24.188 94.804
-56.802 23.264 93.305
-58.475 23.287 92.682
-57.631 25.654 92.675
-57.67 25.729 93.404
-55.075 25.351 95.427
-54.345 25.289 95.536
-44.802 30.665 96.419
-43.76 32.119 95.713
-41.916 33.25 94.958
-40.312 34.621 95.272
-39.868 37.783 93.421
-40.256 38.709 92.223
-39.398 39.45 89.84
-38.773 37.953 89.687
-36.546 36.379 89.193
-36.144 34.748 89.352
-36.149 20.046 92.784
-37.31 18.603 92.83
-37.703 18.372 92.756
-39.298 16.34 94.57
-40.705 18.92 94.386
-41.766 22.715 95.455
-42.472 24.425 96.723
-42.472 26.96 98.618
-45.096 28.937 96.759
-54.834 24.807 95.502
-57.806 23.102 93.148
-59.173 24.103 92.374
-58.293 25.516 92.805
-57.482 25.695 94.18
-56.187 25.65 94.999
-56.072 25.308 95.443
-46.138 28.037 96.331
-43.358 31.754 96.658
-43.3 32.293 95.757
-42.409 32.641 95.936
-41.171 33.765 94.914
-39.314 36.092 95.24
-39.27 37.242 94.648
-40.374 39.882 91.01
-36.371 38.756 88.684
-35.018 33.962 89.492
-36.17 18.266 92.974
-37.987 14.66 92.81
-38.29 14.765 94.33
-39.563 17.411 95
-39.576 19.084 95.555
-40.888 21.69 95.403
-41.913 23.551 96.2
-41.655 26.139 98.957
-42.545 28.073 98.809
-43.946 28.539 97.492
-55.718 24.741 95.471
-56.666 23.961 94.792
-57.884 23.283 94.095
-58.611 23.032 93.544
-59.654 23.227 92.868
-59.372 25.04 92.764
-58.261 25.481 94.198
-57.436 25.473 94.791
-56.64 25.522 95.107
-43.516 30.524 97.516
-41.213 33.445 95.789
-39.054 35.597 96.718
-39.243 38.561 94.502
-39.859 39.683 93.45
-40.657 40.844 91.825
-40.174 40.197 90.433
-37.876 40.009 88.724
-37.115 39.596 88.539
-34.999 37.496 89.056
-35.23 35.857 89.293
-35.533 19.558 93.036
-36.966 14.215 92.2
-38.308 14.123 93.252
-38.414 16.438 95.516
-39.222 16.524 95.046
-39.818 20.816 95.989
-40.899 22.649 96.19
-41.041 24.124 97.707
-42.131 24.707 97.323
-41.428 25.401 98.589
-41.349 26.978 99.829
-41.642 28.251 100.019
-42.946 28.726 98.348
-43.348 29.515 97.937
-59.372 22.977 93.378
-60.368 23.464 92.681
-59.839 24.515 92.44
-58.79 25.48 93.422
-56.564 24.74 95.542
-41.432 32.937 96.764
-40.293 33.828 97.284
-38.906 36.222 95.87
-38.651 36.847 96.171
-38.616 38.079 95.753
-40.859 41.066 90.969
-40.514 40.894 90.37
-38.607 41.323 88.532
-36.531 41.353 87.848
-35.289 39.35 88.603
-35.086 18.541 93.017
-36.13 16.845 92.824
-36.101 15.6 92.414
-37.574 12.876 92.503
-38.015 13.124 93.314
-37.602 15.426 95.395
-38.572 18.048 96.147
-38.729 20.033 96.762
-40.254 21.756 96.027
-40.287 25.78 100.06
-42.164 28.933 99.286
-58.062 23.702 94.888
-59.172 23.177 94.236
-60.664 22.951 93.542
-60.207 24.106 92.429
-60.552 24.527 92.674
-59.606 25.282 93.418
-59.547 25.177 94.112
-58.759 24.825 94.921
-57.109 25.104 95.412
-42.536 30.279 98.628
-41.957 31.489 98.549
-42.096 32.29 97.155
-39.352 34.733 97.826
-38.512 39.126 95.873
-39.174 39.391 94.697
-40.206 41.263 92.811
-41.069 42.015 90.605
-40.23 41.883 89.35
-35.202 16.949 92.74
-35.771 17.233 92.913
-35.85 14.366 91.986
-36.972 13.04 91.899
-37.693 13.346 93.965
-36.793 14.353 94.899
-36.352 16.583 96.644
-38.593 19.022 96.471
-39.015 21.281 97.189
-39.892 22.159 96.885
-40.613 27.655 101.276
-41.571 30.121 100.099
-42.442 29.545 98.896
-57.637 24.398 95.338
-61.375 23.111 92.839
-61.073 23.813 92.599
-60.701 24.923 93.437
-41.262 32.64 97.866
-39.633 34.285 98.746
-38.863 35.465 98.614
-38.438 36.417 97.131
-38.221 37.777 97.108
-38.072 38.702 97.098
-39.229 39.986 94.565
-39.428 40.828 93.97
-40.743 42.554 91.632
-39.116 42.634 88.13
-38.062 42.148 87.818
-34.553 40.451 88.529
-34.817 15.362 92.248
-36.18 13.227 91.786
-36.732 12.341 91.819
-37.84 12.533 92.91
-37.418 12.105 93.127
-37.447 17.797 96.895
-37.575 19.657 97.785
-38.238 21.215 98.076
-38.955 22.635 98.472
-39.712 24.198 99.16
-39.967 26.969 101.555
-40.815 29.185 101.8
-59.16 23.855 94.928
-61.905 22.79 93.215
-61.971 24.221 92.996
-60.058 24.737 94.592
-40.62 32.857 99.77
-38.425 36.145 97.849
-38.249 36.909 97.983
-37.257 40.396 98.265
-38.609 39.803 95.669
-39.544 42.069 93.187
-41.357 42.844 90.558
-41.111 42.925 89.755
-40.257 43.083 88.761
-37.677 43.039 87.217
-34.578 42.121 87.867
-33.92 16.531 92.546
-34.976 14.084 92.031
-36.78 11.379 92.221
-37.173 12.857 93.995
-35.703 15.573 95.827
-36.042 18.883 98.529
-38.653 24.08 100.303
-39.421 26.32 101.637
-39.938 27.687 102.332
-40.014 28.58 103.093
-40.64 30.923 102.457
-60.313 23.279 94.42
-62.128 23.054 93.841
-62.26 22.986 92.821
-61.888 23.477 92.685
-61.794 24.711 93.466
-60.685 24.763 94.213
-61.149 23.918 94.437
-41.256 31.456 99.774
-39.483 34.944 100.15
-38.381 36.267 98.685
-38.032 38.145 98.884
-38.523 40.511 95.442
-38.479 41.51 94.573
-39.556 43.066 92.419
-41.129 43.318 90.451
-38.899 43.857 87.873
-36.724 42.86 86.922
-35.25 42.938 87.047
-33.67 41.404 88.628
-33.845 15.148 92.39
-35.178 12.654 92.05
-36.118 12.437 91.707
-36.157 11.747 91.82
-36.889 12.006 93.636
-36.477 12.704 94.1
-35.058 14.762 94.997
-37.466 22.028 99.703
-38.152 21.966 98.746
-38.907 25.406 101.387
-39.366 27.07 102.518
-40.228 29.911 103.539
-40.792 31.696 101.039
-61.176 23.133 94.186
-62.676 22.876 93.16
-62.325 24.489 93.557
-61.651 24.611 93.908
-41.293 31.808 99.36
-40.12 34.835 101.914
-38.658 36.558 99.954
-37.95 39.024 100.674
-38.082 42.846 93.639
-40.338 43.303 91.598
-40.856 43.285 91.154
-40.564 43.598 89.321
-36.525 43.833 86.376
-36.031 43.099 86.736
-34.041 43.578 87.187
-33.273 42.783 88.257
-32.611 41.627 89.219
-33.856 15.735 92.361
-33.988 14.146 92.534
-36.216 11.098 91.937
-36.904 11.085 92.718
-36.628 11.132 93.148
-35.767 13.432 94.375
-34.634 19.513 100.266
-36.541 19.985 98.862
-36.821 20.629 99.105
-37.686 24.435 102.174
-38.452 25.956 102.805
-39.443 27.848 103.293
-40.329 31.018 103.788
-40.554 31.999 102.223
-63.011 23.146 93.462
-62.766 23.027 92.843
-62.592 23.429 92.781
-62.843 24.037 93.452
-40.463 33.098 101.962
-39.473 35.968 101.539
-38.409 37.833 100.843
-37.73 40.369 101.911
-37.655 41.029 96.012
-37.138 41.933 95.37
-38.564 43.528 92.402
-39.474 43.607 91.624
-40.42 43.627 90.804
-39.509 43.963 88.967
-37.34 44.266 86.555
-35.041 44.428 86.066
-34.312 12.993 92.715
-35.67 11.354 92.067
-36.14 10.828 92.183
-36.384 10.725 92.589
-36.345 11.692 93.632
-35.64 12.112 93.714
-34.837 13.337 93.97
-33.861 15.531 95.11
-35.907 20.717 100.166
-37.676 23.535 101.016
-38.736 27.112 103.786
-39.312 28.325 104.186
-40.008 30.806 104.82
-40.425 31.641 103.556
-40.488 32.714 103.399
-62.233 23.405 94.198
-62.696 23.568 93.891
-63.067 23.235 93.027
-62.946 23.74 93.037
-62.37 24.193 93.926
-40.588 32.423 100.911
-40.476 34.74 103.247
-40.149 36.454 103.194
-39.18 37.221 102.132
-38.445 38.627 101.992
-38.025 39.253 101.628
-37.145 40.852 100.503
-36.723 41.264 96.707
-36.143 43.04 94.755
-37.723 43.597 92.777
-40.852 43.663 90.108
-40.357 43.791 89.872
-38.986 44.082 88.289
-37.083 45.211 86.548
-36.103 45.149 85.676
-33.595 44.739 86.614
-32.784 44.229 87.726
-32.069 43.271 89.019
-34.676 12.482 92.338
-36.017 11.146 93.357
-34.022 14.484 94.166
-34.664 20.559 101.571
-36.167 22.124 101.512
-36.921 23.148 101.746
-37.464 24.989 103.522
-40.364 32.225 104.584
-63.197 23.54 93.35
-40.488 33.863 103.28
-40.481 35.737 103.47
-36.543 41.815 101.294
-36.132 41.335 97.461
-36.863 43.551 93.298
-37.694 43.866 91.796
-38.491 43.818 91.484
-39.649 43.754 90.969
-39.59 43.865 90.139
-38.211 44.399 88.416
-33.925 45.554 85.719
-34.145 13.435 93.448
-34.932 11.975 92.433
-35.593 11.007 92.611
-36.022 10.739 92.974
-34.871 12.142 93.143
-35.329 21.441 101.81
-36.512 23.392 103.072
-36.911 24.148 103.486
-40.791 34.613 104.577
-40.838 35.698 104.387
-40.96 36.559 104.689
-39.955 37.474 103.609
-39.25 38.322 103.232
-38.615 39.18 102.849
-37.009 41.861 102.394
-35.956 43.644 93.65
-36.97 43.847 92.32
-38.943 43.861 90.812
-39.068 44.039 89.321
-36.62 45.479 87.212
-35.78 46.44 85.282
-35.308 45.344 85.289
-34.754 45.57 85.214
-32.779 45.778 86.872
-31.743 44.711 88.621
-35.554 11.182 93.174
-34.057 20.38 102.657
-34.733 21.273 102.963
-35.496 22.037 102.623
-36.078 22.68 102.638
-40.847 34.02 105.9
-40.588 33.459 104.598
-40.904 37.584 104.913
-39.056 39.958 104.073
-37.312 42.013 103.173
-36.529 42.892 103.109
-35.089 43.598 94.28
-35.709 43.936 92.354
-36.423 44.141 91.075
-37.616 44.186 90.154
-38.719 44.03 89.804
-36.771 44.85 88.449
-35.973 46.401 86.103
-35.24 46.15 84.92
-34.389 46.316 84.969
-33.669 46.393 85.489
-35.434 22.236 103.772
-41.624 36.247 106.019
-41.79 37.412 106.168
-40.181 38.491 104.526
-37.985 41.449 103.755
-34.161 43.659 94.41
-35.405 43.807 93.364
-35.823 45.483 87.795
-35.478 46.264 86.901
-35.159 47.13 85.478
-35.278 46.806 84.732
-33.644 46.895 85.749
-31.731 45.664 88.379
-41.364 34.72 107.598
-41.266 35.241 105.87
-41.949 38.475 106.459
-41.237 38.875 105.776
-38.631 41.822 105.004
-37.406 43.134 104.702
-35.613 44.483 104.543
-34.402 43.909 93.054
-34.881 44.362 90.591
-35.491 44.854 89.197
-35.098 46.939 86.196
-35.009 47.129 84.872
-34.844 46.827 84.682
-34.279 46.978 84.974
-33.115 46.724 86.637
-32.406 46.295 87.517
-34.674 21.358 104.005
-41.783 35.576 106.988
-42.698 37.469 107.41
-42.581 38.17 107.228
-40.575 39.824 105.621
-39.701 41.233 105.652
-34.254 44.188 91.497
-34.687 45.849 87.896
-34.304 46.658 87.03
-34.138 47.136 86.121
-34.449 47.295 85.268
-32.122 46.014 88.421
-31.502 45.573 89.076
-31.871 45.194 89.789
-42.591 35.844 108.716
-42.836 36.728 107.872
-42.848 39.009 107.453
-42.237 40.072 106.98
-41.394 39.606 106.195
-39.211 42.18 105.841
-38.804 43.135 106.1
-36.614 44.567 105.705
-32.788 44.359 91.541
-33.693 44.534 90.42
-34.094 44.818 89.584
-33.997 45.355 88.804
-33.135 46.648 87.301
-43.648 37.64 108.441
-43.57 38.485 108.144
-41.351 40.152 106.389
-41.004 41.434 106.681
-39.999 42.49 106.556
-37.591 44.472 106.521
-33.206 45.957 88.339
-42.851 35.611 110.023
-44.434 37.281 109.423
-43.765 39.752 108.075
-39.137 44.15 107.425
-36.562 45.103 106.5
-33.114 45.079 89.619
-43.592 36.253 109.992
-44.412 38.169 108.875
-44.707 39.038 108.748
-43.813 41.419 108.246
-40.68 42.454 106.974
-39.735 43.334 106.881
-37.986 44.867 107.49
-36.243 45.826 107.499
-43.554 35.765 111.066
-44.513 36.546 110.905
-45.256 38.405 109.224
-44.991 40.147 108.767
-42.236 41.906 107.497
-40.91 43.081 107.524
-38.332 44.962 108.116
-37.325 45.165 107.426
-46.016 37.373 110.942
-46.475 38.461 109.906
-45.659 39.199 109.204
-45.118 41.162 109.092
-42.674 42.856 108.265
-40.307 44.278 109.095
-39.021 44.725 108.474
-37.2 45.737 108.545
-44.289 35.95 111.978
-45.191 36.54 112.04
-46.231 40.069 109.719
-44.659 41.893 109.054
-43.899 42.606 109.118
-41.743 43.639 108.566
-38.177 45.456 109.277
-45.96 36.979 112.041
-47.243 37.986 110.592
-45.324 41.991 110.477
-42.613 43.514 109.283
-41.638 43.896 109.137
-39.095 44.888 109.146
-37.149 46.356 109.911
-36.583 46.636 109.692
-44.71 35.843 113.082
-45.787 36.587 113.026
-46.965 37.39 112.13
-47.107 37.705 111.091
-48.104 38.448 110.662
-47.82 39.271 110.564
-47.317 40.502 111.045
-43.553 43.321 110.34
-41.528 44.001 109.995
-38.997 45.301 110.186
-37.816 46.583 111.019
-36.462 47.513 110.783
-48.008 37.971 111.329
-46.901 41.568 112.096
-42.489 43.813 110.384
-40.696 44.275 110.242
-40.087 44.959 111.014
-36.558 49.289 112.402
-45.316 36.001 114.46
-46.847 36.999 114.041
-48.931 38.912 111.235
-48.802 39.797 111.869
-48.031 40.734 112.188
-45.605 42.849 112.924
-43.829 43.83 112.084
-42.759 44.099 111.378
-40.962 44.353 110.912
-39.014 46.112 111.665
-37.23 47.798 111.903
-35.047 50.131 111.929
-48.068 37.657 112.973
-48.008 37.779 112.083
-49.115 38.449 111.653
-47.799 41.402 113.085
-46.887 42.017 113.031
-41.781 44.338 111.271
-40.256 46.298 112.763
-38.559 47.825 112.836
-35.434 51.299 112.948
-45.342 36.03 115.573
-46.306 36.669 115.612
-48.404 37.747 114.272
-48.828 38.043 112.365
-49.716 39.089 112.33
-48.75 40.622 112.939
-47.067 42.109 113.943
-44.154 44.199 113.414
-42.151 45.439 112.951
-40.965 44.953 111.878
-38.387 49.773 113.747
-37.172 50.902 113.625
-45.514 36.551 116.526
-47.496 37.36 115.457
-48.631 37.821 113.345
-49.882 38.6 113.064
-49.725 40.021 113.37
-48.699 41.176 114.09
-45.904 42.867 114.096
-44.581 43.996 114.587
-43.289 44.967 113.414
-40.291 47.932 113.901
-39.742 48.996 114.111
-36.97 52.555 114.248
-34.264 51.925 112.749
-47.472 37.69 116.889
-48.705 38.042 115.912
-49.167 38.076 113.384
-48.74 37.886 112.939
-50.342 39.261 113.397
-46.255 42.251 115.093
-43.622 45.233 114.29
-42.955 46.006 114.292
-41.381 47.277 114.014
-39.906 50.205 114.552
-38.675 51.447 114.45
-34.759 52.973 113.711
-33.568 52.177 112.666
-44.525 36.379 116.606
-49.839 38.545 114.71
-50.557 39.163 114.216
-50.459 39.75 114.166
-49.813 40.541 114.782
-47.985 41.598 115.148
-43.325 46.683 115.854
-42.539 47.354 114.723
-41.691 49.264 114.925
-38.192 52.541 114.657
-36.498 53.752 114.698
-33.216 52.807 113.18
-44.36 37.233 116.999
-46.378 37.266 117.223
-48.568 38.118 116.778
-49.665 38.595 116.004
-48.992 41.234 114.992
-47.27 41.422 115.797
-44.556 42.888 115.555
-43.3 44.635 116.083
-40.947 51.593 115.282
-39.122 52.469 114.942
-37.962 53.476 115.011
-37.148 53.378 114.671
-35.241 54.562 114.992
-32.273 52.768 113.359
-45.781 37.171 117.207
-46.339 38.01 117.363
-48.769 38.371 117.046
-49.154 38.406 116.606
-50.225 39.084 115.831
-50.608 39.248 115.086
-50.568 39.789 114.985
-49.054 40.928 115.681
-48.115 41.011 116.079
-46.64 41.373 115.879
-45.708 41.322 116.028
-42.871 45.849 116.684
-43.414 49.029 115.777
-42.575 50.63 115.506
-37.039 54.855 115.581
-33.457 53.74 114.248
-31.451 52.748 113.981
-30.066 51.561 113.764
-47.617 38.337 117.531
-48.688 38.819 117.334
-49.546 38.823 116.691
-49.94 40.174 115.825
-47.096 40.479 116.532
-43.825 41.982 116.422
-43.603 43.272 116.014
-42.695 45.493 116.924
-42.626 46.316 117.902
-43.963 49.331 116.893
-43.373 50.26 115.748
-43.321 51.618 116.065
-39.735 53.133 115.447
-35.963 55.485 115.767
-34.109 54.93 115.751
-32.265 53.395 114.243
-30.137 52.354 114.87
-28.947 51.205 114.024
-44.658 38.626 117.039
-47.682 39.155 117.374
-50.478 39.616 115.701
-48.802 40.064 116.754
-45.064 40.518 116.541
-42.858 43.706 116.743
-42.604 44.982 117.045
-43.384 48.115 117.381
-44.385 50.891 116.543
-41.92 52.956 116.128
-40.808 52.854 115.686
-38.991 54.445 115.935
-36.746 55.919 116.318
-35.192 55.501 115.802
-32.632 53.978 115.3
-31.552 53.268 114.953
-43.225 38.557 117.1
-45.869 39.477 116.995
-49.741 39.489 116.602
-46.034 40.301 116.555
-43.412 40.212 117.043
-43.338 48.554 118.569
-43.693 49.076 117.672
-44.648 50.94 117.575
-43.701 53.269 116.813
-40.567 53.79 116.084
-38.126 55.745 116.588
-35.855 56.233 116.547
-34.959 55.968 116.628
-33.068 54.57 116.669
-31.204 53.5 116.849
-27.79 51.845 115.889
-43.9 39.018 116.911
-48.684 39.368 117.419
-49.118 39.46 117.234
-43.127 41.628 116.933
-42.036 42.734 117.942
-42.287 44.563 117.67
-42.773 47.468 119.571
-43.981 49.771 117.98
-45.346 52.702 117.703
-44.611 52.332 116.799
-42.254 54.038 116.772
-40.638 55.395 117.085
-37.009 56.938 117.318
-34.087 55.653 117.737
-29.076 52.65 116.566
-41.905 44.77 118.787
-42.027 46.001 120.05
-43.399 49.048 120.391
-44.218 50.481 118.8
-44.96 51.914 118.633
-44.98 53.61 117.407
-43.389 54.929 117.484
-41.355 53.997 116.485
-38.609 56.619 117.409
-35.475 57.177 117.974
-32.811 54.521 118.351
-29.172 52.885 117.617
-27.546 52.364 117.629
-41.214 40.809 118.352
-42.128 40.175 117.441
-42.633 47.369 120.477
-43.726 49.538 118.9
-45.57 53.258 119.254
-44.373 54.127 117.368
-39.54 56.994 117.939
-38.068 57.826 118.181
-36.604 58.416 118.451
-34.49 56.723 119.136
-32.994 55.223 120.188
-31.913 53.833 119
-30.105 53.184 118.824
-40.761 42.317 118.867
-40.955 43.889 120.23
-42.273 47.061 121.569
-44.329 51.118 120.12
-44.947 52.337 119.767
-45.917 53.871 118.554
-45.757 54.589 118.361
-44.912 54.966 117.909
-42.613 56.578 118.241
-40.851 56.899 118.141
-35.645 58.819 119.319
-35.051 57.679 119.224
-32.517 54.24 119.616
-28.432 52.687 118.481
-40.599 42.787 119.497
-41.181 45.057 121.341
-43.219 48.857 122.37
-45.03 52.79 121.169
-45.998 54.64 119.638
-44.492 56.23 118.35
-39.747 58.117 118.963
-37.426 59.195 119.146
-36.417 59.353 119.059
-34.478 57.39 120.636
-31.441 53.822 120.133
-32.22 53.92 119.742
-28.555 52.714 119.717
-40.377 42.529 119.3
-40.002 42.513 121.151
-40.264 43.602 121.711
-41.061 45.512 122.225
-42.505 48.124 122.992
-43.687 49.811 121.922
-43.885 50.293 121.193
-44.633 51.973 120.682
-45.635 53.847 120.704
-45.507 56.04 118.708
-44.189 57.103 119.021
-41.465 57.36 118.607
-36.335 59.848 119.55
-32.539 55.26 122.045
-31.346 54.252 121.639
-29.91 53.145 119.983
-39.107 41.085 122.901
-39.463 41.417 122.25
-40.29 43.328 121.109
-40.561 44.465 122.084
-41.668 46.807 122.537
-43.395 49.649 123.854
-43.761 49.966 122.938
-44.295 51.258 122.089
-45.143 53.462 122.459
-45.708 54.625 121.276
-45.948 55.732 119.347
-45.146 56.793 118.892
-42.195 57.65 119.247
-38.574 59.112 120.189
-35.788 59.741 119.94
-35.316 59.034 120.22
-33.724 56.21 122.656
-32.309 54.92 121.474
-29.408 53.104 121.081
-37.101 41.766 123.458
-39.784 43.967 122.88
-40.548 45.942 122.969
-41.317 47.389 123.195
-42.712 48.91 123.775
-44.81 52.551 122.471
-44.995 52.985 122.142
-45.74 55.74 120.752
-45.323 56.71 119.649
-43.808 57.314 120.108
-40.41 58.352 119.908
-39.476 58.687 119.643
-37.016 59.943 119.909
-36.303 60.03 120.277
-35.18 58.618 120.842
-35.353 57.888 121.981
-32.309 54.766 123.594
-29.768 53.436 122.373
-28.117 52.585 120.607
-38.392 41.412 123.403
-39.584 42.361 122.553
-41.981 48.434 123.65
-42.305 49.632 124.459
-44.087 50.747 123.671
-44.567 52.125 123.789
-45.081 54.987 122.774
-42.055 57.777 120.386
-37.099 59.843 120.56
-35.683 59.378 120.702
-34.387 56.733 122.735
-33.254 55.428 123.568
-30.799 53.995 123.134
-28.249 52.697 122.371
-27.687 52.443 121.363
-38.209 43.07 123.655
-39.075 42.239 123.311
-38.769 45.259 123.605
-40.074 46.723 123.462
-40.255 48.163 123.894
-43.477 50.538 124.908
-44.074 51.129 124.699
-44.72 53.468 124.305
-45.423 55.901 121.683
-44.861 56.506 121.181
-42.76 57.008 121.705
-40.536 57.923 121.394
-37.731 59.172 121.26
-36.463 59.323 121.261
-34.304 56.153 123.331
-33.201 54.899 124.144
-31.154 53.824 124.14
-29.032 53.097 123.233
-35.151 43.438 123.41
-37.046 42.904 123.808
-42.939 50.965 125.238
-44.343 54.309 124.611
-45.089 55.918 122.085
-38.82 58.779 121.219
-36.211 56.816 123.302
-32.177 53.958 124.539
-29.651 53.115 124.209
-27.809 52.551 123.191
-17.153 13.914 122.827
-36.214 43.039 123.673
-36.64 44.701 123.803
-38.967 46.782 123.752
-40.445 49.903 124.625
-41.813 50.849 125.086
-43.666 51.698 125.426
-44.3 52.461 125.166
-44.175 53.535 125.311
-43.97 55.125 124.005
-44.192 55.949 122.652
-41.642 57.288 121.855
-38.887 58.166 122.117
-37.126 58.315 122.227
-36.306 58.72 121.845
-34.721 55.287 124.23
-33.341 54.153 124.753
-31.087 53.099 124.783
-27.95 52.578 123.872
-14.42 12.644 120.143
-15.602 13.534 122.031
-33.948 43.957 123.17
-37.742 45.262 123.85
-37.686 45.985 123.86
-38.87 47.582 123.847
-38.576 48.995 124.285
-42.307 52.356 125.499
-43.19 54.482 125.134
-42.483 55.959 123.692
-41.544 56.939 122.562
-40.32 57.166 122.892
-36.955 55.868 124.107
-32.583 53.056 125.035
-30.066 52.739 124.811
-28.128 52.353 124.61
-30.713 43.622 122.877
-31.784 43.871 122.877
-32.744 43.724 122.902
-34.986 44.453 123.492
-37.944 47.192 123.892
-38.976 48.122 123.955
-38.947 50.343 124.711
-40.093 51.506 125.04
-43.589 53.03 125.647
-39.042 56.808 123.571
-35.78 54.583 124.62
-34.286 54.384 124.745
-34.11 53.452 124.984
-31.525 52.052 125.192
-30.634 52.537 125.027
-29.203 52.531 124.787
-13.405 11.465 118.839
-13.771 13.099 121.305
-33.028 44.723 123.102
-34.045 44.954 123.31
-34.908 45.428 123.618
-36.709 46.115 123.915
-36.944 47.04 123.971
-38.256 47.96 123.979
-37.522 50.095 124.633
-40.253 53.258 125.16
-42.747 53.682 125.641
-41.124 55.55 124.607
-41.247 56.526 123.526
-40.485 56.66 123.663
-38.885 55.574 124.422
-37.382 55.259 124.429
-33.763 51.448 125.116
-29.879 51.951 125.11
-28.573 51.905 125.05
-12.484 11.552 119.404
-31.249 44.752 123.192
-32.094 44.635 123.047
-35.44 46.038 123.839
-36.086 46.147 123.91
-37.218 48.294 124.168
-37.216 49.311 124.433
-37.996 51.161 124.854
-38.139 52.506 124.95
-41.728 53.778 125.458
-42.005 54.521 125.348
-40.986 56.284 123.999
-38.099 54.247 124.766
-35.873 52.849 124.95
-32.104 51.162 125.289
-12.489 12.707 120.621
-28.636 43.894 123.297
-29.28 44.682 123.691
-30.503 44.829 123.402
-32.08 45.477 123.277
-33.148 45.802 123.337
-34.051 45.738 123.457
-33.967 47.044 123.898
-36.119 47.074 124.012
-36.268 48.078 124.19
-35.987 49.914 124.66
-36.913 50.722 124.784
-40.464 54.631 125.015
-35.43 51.515 124.986
-32.367 50.157 125.077
-30.597 50.632 125.243
-28.77 50.64 125.322
-11.29 13.018 120.152
-30.723 46.222 123.894
-31.525 45.274 123.296
-35.316 47.11 124.011
-36.607 51.517 124.897
-33.575 49.907 124.939
-11.494 10.748 118.664
-10.93 11.487 118.905
-32.108 46.361 123.543
-34.672 48.204 124.307
-35.454 48.319 124.312
-34.558 49.523 124.73
-33.052 48.901 124.607
-31.047 49.156 124.891
-29.677 50.462 125.31
-11.407 10.324 118.062
-28.828 46.562 124.796
-32.789 46.706 123.61
-33.996 48.819 124.553
-32.15 49.087 124.722
-30.16 49.607 125.163
-29.691 50.004 125.265
-29.347 48.577 125.08
-11.006 10.416 117.57
-10.924 10.824 118.3
-10.027 11.145 117.293
-32.045 47.715 124.168
-8.606 11.684 115.16
-30.73 47.942 124.522
1.14 6.116 98.124
-0.252 4.266 99.095
2.459 6.202 97.939
2.051 4.887 98.628
3.104 6.122 97.941
1.178 3.574 99.466
2.841 5.658 98.128
2.12 3.915 99.339
0.494 3.353 99.56
0.667 4.063 102.347
2.025 8.9 111.24
3.583 5.9 98.277
3.157 4.554 99.334
2.047 3.372 100.335
0.519 2.829 100.329
0.816 2.38 101.794
2.428 9.997 104.249
3.179 9.451 109.334
2.982 7.177 112.956
0.537 2.231 101.284
1.629 3.284 102.305
1.977 5.883 102.705
1.479 8.561 102.855
2.628 11.19 105.174
4.094 7.544 109.592
2.994 7.363 111.968
2.543 7.701 114.099
2.132 8.28 114.91
4.505 5.663 99.021
3.252 4.145 100.259
1.122 2.473 101.161
1.824 2.939 101.608
2.931 5.031 103.026
2.553 7.81 103.224
3.279 10.734 105.218
3.187 11.048 105.977
4.113 9.943 106.233
4.542 8.93 108.671
3.359 7.21 111.305
3.661 6.399 112.092
3.56 6.478 114.122
2.152 8.38 115.627
2.058 8.518 117.8
4.644 5.005 100.253
3.426 4.149 101.536
2.364 3.427 102.044
3.02 4.116 102.506
3.564 6.876 103.692
3.923 8.54 104.711
4.774 8.526 106.937
4.141 6.181 111.191
4.064 5.685 112.786
4.06 5.716 113.472
3.106 7.126 114.807
3.155 7.132 115.757
2.325 8.25 116.305
5.15 5.285 103.585
4.395 6.311 104.371
4.829 9.267 108.587
4.84 9.401 107.74
4.61 6.089 110.278
4.482 5.23 112.152
4.445 5.262 114.192
3.925 6.082 114.982
3.135 7.238 116.898
4.97 5.012 101.648
4.583 7.465 105.172
4.911 9.367 106.875
4.792 6.402 109.212
4.919 5.132 111.227
4.986 4.366 113.205
3.181 7.184 117.556
2.295 7.888 119.212
4.42 4.84 102.139
5.12 6.542 107.005
5.452 5.529 109.513
5.182 4.34 112.174
5.044 4.285 114.274
4.68 4.945 114.985
4.195 5.472 115.861
3.807 5.997 116.619
3.785 6.013 117.522
3.333 6.698 118.176
2.761 6.751 119.297
2.078 7.472 120.421
6.116 5.599 106.661
6.032 4.129 111.424
5.573 3.769 112.514
5.573 3.262 114.192
7.574 5.294 103.966
7.132 5.199 105.907
5.951 5.702 108.028
7.01 4.966 108.599
6.117 3.199 113.057
5.171 3.967 114.927
4.779 4.454 115.691
4.288 3.829 117.139
3.838 5.838 118.197
3.55 5.566 118.909
2.412 6.342 120.447
1.696 6.618 121.755
9.136 5.236 103.52
7.453 4.114 111.089
6.455 2.482 114.213
5.364 3.19 115.103
3.981 4.881 118.296
2.704 4.813 120.34
1.247 7.513 122.251
0.811 7.445 123.281
8.776 4.982 105.547
7.968 4.97 106.933
8.285 4.749 109.54
7.018 3.343 112.434
7.374 2.74 113.562
5.651 2.315 115.27
5.035 3.702 115.703
3.679 3.517 118.87
3.638 4.447 119.227
10.465 5.19 103.263
10.688 4.916 104.615
8.813 4.875 107.524
8.412 4.483 111.154
8.51 3.56 112.783
7.826 2.211 115.187
6.469 2.115 114.953
5.037 2.832 116.051
3.247 1.609 118.809
3.343 3.805 119.643
1.626 4.666 122.17
1.091 5.731 123.858
0.393 7.062 124.697
-0.14 7.555 125.697
9.964 4.805 106.178
9.334 5.104 108.562
9.058 5.072 109.995
8.642 2.762 114.044
6.242 1.696 115.994
4.547 1.047 117.546
4.038 2.162 117.832
2.785 2.936 119.988
1.748 3.037 121.435
-0.221 7.391 126.737
11.211 4.889 105.899
10.239 5.072 107.236
9.224 5.136 112.027
9.562 2.721 114.828
1.851 1.563 120.574
1.407 3.743 122.418
1.32 4.424 123.107
0.445 6.571 125.576
12.251 4.954 103.834
12.277 4.854 104.798
10.309 6.068 108.667
10.335 3.811 113.611
9.935 3.105 114.119
10.139 2.732 115.974
7.108 0.804 117.784
3.5 0.585 118.404
1.911 0.127 119.914
1.413 3.059 122.397
1.413 4.329 124.114
1.135 5.401 125.363
0.603 6.312 126.783
0.053 7.064 127.778
14.382 4.957 103.027
13.178 5.019 103.157
12.446 5.079 105.637
11.69 5.525 106.811
10.93 4.527 113.922
10.92 3.031 115.104
8.74 2.141 116.486
4.739 -1.309 118.164
2.991 -0.702 118.744
1.366 0.595 120.815
1.441 1.963 121.386
1.393 2.227 122.017
1.363 3.667 123.014
1.193 5.178 124.45
15.419 5.507 102.025
13.235 4.899 103.908
13.85 5 104.621
12.711 7.116 107.622
10.149 5.159 113.777
11.68 3.828 114.46
11.134 3.339 114.466
11.869 3.291 116.175
9.809 2.528 117.333
6.293 -1.77 118.179
4.346 -0.36 118.104
1.694 -1.523 119.727
1.302 -0.331 120.663
1.324 1.343 121.427
1.603 2.714 123.187
1.495 5.34 126.899
0.959 6.224 127.871
0.518 6.89 128.408
16.244 4.522 103.168
13.352 5.747 106.019
11.478 7.301 108.146
8.992 5.665 113.441
11.362 5.236 115.166
12.006 4.373 114.727
11.997 3.446 115.212
11.462 3.167 117.047
9.152 2.581 118.859
7.287 -1.754 118.634
5.604 -3.246 118.118
3.956 -0.633 118.31
2.259 -2.709 118.797
1.246 0.543 121.444
1.47 1.462 122.313
1.953 3.054 124.397
1.848 4.274 125.669
0.861 7.443 128.785
18.07 6.638 102.126
16.565 5.933 102.072
17.263 4.994 102.8
16.01 4.631 104.027
15.26 5.55 105.121
14.469 6.824 106.538
12.16 8.836 108.571
10.632 7.823 108.487
8.651 5.509 112.624
10.042 5.516 114.374
12.513 3.975 115.192
12.725 3.826 116.106
12.877 4.126 117.633
11.66 3.453 118.169
7.558 1.571 119.268
7.15 -0.416 119.237
6.955 -3.115 118.268
4.449 -2.916 118.174
3.653 -1.419 118.481
3.483 -2.538 118.379
1.693 -2.631 119.337
1.322 -1.257 120.727
1.269 -0.296 121.4
2.256 1.417 123.832
1.926 2.407 123.75
2.423 4.388 127.143
2.188 5.562 128.176
1.255 6.472 128.504
17.763 4.046 103.55
17.017 4.124 103.727
14.766 8.479 107.992
13.979 9.086 108.874
8.201 6.164 112.345
9.689 6.265 115.115
12.498 4.499 115.288
11.271 3.831 119.055
8.067 2.21 119.519
7.024 0.659 119.068
7.753 -1.747 119.532
7.952 -3.22 118.611
4.363 -3.959 118.159
3.048 -3.681 118.348
1.915 -3.268 119.08
1.762 -2.703 120.049
1.501 0.555 122.19
2.695 3.093 126.048
2.056 6.578 128.681
1.834 8.033 128.847
19.242 4.45 103.344
18.479 4.178 104.563
16.992 5.282 104.748
15.858 6.618 105.739
15.525 7.977 106.906
13.48 9.954 109.46
11.068 9.025 108.495
7.908 6.801 113.678
10.754 5.843 115.531
12.669 4.783 115.951
12.894 4.264 115.803
13.062 4.575 116.778
13.075 4.404 118.779
12.535 4.173 118.919
9.772 3.534 119.866
7.968 2.173 120.604
7.211 0.562 119.971
7.575 -0.838 120.383
8.101 -2.571 119.059
7.636 -4.012 118.346
6.77 -4.239 118.155
5.8 -4.564 118.068
2.456 -3.787 118.625
1.631 -1.631 121.307
1.329 -0.901 121.375
1.718 -0.369 122.219
3.128 3.68 127.445
3.336 4.474 128.291
2.085 7.277 128.79
19.713 6.902 102.335
18.321 5.266 102.873
19.306 3.448 104.057
16.329 5.734 105.017
16.209 9.582 107.569
16.652 10.566 110.158
14.656 10.283 110.023
12.613 10.675 109.807
9.991 9.201 108.644
7.288 7.509 112.205
8.14 8.049 115.127
11.16 6.314 116.324
12.623 5.692 116.968
13.62 5.635 118.302
14.227 6.028 119.717
12.276 4.712 119.552
11.056 4.658 120.135
8.277 -1.939 120.352
8.483 -2.548 119.649
8.85 -3.376 119.25
8.447 -4.215 118.809
5.224 -4.991 118.297
3.623 -4.548 118.585
2.477 -3.978 119.218
2.371 -2.812 121.302
2.552 -0.123 123.433
3.754 1.823 126.476
3.54 2.958 127.311
3.183 5.321 128.596
3.187 6.084 128.692
2.932 6.992 128.704
2.736 7.678 128.721
21.37 8.051 101.906
18.931 6.34 102.576
19.179 5.776 102.818
20.933 3.444 104.107
18.705 6.578 105.785
16.977 6.284 105.294
16.727 8.263 106.26
16.007 8.559 107.054
14.176 10.777 110.441
13.478 10.967 110.383
8.488 7.71 110.002
7.088 8.604 113.377
10.094 7.85 116.961
13.214 5.241 119.789
7.528 0.353 121.263
8.567 -1.234 122.014
7.553 -4.887 118.563
6.619 -4.96 118.194
6.078 -5.117 118.165
2.629 -3.919 120.21
2.384 -1.497 122.431
2.683 0.548 123.94
3.432 0.373 124.813
3.796 3.492 128.139
4.251 5.353 128.902
3.633 7.683 128.623
22.754 9.157 101.273
21.221 5.856 102.976
21.013 4.408 103.512
20.988 2.84 104.847
19.788 3.202 104.672
20.516 5.062 106.256
16.176 8.725 107.067
17.821 10.866 108.438
6.556 9.768 111.222
12.414 7.914 117.923
13.363 6.517 118.2
14.173 6.267 119.288
14.164 6.812 121.732
12.325 5.882 121.161
9.217 -2.839 120.532
9.232 -4.276 119.353
8.643 -5.234 119.697
6.497 -5.372 118.625
5.18 -5.349 119.134
3.646 -4.818 119.667
3.415 -4.013 121.284
3.578 -2.691 122.845
3.451 -1.102 123.878
4.822 0.614 126.792
4.465 2.625 128.2
4.807 3.736 129.065
3.845 6.843 128.689
22.448 8.122 102.085
22.003 7.413 102.444
22.336 4.224 103.846
23.452 2.585 105.552
21.315 3.311 105.918
20.344 6.293 106.555
18.89 10.58 109.69
8.454 10.089 108.495
6.754 9.963 109.135
11.062 7.729 117.842
14.599 7.596 119.301
14.371 6.545 119.608
16.134 7.629 122.024
10.78 5.435 121.335
7.877 0.529 122.672
9.451 -2.44 121.823
9.664 -3.85 119.862
7.513 -5.457 119.078
3.247 -4.516 120.323
4.816 -0.641 125.681
5.204 1.499 128.183
5.531 4.869 129.39
4.068 6.19 128.798
4.74 7.467 128.678
24.058 9.846 101.045
23.658 8.999 101.481
23.064 8.072 102.103
22.629 7.137 102.604
21.539 4.743 103.426
22.211 2.532 105.632
22.875 4.886 108.514
21.577 6.288 107.67
20.452 7.84 107.6
16.34 9.784 106.412
19.505 9.935 108.432
19.636 10.282 110.63
10.952 8.371 117.96
14.734 6.919 119.83
15.999 7.879 120.341
15.064 7.447 122.389
13.349 6.744 123.12
11.207 6.056 122.36
9.283 3.986 121.668
7.574 1.467 122.109
8.712 0.314 124.178
10.053 -2.095 123.383
10.058 -3.169 121.974
9.963 -3.691 120.702
9.674 -4.674 120.021
7.018 -5.766 119.911
5.397 -5.486 120.692
3.969 -4.847 120.598
4.459 -3.938 122.577
4.567 -1.936 124.468
5.505 -0.025 127.015
6.175 0.322 128.317
6.075 2.18 129.593
5.876 3.986 129.681
5.736 6.325 129.146
4.622 6.112 128.901
4.576 6.604 128.803
25.402 43.651 89.452
24.809 11.052 100.609
23.601 8.279 101.962
22.985 5.731 103.211
23.634 3.5 104.515
23.363 2.441 106.705
23.04 3.228 107.426
16.924 10.08 105.776
17.898 10.611 106.59
19.932 10.21 109.74
18.505 11.073 111.791
8.16 11.192 108.125
6.912 11.159 108.399
18.912 8.408 121.155
15.337 7.252 123.923
14.212 7.082 123.351
12.085 6.184 123.626
10.038 5.531 122.97
8.436 2.314 123.889
9.622 -1.001 124.161
10.041 -4.296 120.511
9.516 -5.226 120.378
8.37 -5.981 121.17
4.762 -4.854 121.614
5.398 -3.223 124.28
6.035 -0.687 127.031
6.166 1.186 129.185
5.924 3.223 129.766
6.953 4.849 129.905
6.016 5.299 129.479
5.774 7.724 128.811
25.673 12.106 100.69
25.131 10.09 101.482
24.292 8.503 102.061
23.594 7.025 102.688
23.842 4.483 103.995
24.828 3.395 105.089
23.965 2.071 106.527
24.4 3.193 108.907
22.734 6.452 108.896
22.101 7.756 109.413
16.389 10.451 105.961
19.153 8.774 106.782
20.707 9.32 109.498
20.472 10.198 111.958
6.401 10.563 108.458
18.594 8.109 122.861
17.571 7.694 124.534
14.317 6.433 125.279
13.106 6.447 124.604
10.822 5.883 123.947
7.681 2.192 122.153
8.627 1.406 124.828
9.887 -0.113 125.176
10.329 -1.422 124.563
10.507 -2.862 123.287
10.229 -4.143 121.677
9.862 -5.008 121.189
9.254 -5.596 120.93
7.203 -6.038 121.609
5.631 -4.671 122.975
5.928 -1.952 125.843
7.436 0.616 130.147
6.83 2.909 130.159
6.735 3.612 130.079
27.076 44.307 88.741
25.915 42.078 89.326
26.767 35.872 89.625
25.697 11.027 101.313
25.214 9.093 102.306
24.217 7.513 102.617
24.016 5.693 103.436
25.702 2.713 106.389
24.749 2.175 107.487
24.524 4.687 111.055
23.288 6.426 109.802
18.163 8.686 106.111
21.369 9.228 110.819
19.655 11.045 113.044
19.705 9.114 119.957
20.244 8.03 122.4
16.597 6.962 125.951
12.443 5.908 125.059
11.189 4.499 125.688
10.111 5.816 124.28
9.203 4.45 123.842
8.06 2.732 122.03
8.668 1.856 124.909
8.929 0.983 125.092
9.558 0.677 125.383
10.751 -0.729 125.368
10.967 -1.501 124.93
11.138 -2.27 124.529
10.745 -3.483 123.544
9.279 -5.627 122.395
8.321 -6.041 122.536
6.245 -5.544 122.236
5.456 -5.363 121.577
5.507 -5.185 122.057
6.386 -4.231 124.364
6.075 -2.82 125.328
6.527 -1.299 127.027
6.915 -0.86 128.054
7.196 -0.236 129.243
7.439 1.613 130.48
7.393 2.369 130.427
8.666 3.454 130.759
7.445 6.268 129.744
6.377 7.574 129.016
27.089 45.603 88.576
27.359 37.865 89.121
27.09 37.205 89.247
26.289 13.244 100.748
26.178 11.712 101.318
25.863 10.176 102.087
25.358 9.721 101.907
25.332 7.369 103.528
24.436 6.461 103.262
25.19 4.971 104.495
25.52 3.021 105.686
25.084 2.103 106.818
25.402 3.639 111.113
23.752 6.444 111.562
23.022 7.025 109.629
16.375 10.79 106.603
17.539 9.381 106.005
22.013 9.113 112.227
21.162 10.113 113.205
21.328 8.195 120.156
21.169 7.872 121.406
20.181 7.613 124.182
17.801 6.987 126.456
15.552 5.942 126.561
13.223 5.566 125.882
10.502 5.622 124.882
9.653 5.401 124.299
9.706 2.045 125.649
11.242 0.776 126.267
10.17 -4.723 123.069
7.591 -5.758 123.171
6.827 -5.112 123.721
6.943 -3.178 125.907
6.96 -1.82 127.132
7.699 -0.335 129.881
8.265 1.153 130.907
8.298 4.592 130.436
8.815 5.638 130.433
7.312 7.406 129.428
28.265 45.843 88.137
27.532 42.941 88.697
26.376 41.352 89.213
28.31 38.063 88.913
28.446 36.374 89.231
28.345 34.882 89.922
28.211 31.843 92.81
26.597 14.734 100.532
26.724 12.544 101.444
26.547 11.407 101.908
25.656 8.408 103.232
25.309 3.837 105.021
26.032 3.689 105.719
26.131 2.36 107.986
26.153 2.761 110.136
25.424 4.526 112.76
24.683 5.742 113.151
23.144 7.333 110.615
22.49 8.294 111.062
20.196 10.972 114.116
20.754 9.116 119.257
21.774 7.365 122.491
18.954 7.298 125.886
17.209 5.7 127.502
14.822 5.964 126.432
14.694 4.858 126.887
10.117 5.415 125.015
9.736 4.846 124.967
9.4 3.88 124.963
8.987 2.43 125.186
12.46 -0.606 126.227
11.937 -2.524 125.593
10.982 -3.938 125.146
8.909 -5.314 124.194
7.178 -4.455 124.876
7.744 -1.092 129.083
8.54 -0.663 130.373
8.518 0.736 131.018
8.488 1.925 130.947
8.909 4.585 130.661
8.528 6.991 130.022
10.848 8.211 130.739
28.37 47.37 87.843
28.264 44.798 88.268
28.4 43.99 88.292
27.37 41.347 88.9
27.472 40.007 89.04
27.862 39.258 88.98
27.904 33.866 90.57
27.715 33.103 91.227
27.934 32.502 91.942
28.817 31.152 93.858
27.576 29.382 95.789
27.107 13.744 101.305
27.19 10.727 103.042
26.094 9.463 102.911
25.817 8.84 103.115
26.744 8.665 104.185
27.008 3.463 106.794
27.419 3.309 107.758
26.17 3.514 112.442
23.686 7.401 114.156
23.173 7.805 112.25
22.063 9.353 113.13
21.088 10.379 114.25
20.36 10.835 114.97
20.654 9.63 118.418
22.13 8.371 118.513
22.594 7.113 121.018
22.032 6.923 123.777
20.308 6.856 126.102
19.06 6.005 127.355
14.644 5.931 126.349
13.259 4.21 126.772
9.388 3.032 125.329
11.68 2.218 126.818
13.099 1.517 127.032
10.207 -4.738 124.239
9.709 -5.167 123.773
7.862 -5.014 124.61
7.918 -4.153 125.794
7.781 -2.162 127.899
7.391 -1.476 128.075
8.806 0.256 131.038
9.682 1.08 131.446
9.762 2.169 131.345
9.938 4.802 131.003
10.019 7.045 130.669
11.717 8.694 130.862
28.375 48.631 87.544
29.513 45.075 87.821
29.104 42.879 88.108
28.848 39.75 88.599
30.295 37.278 88.645
29.905 35.621 89.529
28.741 34.072 90.467
28.806 32.459 92.261
28.742 30.135 95.279
28.38 14.928 101.978
27.663 13.485 101.93
27.563 12.406 102.37
26.328 7.305 104.652
26.818 6.177 105.464
26.541 4.789 105.64
28.314 4.84 106.985
27.538 2.927 109.451
27.06 2.915 112.368
26.075 4.297 114.209
25.376 5.187 114.049
24.926 5.915 114.751
23.64 7.234 112.699
22.713 8.66 113.312
21.988 9.558 114.001
19.894 10.272 117.763
19.87 10.182 118.438
22.844 7.269 119.699
23.217 6.238 122.483
21.445 6.88 125.067
18.284 4.72 128.255
16.212 4.172 127.766
15.486 5.034 127.309
13.897 2.987 127.212
12.675 2.895 127.015
11.231 2.953 126.538
12.368 1.804 127.009
15.053 1.491 127.399
13.507 -1.418 126.878
12.623 -2.858 127.019
10.075 -4.673 125.133
8.809 -4.428 125.907
8.926 -3.348 127.766
8.679 -1.963 129.308
10.005 -0.324 131.431
11.298 2.727 131.655
11.13 4.067 131.467
10.48 5.932 131.055
11.216 7.286 131.078
11.959 7.837 131.108
12.966 8.813 130.991
29.903 48.239 87.15
29.369 46.852 87.625
29.472 46.113 87.718
29.261 43.962 87.983
29.261 41.28 88.21
28.196 40.502 88.769
28.08 39.898 88.904
29.988 38.911 88.308
29.927 34.173 90.681
28.852 33.287 91.305
29.232 31.983 92.945
30.531 30.816 94.896
28.656 29.182 96.696
27.725 28.713 96.718
27.662 27.694 97.774
26.529 26.582 98.225
27.288 16.279 100.624
28.023 15.99 101.309
28.658 12.293 103.396
26.996 7.423 105.339
27.576 3.714 107.175
28.467 3.577 109.064
27.828 2.882 111.307
26.946 3.294 113.898
24.516 6.38 116.072
21.143 10.217 115.118
21.157 9.941 116.271
21.515 9.374 117.356
23.465 6.983 118.633
23.949 5.995 120.211
22.735 5.948 124.717
21.439 6.166 126.197
20.507 5.947 127.028
19.177 4.839 128.115
17.343 4.29 128.312
11.88 3.13 126.816
13.93 -0.244 126.985
11.134 -3.845 127.47
9.701 -4.488 125.984
9.714 -1.674 130.626
10.562 1.877 131.642
11.507 5.354 131.449
11.059 6.615 131.167
29.449 50.747 86.653
29.084 49.416 87.068
30.74 46.669 87.266
30.278 44.01 87.637
30.451 42.339 87.609
30.273 40.397 87.944
31.062 38.563 88.033
31.282 36.234 89.072
31.582 35.061 90.145
29.726 32.609 92.313
30.389 31.864 93.306
29.709 30.064 95.973
27.201 25.061 99.059
27.393 17.218 100.362
29.479 16.731 102.139
28.661 13.859 102.672
29.05 10.478 104.62
27.62 8.067 105.655
29.799 3.551 110.545
28.03 2.742 112.732
27.959 2.703 113.773
26.819 3.804 115.846
25.613 5.104 114.876
25.5 5.299 115.743
23.68 7.34 116.223
22.789 8.735 114.291
22.156 9.39 115.099
22.5 8.589 117.061
23.157 7.733 117.332
24.448 4.999 121.919
23.795 5.308 123.726
20.321 4.573 127.643
19.031 3.999 128.277
18.064 3.422 128.394
17.191 3.533 128.339
14.581 -0.237 127.243
13.913 -1.983 127.432
13.113 -3.011 128.535
9.731 -3.975 127.122
9.583 -2.688 129.577
11.069 -1.347 131.664
11.413 0.58 131.92
11.272 1.66 131.817
12.528 3.735 131.824
12.505 4.684 131.746
11.327 6.112 131.334
12.067 6.575 131.388
12.848 7.446 131.28
14.529 10.246 130.972
29.258 52.246 87.246
29.289 51.739 86.77
30.725 49.906 86.53
30.615 45.547 87.456
30.574 43.167 87.537
30.642 41.497 87.616
31.281 39.717 87.714
31.914 38.044 87.917
31.905 37.05 88.417
31.398 33.893 91.268
30.047 33.224 91.667
31.637 31.537 93.758
30.492 30.389 95.871
30.043 29.81 97.044
27.956 20.739 99.83
28.269 19.515 100.285
28.102 18.188 100.568
28.446 17.306 101.175
29.273 15.702 102.392
28.954 14.737 102.548
29.762 13.551 103.62
29.934 12.218 104.258
28.353 8.886 105.546
28.055 7.319 106.186
28.378 6.274 106.549
28.929 4.18 108.474
29.258 4.005 109.35
29.326 2.759 112.522
27.898 2.859 114.906
26.061 4.604 115.316
25.175 5.593 116.645
23.971 6.762 117.385
23.077 8.173 115.995
22.887 8.595 115.098
22.299 9.068 116.115
24.48 5.908 118.455
25.04 4.699 120.328
23.455 5.451 124.548
21.986 4.971 126.558
21.139 5.508 126.994
17.348 2.519 128.08
15.362 0.132 127.469
15.001 -0.885 127.554
13.786 -2.445 127.948
12.553 -3.485 129.669
10.158 -3.683 128.34
10.067 -3.364 129.151
10.719 -2.771 130.609
11.015 -0.352 131.906
13.186 2.14 131.948
12.879 3.043 131.925
12.671 5.609 131.647
13.514 7.648 131.258
14.519 7.964 131.245
30.59 52.474 89.9
30.287 52.671 88.834
30.106 52.6 87.915
30.392 51.683 86.537
31.085 48.841 86.687
31.213 48.089 86.849
31.566 45.657 87.22
30.68 44.929 87.488
31.5 43.785 87.272
31.583 43.013 87.236
31.585 42.175 87.249
31.676 41.103 87.343
32.038 39.087 87.586
33.191 36.219 88.846
32.586 34.063 91.334
30.976 33.201 91.84
30.613 32.66 92.394
31.527 32.303 92.82
32.454 31.113 94.554
30.796 30.611 95.551
29.047 28.518 98.177
28.614 26.977 99.266
28.489 24.001 100.283
28.709 21.929 100.486
29.427 17.864 101.709
30.033 15.378 103.056
30.413 11.331 104.791
29.419 9.31 105.655
28.267 8.151 106.127
29.145 6.201 106.862
30.203 4.744 108.54
30.277 4.339 109.532
31.509 2.668 112.505
28.981 2.496 113.669
29.59 2.177 115.248
28.309 2.751 116.012
26.111 4.592 115.841
25.859 4.83 116.494
24.662 6.03 117.265
24.828 5.226 119.378
25.469 3.88 121.542
24.73 4.148 123.754
23.57 4.739 125.189
19.317 2.71 128.066
16.824 1.368 127.814
16.755 0.371 127.872
14.694 -1.723 127.991
14.607 -2.001 128.9
13.917 -2.571 129.889
11.278 -3.609 129.722
9.731 -3.527 128.457
11.74 -2.517 131.602
11.687 -0.34 132.036
13.536 3.725 131.926
13.409 4.489 131.856
13.305 5.25 131.764
13.632 6.467 131.506
15.833 9.747 131.182
30.63 52.251 90.662
30.249 52.317 87.053
30.515 51.007 86.358
32.254 48.964 86.496
31.74 47.613 86.856
31.888 46.565 87.045
31.522 44.616 87.282
32.812 40.209 87.154
33.309 38.929 87.188
33.198 37.538 87.772
33.455 34.97 90.355
32.378 32.928 92.25
32.771 31.824 93.312
31.196 30.61 95.889
30.027 29.182 99.175
28.513 25.625 99.921
28.711 20.668 100.44
29.131 18.691 101.233
30.261 18.482 102.129
30.494 16.944 102.763
30.609 14.156 103.922
31.041 13.043 104.532
30.843 12.057 104.727
30.754 10.15 105.373
29.965 9.753 105.431
29.027 8.281 106.215
29.294 7.201 106.617
30.145 6.677 106.918
31.345 5.719 107.924
30.798 4.276 110.026
31.813 3.416 111.29
30.742 2.138 113.962
27.799 3.079 117.199
25.261 5.326 117.49
25.334 4.984 118.463
25.439 4.589 119.321
26.112 3.777 119.864
22.601 3.467 127.109
21.496 3.832 127.409
20.722 3.255 127.757
18.208 2.767 128.261
18.16 1.437 127.971
16.075 -0.806 128.496
13.286 -3.095 130.705
12.448 -3.525 130.856
11.745 -3.319 131.035
11.959 -1.652 131.98
12.03 -0.859 132.062
13.079 0.167 131.962
13.643 3.094 131.988
15.944 8.146 131.233
31.356 51.935 90.895
30.984 52.638 88.691
31.09 52.618 87.764
31.467 52.262 87.074
31.584 51.235 86.42
31.794 50.249 86.319
31.757 47.019 86.986
32.685 46.357 86.95
32.556 43.781 87.065
32.777 42.921 87.031
32.436 42.004 87.063
32.849 41.397 87.036
34.609 36.87 87.644
35.121 35.336 89.351
33.74 34.096 91.372
33.467 33.318 92.016
34.134 31.414 93.852
32.486 31.01 95.925
31.305 30.712 97.788
29.337 28.101 99.378
28.972 26.412 100.145
29.294 25.688 100.91
29.255 23.307 101.113
29.748 20.475 101.411
30.572 17.574 102.583
31.661 17.839 103.309
31.865 14.59 104.483
31.453 11.324 105.179
30.349 8.553 106.154
32.007 4.234 109.968
31.068 4.436 109.883
33.145 2.938 111.534
32.787 1.733 113.759
29.252 2.307 117.063
26.787 3.785 117.473
26.046 4.49 117.383
26.486 3.01 121.145
25.919 3.156 122.737
24.284 4.249 124.965
24.405 3.642 125.817
20.69 2.632 127.865
14.761 -1.892 129.716
14.204 -1.801 130.94
12.485 -3.035 131.572
12.544 -2.11 131.916
15.737 2.066 131.531
14.228 3.079 131.993
14.265 3.708 131.932
14.215 4.559 131.82
13.967 5.302 131.734
14.424 6.773 131.43
15.007 5.987 131.545
16.691 9.514 131.224
31.815 52.403 89.575
32.515 50.581 86.295
32.375 47.321 86.816
32.604 45.256 87.066
32.358 44.396 87.106
34.074 41.279 86.921
33.531 39.76 86.943
34.624 38.056 87.041
34.697 36.171 88.376
34.625 34.469 90.761
34.241 32.304 92.747
33.83 31.25 94.889
29.535 24.484 101.449
29.78 22.343 101.544
31.674 15.869 103.935
31.377 12.165 104.93
32.132 10.083 105.82
31.742 7.525 106.872
33.129 5.233 108.734
32.409 3.554 111.1
33.036 2.195 112.789
32.453 1.276 115.536
31.047 1.599 117.076
28.36 2.68 118.412
27.082 3.4 118.541
26.108 4.196 118.511
27.556 2.839 119.814
25.452 3.3 124.38
23.721 2.906 127.666
21.398 2.977 127.647
21.038 2.122 128.013
19.464 1.612 128.022
19.249 0.855 128.238
17.969 0.086 128.564
15.625 -0.997 129.819
14.677 -1.849 130.151
13.15 -2.995 131.33
12.568 -1.159 132.063
14.864 -0.027 131.315
15.021 3.064 131.909
16.727 7.096 131.275
16.846 8.603 131.179
31.193 50.111 93.279
31.254 51.208 91.961
33.402 51.985 90.441
31.8 52.639 88.534
31.837 52.636 87.85
32.755 51.973 86.914
33.274 50.063 86.284
33.488 47.564 86.648
33.788 46.051 86.873
33.319 44.711 86.996
33.558 43.922 86.985
33.409 42.197 86.958
33.962 40.234 86.873
34.125 39.654 86.845
34.572 39.146 86.827
35.253 37.322 87.055
35.789 35.951 88.079
35.906 34.072 90.7
34.731 33.444 91.727
35.966 31.584 93.521
35.385 31.437 94.5
33.469 31.374 95.712
32.144 31.045 96.757
30.176 25.44 102.115
30.16 23.728 102.061
30.514 21.7 102.093
31.106 19.729 102.504
32.987 16.154 104.617
32.1 15.491 104.327
32.034 13.278 104.981
32.13 12.279 105.264
32.459 11.153 105.666
31.673 8.997 106.108
33.292 6.509 107.773
33.84 4.349 109.506
34.455 1.683 112.594
34.099 1.057 114.325
29.978 2.007 118.421
27.387 2.579 121.009
26.758 2.646 122.075
26.373 2.915 123.823
24.905 3.137 127.022
22.577 2.582 127.953
17.235 -0.107 129.245
13.17 -2.387 131.669
13.39 -1.251 131.784
17.304 0.863 130.29
16.414 3.905 131.672
14.922 3.705 131.921
14.806 4.432 131.813
16.18 5.124 131.604
17.488 9.715 131.272
32.659 50.983 91.823
32.638 52.482 89.127
32.461 52.518 87.72
32.581 51.338 86.419
33.498 51.167 86.445
33.798 49.1 86.334
34.308 43.22 86.96
34.183 42.244 86.939
35.375 40.387 86.852
35.659 39.01 86.828
36.287 37.813 86.957
35.847 36.697 87.258
36.246 35.343 88.741
36.506 34.76 89.513
36.514 32.542 92.246
34.622 32.114 95.82
32.725 31.68 97.05
31.699 31.725 98.618
30.279 24.679 102.279
30.737 22.771 102.427
30.935 20.91 102.329
32.048 19.771 103.213
34.052 18.461 104.717
33.162 13.39 105.539
33.357 10.364 106.378
33.264 8.518 106.863
34.692 5.213 108.643
33.38 4.062 109.958
33.937 3.594 110.217
35.449 2.318 110.567
33.88 0.801 115.36
32.613 1.157 117.738
31.426 1.475 118.156
28.637 2.472 119.258
28.892 2.553 120.163
25.469 3.189 125.641
24.678 2.862 128.502
22.664 2.138 128.707
19.197 0.443 128.72
18.497 0.448 129.225
15.53 -0.439 130.672
18.112 2.549 130.933
18.066 3.869 131.299
15.602 3.948 131.847
15.351 4.538 131.779
17.984 5.937 131.273
17.508 8.549 131.16
31.32 48.54 94.671
33.929 51.186 91.476
33.557 52.467 89.353
32.344 52.641 88.348
33.51 52.487 87.795
34.179 50.265 86.253
34.836 48.221 86.413
34.319 47.09 86.683
34.675 44.922 86.905
35.081 42.341 86.948
35.192 41.455 86.911
36.601 35.977 87.619
37.151 35.197 88.678
37.598 33.73 90.791
36.636 31.787 93.083
36.421 31.396 94.257
36.217 32.077 95.17
30.955 25.171 102.857
30.951 24.52 102.808
31.312 23.835 102.981
31.639 21.869 102.987
31.678 20.652 102.892
33.037 19.601 103.939
34.878 16.484 105.541
33.613 14.838 105.372
33.395 11.88 106.012
35.298 6.783 108.075
35.29 3.774 109.396
36.476 1.226 111.243
35.699 1.118 113.209
34.54 0.891 115.123
33.727 0.911 116.344
31.288 1.716 119.031
29.381 2.216 119.436
28.453 2.515 119.769
27.638 2.778 121.722
25.822 3.573 126.538
20.879 1.343 128.566
20.08 0.841 128.738
19.285 2.19 130.283
17.916 7.715 131.139
18.101 9.497 131.258
31.858 49.192 93.708
32.881 50.063 92.701
34.433 50.176 92.397
35.088 51.545 91.328
34.767 52.624 89.925
33.061 52.584 88.518
34.409 52.133 87.046
34.789 51.311 86.473
34.617 49.459 86.223
35 46.628 86.694
36.514 43.964 86.897
36.362 42.172 86.99
37.654 40.06 87.155
36.856 36.6 87.249
37.501 31.738 93.421
37.011 31.47 94.026
36.357 31.514 94.608
36.272 33.702 96.502
33.953 33.192 97.504
31.637 23.017 103.133
32.666 20.892 103.68
33.98 19.834 104.561
35.192 18.021 105.459
34.265 15.706 105.444
34.4 14.095 106.004
34.755 11.236 106.886
34.091 9.477 107.047
34.888 8.488 107.595
35.802 5.404 108.488
35.82 4.581 108.756
36.535 1.485 110.398
33.586 1.297 117.616
29.309 4.184 120.502
27.048 3.261 122.899
26.435 3.381 124.369
25.635 3.734 129.127
23.963 2.625 129.665
19.665 0.891 129.169
18.873 1.049 129.63
18.832 1.493 129.953
20.163 3.56 130.826
20.046 5.444 130.976
19.466 8.426 131.02
18.294 8.762 131.137
18.767 9.646 131.269
33.144 48.864 93.625
34.842 52.2 90.615
34.252 52.739 88.795
34.593 52.743 87.976
35.046 50.283 86.21
35.244 49.415 86.201
35.97 45.926 86.702
36.933 41.245 86.976
37.55 38.194 87.159
37.31 37.262 87.176
37.358 35.902 87.787
38.428 34.725 89.828
37.569 32.798 91.773
38.48 32.48 92.436
37.287 31.841 94.635
37.189 32.736 95.431
34.977 33.195 96.609
34.254 34.979 100.206
32.434 25.147 103.801
32.497 23.736 103.763
32.446 22.796 103.67
33.701 20.606 104.422
34.544 19.829 105.009
34.824 18.657 105.135
34.756 15.814 105.665
34.749 12.966 106.435
34.115 10.28 106.872
36.019 7.871 108.137
36.534 5.809 108.453
36.664 3.858 108.818
36.425 2.811 109.386
37.237 1.655 109.687
37.106 1.174 110.326
37.609 0.906 111.423
34.873 1.398 114.994
34.199 1.307 116.384
33.031 1.325 118.566
32.592 1.194 118.735
30.719 2.715 119.643
27.874 3.291 121.676
26.416 4.873 124.062
25.935 4.726 128.238
25.049 2.984 129.528
22.675 2.112 129.476
21.175 1.647 129.307
19.804 1.71 129.744
20.788 2.495 130.147
19.38 6.589 131.008
19.503 10.687 131.316
32.753 47.893 94.409
35.868 50.576 92.116
36.109 52.694 90.787
35.336 53.121 89.413
35.66 53.02 87.718
34.989 51.896 86.712
35.603 51.018 86.343
35.944 49.025 86.225
36.212 47.626 86.399
37.286 46.428 86.476
38.254 42.696 87.051
38.455 38.699 87.594
37.943 36.676 87.762
38.191 35.686 88.609
39.696 33.894 91.983
38.865 31.901 93.482
37.644 31.589 94.115
37.429 33.394 95.844
35.08 33.95 97.294
33.576 33.851 98.65
33.655 34.236 99.218
33.981 27.935 105.033
32.26 26.288 103.856
32.963 22.106 103.995
33.673 21.551 104.509
34.347 20.486 104.887
35.245 19.29 105.671
34.859 10.007 107.314
34.894 9.279 107.497
36.191 9.229 107.958
36.541 7.163 108.375
36.659 6.522 108.43
36.601 4.893 108.588
38.191 0.893 110.246
35.652 1.675 113.747
33.689 2.165 117.596
33.266 1.915 118.402
32.52 1.396 118.991
31.563 3.909 119.55
27.672 4.24 121.866
25.91 4.849 126.649
25.862 5.093 129.456
25.063 3.424 130.075
22.576 2.545 130.025
19.953 2.198 130.03
22.334 3.479 130.648
22.163 4.828 130.87
20.103 6.805 130.832
32.369 47.189 95.166
33.526 47.751 94.343
34.598 49.025 93.253
35.45 49.993 92.494
36.776 51.846 91.481
36.17 53.445 90.097
35.584 53.383 88.716
35.789 52.083 86.815
35.85 50.145 86.194
37.679 45.35 86.627
36.61 42.966 87.055
36.949 42.909 87.057
38.492 41.445 87.178
39.859 40.077 88.287
38.049 37.632 87.485
39.227 35.64 89.951
39.535 32.119 93.188
38.371 31.928 94.186
38.528 33.218 95.204
37.581 34.207 96.344
35.657 34.863 97.918
34.482 34.508 98.505
33.102 27.6 104.419
32.741 26.975 104.193
33.119 26.265 104.323
33.692 24.368 104.523
33.785 23.192 104.634
34.294 21.159 104.951
34.917 20.862 105.519
37.446 6.231 108.513
37.421 5.447 108.522
37.454 4.629 108.564
37.663 2.848 108.792
38.59 0.774 110.768
37.236 1.497 112.086
34.741 2.153 115.104
34.226 2.07 116.304
32.337 2.155 119.04
30.954 5.863 119.99
28.453 5.323 121.032
25.652 6.003 125.954
25.823 5.548 127.618
25.853 5.877 128.627
25.583 4.345 130.055
23.918 3.349 130.449
21.503 6.086 130.754
20.687 6.383 130.755
20.939 7.364 130.67
20.656 10.616 130.996
32.09 46.266 96.186
33.328 47.168 94.833
33.966 47.867 94.224
34.821 47.89 94.073
35.924 49.126 92.939
37.283 50.457 92.011
37.617 53.153 91.167
37.359 53.957 90.685
36.194 53.756 89.52
36.802 54.243 88.44
37.074 53.504 87.575
36.479 51.141 86.376
36.797 50.01 86.165
36.797 48.874 86.174
37.576 48.315 86.175
38.494 46.092 86.493
38.206 44.68 86.753
39.296 41.585 87.431
38.922 37.848 88.293
38.893 36.635 88.846
39.856 35.713 90.984
39.639 32.538 92.702
39.525 32.344 93.996
37.134 35.59 97.544
36.38 35.093 97.707
35.192 35.244 98.866
34.455 36.581 101.514
35.074 27.915 105.872
33.795 26.941 104.763
34.109 26.045 104.804
34.442 25.225 104.934
33.751 22.276 104.615
34.61 22.203 105.353
35.889 20.97 106.729
36.116 18.715 106.574
37.433 7.018 108.512
37.637 3.903 108.586
38.433 1.701 109.009
38.249 1.107 109.496
39.082 1.064 110.385
38.501 1.106 111.047
36.206 2.337 112.927
35.201 2.336 114.197
33.755 2.867 117.232
33.042 3.347 118.605
32.768 6.072 120.313
29.986 5.729 120.129
29.716 7.46 120.83
27.629 6.12 121.627
25.883 6.335 124.23
25.521 6.493 129.287
25.239 5.552 130.102
24.794 4.305 130.528
23.616 4.219 130.795
22.665 5.918 130.697
20.766 8.744 130.73
20.459 9.516 130.9
32.584 72.113 113.319
31.687 45.653 97.058
33.445 46.126 95.718
34.255 46.956 94.907
38.462 52.2 91.347
37.299 54.7 89.97
36.715 54.371 89.207
37.3 52.331 86.826
38.325 47.429 86.261
40.128 42.903 87.335
40.774 42.131 87.777
40.073 37.743 90.377
40.218 35.884 91.999
40.045 32.616 93.172
38.287 35.22 96.438
35.976 35.741 98.715
35.597 36.654 99.633
36.045 28.114 106.878
35.163 26.936 105.642
35.345 24.512 105.687
35.45 21.908 106.271
36.216 19.71 106.973
38.282 6.127 108.498
38.272 5.369 108.493
38.298 4.611 108.501
38.339 3.811 108.519
38.505 2.534 108.612
38.939 1.024 109.446
39.281 0.958 109.847
37.434 2.216 111.771
34.611 2.952 115.113
34.164 2.908 116.17
33.464 2.932 117.919
31.878 6.977 120.425
26.71 7.845 122.454
25.516 7.083 124.611
25.608 6.37 127.541
25.427 6.96 128.258
23.887 5.39 130.622
22.097 6.829 130.572
22.079 8.117 130.446
21.372 9.649 130.691
33.504 71.229 116.2
33.58 72.531 115.078
32.589 72.474 112.166
32.732 72.093 111.057
33.433 70.569 111.235
32.653 45.103 96.849
36.401 47.023 94.15
37.579 48.822 92.533
39.069 49.699 91.686
38.438 53.52 91.257
38.358 54.259 90.989
38.387 55.252 90.474
37.855 55.829 89.181
38.163 55.284 88.302
38.759 53.836 87.714
37.424 51.148 86.323
37.479 49.496 86.076
38.822 48.806 86.247
39.45 47.171 86.458
39.857 45.06 86.872
39.857 43.681 87.096
41.504 41.702 88.416
41.42 40.731 89.679
40.325 34.94 92.97
40.287 33.045 93.07
40.212 33.311 93.924
39.652 32.944 94.524
39.363 34.978 95.462
37.924 36.705 97.155
35.096 37.894 99.874
35.316 25.913 105.489
35.563 25.422 105.638
35.104 23.409 105.706
38.473 3.172 108.513
39.106 2.288 108.799
39.568 1.558 109.831
38.783 2.189 110.624
37.229 3.299 111.627
35.156 2.99 114.089
33.789 3.721 117.011
33.471 3.509 117.825
33.557 4.795 118.001
32.201 8.732 122.29
31.266 7.259 120.521
28.146 6.859 121.026
27.833 7.204 121.233
25.029 7.505 126.374
24.446 8.633 128.675
24.95 6.967 129.65
23.151 6.722 130.438
21.739 10.585 130.69
33.439 73.243 113.361
33.215 72.873 111.872
33.779 72.335 111.414
33.824 44.868 96.585
34.923 45.51 95.869
35.38 46.417 95.134
36.926 48.009 93.227
40.245 51.068 90.854
38.79 53.439 91.211
38.353 56.078 89.932
38.119 52.028 86.67
37.58 50.335 86.119
38.094 49.409 86.068
41.049 43.939 87.312
41.09 43.064 87.535
42.101 43.059 87.84
40.851 39.693 91.569
40.441 37.15 92.501
40.456 36.159 93.259
40.343 33.98 93.269
40.335 33.341 93.093
39.676 33.666 94.826
38.856 36.517 96.197
37.196 36.956 98
36.618 36.588 98.633
36.405 37.572 98.685
33.776 38.304 101.879
36.787 26.095 106.75
35.886 23.888 106.33
35.895 23.084 106.6
39.036 6.178 108.55
39.023 5.401 108.518
39.026 4.613 108.547
39.029 3.771 108.577
38.956 3.011 108.584
39.23 1.518 109.089
39.518 1.257 109.44
35.782 3.171 113.136
34.601 3.747 115.028
34.192 3.73 115.972
34.03 6.903 119.477
33.424 7.262 123.672
28.222 8.046 121.24
25.135 8.234 124.253
24.305 6.629 130.14
23.012 9.437 130.076
35.783 69.331 119.021
34.806 70.935 117.939
34.07 70.995 117.183
34.407 72.049 116.827
34.217 73.711 114.653
34.976 71.423 111.893
33.102 44.232 97.292
38.066 47.197 93.157
38.52 48.385 92.322
39.919 50.023 91.298
39.362 53.506 90.782
38.861 54.07 91.07
39.212 55.089 90.487
39.349 56.798 89.891
38.506 56.667 88.714
39.114 55.73 88.285
38.866 51.661 86.8
38.116 50.942 86.264
37.99 50.091 86.073
38.608 50.231 86.252
40.134 48.423 86.635
41.289 46.741 87.005
42.762 42.313 88.713
41.748 41.654 91.018
40.497 38.292 92.267
40.298 35.146 94.138
40.011 34.437 94.749
39.776 36.436 95.113
38.362 37.652 96.561
37.332 38.225 97.291
35.8 38.302 98.769
34.128 38.968 100.004
37.705 27.971 108.362
39.525 3.246 108.974
39.608 2.016 109.222
39.633 2.481 109.603
38.98 3.798 110
35.731 3.909 112.982
35.055 3.778 114.077
33.958 4.486 116.611
34.051 7.106 122.224
33.207 8.569 123.841
31.18 10.217 121.752
29.176 9.682 121.301
25.776 9.602 122.599
24.788 7.994 125.33
24.479 8.464 126.926
24.157 7.908 129.712
23.412 7.717 130.143
23.654 11.465 129.747
37.107 67.643 117.734
36.596 68.9 118.847
36.015 70.514 119.167
34.128 70.608 117.472
34.604 73.13 116.169
33.915 73.801 113.745
34.225 73.895 113.263
34.219 73.487 112.101
34.961 72.604 111.843
34.465 70.422 111.751
35.648 69.927 112.232
33.718 43.985 97.171
34.544 44.162 96.71
35.538 45.782 95.632
36.14 45.419 95.414
37.733 45.38 94.437
39.523 47.936 92.156
40.352 49.037 91.511
40.067 53.078 89.936
38.721 57.19 89.52
38.602 57.481 89.035
39.067 56.683 88.511
39.526 55.617 88.504
39.808 52.349 87.888
39.827 50.194 86.886
41.164 45.405 87.114
40.97 44.795 87.138
43.495 43.295 87.956
42.443 41.836 89.677
40.634 40.633 92.723
40.377 39.078 93.231
40.438 37.76 93.423
40.513 37.006 93.415
40.34 36.802 94.084
39.943 35.286 94.977
39.18 37.942 95.575
36.402 38.36 98.129
35.009 38.907 98.944
37.518 29.08 108.967
38.573 26.465 108.178
39.467 6.181 108.746
39.449 5.295 108.725
39.502 4.424 108.803
39.53 3.249 109.62
38.255 4.847 110.196
36.525 4.571 111.849
34.584 4.565 115.033
34.281 4.461 115.787
34.064 6.78 117.575
34.418 7.531 121.551
34.065 6.789 123.929
33.625 8.547 125.204
33.048 9.469 124.204
31.484 11.665 123.353
30.822 9.35 121.092
27.621 10.15 121.664
26.628 9.812 121.958
24.737 9.986 123.592
24.474 8.709 125.477
24.093 9.683 127.066
23.982 8.581 129.518
37.227 70.023 119.412
35.947 71.477 118.732
35.955 72.515 117.595
35.125 73.679 115.908
35.126 73.453 112.127
36.258 72.453 112.547
32.982 43.234 98.008
35.652 44.15 96.19
38.96 45.955 93.433
39.69 48.882 91.686
41.77 49.168 91.071
40.761 51.761 89.983
39.755 54.615 89.92
39.826 56.141 89.37
39.356 57.932 89.463
39.069 57.539 88.737
39.667 56.694 88.707
39.622 55.034 88.635
39.658 54.024 88.533
41.648 48.745 87.313
41.96 45.618 87.287
41.873 44.774 87.367
42.265 44.033 87.561
43.151 43.948 87.688
44.18 43.105 88.334
43.462 42.737 89.536
40.502 42.703 93.033
40 38.036 94.433
38.347 38.974 96.01
35.767 38.986 98.142
34.152 39.805 98.981
38.015 29.304 110.123
39.134 27.065 109.58
39.597 4.049 109.242
39.373 4.81 109.235
35.439 4.631 113.128
34.977 4.514 114.047
34.291 7.557 118.23
34.889 8.114 121.525
34.781 7.75 122.596
34.84 7.299 123.879
33.729 6.187 124.938
33.528 6.973 125.29
32.584 11.732 125.45
30.865 11.993 122.571
30.606 9.922 121.161
28.788 11.334 121.711
26.851 11.697 122.06
25.545 10.669 122.499
24.157 9.772 128.135
24.186 11.423 128.305
38.374 69.029 118.611
37.042 70.843 119.627
36.858 71.581 119.033
35.042 74.161 114.6
34.978 74.143 112.704
36.883 70.801 112.715
33.377 40.857 99.05
33.959 43.273 97.355
34.901 42.767 96.963
37.092 43.681 95.503
39.325 44.594 93.787
39.255 46.741 92.838
41.478 47.784 91.734
42.244 50.146 89.874
40.553 52.194 89.113
39.88 54.016 89.289
39.994 57.322 89.521
39.867 57.81 89.481
38.886 58.017 89.208
39.071 58.104 88.995
39.59 57.462 88.719
39.946 53.302 88.779
41.305 50.528 88.157
43.626 47.104 87.465
42.727 45.96 87.37
43.818 43.968 87.703
44.411 43.898 87.753
42.572 43.22 90.939
39.534 39.987 94.455
37.628 39.414 96.362
36.454 38.988 97.521
35.022 39.87 98.086
37.29 5.994 110.877
35.683 5.397 112.691
34.607 5.149 114.864
34.289 6.387 124.76
33.481 6.502 124.997
33.827 6.929 126.181
30.018 13.575 124.746
30.624 12.771 123.373
30.348 11.185 121.676
30.391 10.494 121.23
25.359 11.739 122.675
23.987 10.572 125.108
38.099 66.95 116.906
38.939 68.158 117.735
39.091 69.957 118.85
37.976 70.917 119.2
36.17 73.625 115.754
35.1 74.378 113.549
35.655 74.158 112.702
36.222 73.584 112.786
37.932 71.38 113.276
38.537 70.099 113.313
39.7 68.733 113.444
33.728 42.056 97.996
36.007 43.007 96.278
38.195 44.132 94.745
40.475 46.397 92.557
40.551 47.709 91.964
42.943 47.884 91.214
42.785 49.003 90.802
40.057 53.294 89.283
39.828 54.912 89.173
39.949 57.586 89.111
39.63 58.172 89.18
39.246 58.268 89.208
38.733 58.03 89.039
39.565 57.965 88.884
43.966 48.94 88.276
42.711 45.182 87.469
42.845 44.566 87.557
43.853 45.065 87.53
45.206 43.782 87.895
45.28 43.468 88.596
43.645 43.385 90.02
42.184 44.546 91.753
39.137 41.63 94.499
37.912 40.858 95.587
36.887 39.802 96.647
35.903 39.879 97.329
34.264 40.844 98.1
39.226 28.297 111.729
34.937 5.207 113.951
35.5 8.36 123.08
34.817 6.594 125.363
34.062 5.86 125.424
33.629 6.077 125.795
34.308 7.906 126.307
34.587 9.416 125.751
30.399 14.205 127.61
29.159 12.967 122.807
24.365 11.814 123.699
23.932 11.584 126.465
29.451 14.938 130.955
38.825 67.456 117.13
39.922 68.526 117.868
40.066 69.141 118.248
36.923 72.144 118.484
36.957 72.84 116.937
35.792 74.293 114.156
35.571 74.42 113.213
37.681 72.598 113.884
35.688 42.26 96.587
38.556 42.877 94.735
40.851 44.846 92.742
42.131 46.786 91.814
43.815 48.752 90.494
45.212 47.545 87.544
45.454 44.872 87.441
44.578 43.558 89.515
43.882 44.212 90.331
35.325 41.222 97.128
38.356 30.75 112.473
35.912 8.283 124.483
33.748 5.684 125.644
33.943 6.087 126.503
34.371 6.847 126.72
34.525 10.746 124.846
31.938 13.369 128.776
29.152 14.635 126.109
24.018 13.094 124.762
29.476 14.79 129.791
40.365 67.563 116.955
41.123 69.514 117.664
39.617 70.658 118.072
37.855 71.934 117.884
37.944 72.541 115.998
36.763 73.66 114.583
36.295 74.037 113.433
39.697 70.487 114.03
41.272 67.802 113.661
34.472 41.695 97.524
36.588 41.889 96.124
37.569 42.358 95.494
41.85 45.782 92.071
43.612 46.087 91.035
44.694 49.179 89.522
46.539 48.428 87.67
44.761 47.058 87.444
45.199 46.381 87.347
46.429 44.416 87.73
45.828 43.908 89.127
36.884 40.813 96.157
36.265 40.708 96.606
39.247 29.594 113.728
36.226 9.187 123.113
35.486 7.439 125.873
34.1 5.804 126.09
34.989 8.003 126.503
35.609 9.83 124.97
33.814 11.768 124.292
32.249 13.294 127.708
30.965 14.06 129.931
28.692 15.046 126.831
28.509 14.163 124.016
24.311 12.763 123.767
29.4 14.815 128.831
30.258 14.566 130.164
29.109 16.397 132.065
41.406 68.373 117.247
39.764 71.277 115.198
41.308 69.183 114.252
44.466 47.563 90.659
45.422 48.471 89.988
46.188 49.14 88.574
46.733 47.024 87.126
46.497 45.248 87.196
46.804 44.142 88.479
44.987 44.119 89.696
44.537 43.887 89.779
44.784 44.984 90.151
36.529 9.428 123.652
36.069 8.828 125.257
34.768 6.363 126.287
34.377 6.148 126.659
34.982 7.007 126.609
35.553 8.884 125.929
35.321 11.06 123.705
32.575 12.918 124.671
32.022 14.23 126.845
32.477 13.934 129.176
31.956 13.483 130.519
30.339 14.532 129.394
28.771 15.043 127.928
28.843 17.541 132.268
41.103 66.497 115.98
41.767 67.255 116.385
42.512 68.784 116.725
41.422 70.132 116.705
39.594 71.31 116.72
38.521 71.993 116.94
41.495 70.04 115.064
42.13 68.61 114.469
41.968 66.649 113.383
44.862 46.722 90.528
46.228 49.076 89.29
47.848 49.119 87.767
47.722 47.973 87.105
46.21 45.886 87.131
47.37 45.469 87.185
48.2 45.162 87.785
46.88 44.568 89.095
45.835 44.733 89.616
45.332 45.878 90.166
39.55 29.68 115.184
36.45 9.145 124.436
35.575 8.04 126.243
36.353 9.956 123.844
32.401 13.489 130.123
31.334 13.928 131.189
30.656 16.843 132.282
30.226 18.673 131.325
42.241 66.18 115.335
42.535 67.765 116.25
42.386 69.427 116.646
41.096 70.524 115.863
42.272 69.257 114.93
42.338 67.651 114.228
42.531 65.121 112.509
46.112 47.142 89.931
47.129 48.627 89.298
47.534 49.338 88.618
47.661 48.626 87.389
47.825 47.285 86.885
46.932 45.994 86.999
47.808 44.756 88.621
32.343 13.278 123.835
31.676 14.017 124.614
32.611 14.951 128.936
32.794 13.945 130.459
32.54 13.687 130.984
32.109 13.659 131.342
31.188 14.473 131.793
31.076 16.018 132.405
30.018 17.834 132.091
44.51 62.842 113.504
42.968 68.405 115.998
42.913 69.023 116.101
42.462 69.539 115.772
41.923 70.035 115.815
42.767 68.543 115.227
42.995 65.977 113.624
43.714 63.364 111.345
49.161 49.711 87.893
48.322 48.56 87.173
48.907 47.566 86.825
47.725 46.54 86.901
48.407 46.142 87.059
49.071 45.623 88.501
47.829 45.463 89.07
46.622 45.611 89.576
39.714 29.608 116.149
32.269 13.801 123.146
31.237 15.081 125.381
32.244 15.756 128.06
33.066 14.876 130.222
31.891 14.05 131.762
30.902 15.295 132.123
31.842 16.239 132.294
31.695 17.19 131.796
31.984 17.896 130.966
45.519 61.814 113.49
44.673 63.991 113.249
43.087 65.925 114.451
42.866 67.454 115.395
42.829 67.275 114.662
43.795 64.418 112.532
47.752 47.601 89.273
48.538 49.397 88.639
49.287 49.016 87.128
49.797 46.497 87.058
49.814 45.847 87.816
31.372 14.931 123.57
31.422 16.219 126.387
32.899 16.076 129.461
32.963 14.546 131.118
32.473 14.264 131.638
31.962 14.799 132.083
31.884 15.565 132.338
45.866 62.697 113.465
44.94 63.613 112.087
44.582 60.938 110.521
47.442 46.45 89.403
48.426 48.656 88.935
49.851 49.833 88.281
50.726 49.835 87.048
50.778 46.343 88.258
48.925 46.784 88.942
39.565 30.468 116.915
39.857 29.297 116.798
32.197 14.33 122.456
30.939 15.795 124.89
32.155 17.184 127.75
33.312 15.725 130.434
33.249 15.458 130.94
32.651 15.722 131.703
32.743 17.108 131.087
32.615 17.82 130.121
44.954 60.341 112.948
46.96 62.176 113.716
46.814 62.983 113.287
45.45 63.115 111.468
44.847 62.336 110.777
45.227 60.434 111.473
45.035 54.117 109.577
45.034 53.343 109.169
44.825 53.017 111.262
48.74 47.91 88.942
49.266 49.302 88.641
50.511 50.144 87.746
50.772 48.536 86.489
50.092 47.464 86.621
51.173 46.599 87.389
50.007 46.4 88.671
40.248 27.884 117.04
32.401 14.874 121.762
30.926 15.958 123.82
30.95 16.608 124.752
31.569 17.336 126.569
32.715 17.558 129.15
33.118 16.594 130.572
46.756 61.409 113.723
46.449 63.331 112.343
46.295 62.11 111.354
45.685 61.359 111.24
45.369 52.441 109.391
44.83 51.188 109.759
45.181 50.822 110.486
45.157 50.803 111.188
44.994 51.934 111.379
49.393 48.644 88.753
50.305 49.354 88.519
51.557 50.017 88.046
51.553 50.297 87.365
52.092 49.687 86.311
50.868 47.354 86.597
50.863 46.782 86.902
52.289 47.098 87.937
50.959 46.947 88.633
50.163 46.993 88.774
39.839 29.433 117.412
31.624 15.897 122.319
32.429 18.764 127.66
33.037 17.217 130.698
32.521 18.228 129.18
46.794 61.085 113.463
47.699 61.897 113.931
47.892 62.529 113.647
47.799 63.108 112.981
46.542 62.922 111.565
46.5 61.501 111.912
45.266 60.238 112.257
45.937 52.847 110.015
45.576 51.745 109.629
45.657 51.185 110.042
45.41 51.229 111.48
45.972 51.775 111.389
49.454 47.852 88.814
52.023 50.235 86.816
52.177 48.913 86.054
51.591 47.165 86.78
52.876 47.612 86.966
51.829 47.095 88.45
49.958 47.521 88.788
39.626 29.973 118.009
39.876 28.929 118.113
31.061 16.6 123.411
32.436 18.414 128.69
46.339 60.962 112.663
47.606 61.516 113.839
47.546 63.22 112.274
47.611 62.837 112.082
45.383 53.988 110.342
45.797 53.467 110.168
46.329 51.666 110.276
45.957 50.69 111.216
45.993 50.941 111.527
45.818 53.053 110.783
50.408 48.415 88.693
51.505 49.159 88.541
53.139 50.208 87.23
52.674 50.179 86.536
52.942 49.342 85.967
52.087 48.051 86.328
53.666 47.935 87.777
52.891 47.931 88.409
51.801 47.737 88.643
50.827 47.654 88.718
39.439 29.02 119.521
40.143 27.697 118.537
33.043 18.383 121.735
31.685 17.008 122.387
47.6 61.485 113.376
48.225 62.071 113.685
48.423 62.74 113.314
48.19 63.084 112.708
47.554 62.177 112.28
47.388 61.611 112.694
46.537 51.925 110.884
46.226 50.825 110.803
52.808 49.582 88.37
52.822 50.132 87.965
53.282 49.859 86.292
52.931 48.759 85.975
54.324 48.316 87.06
40.088 18.107 125.692
38.476 18.736 125.319
36.757 19.404 124.279
35.605 20.153 125.887
36.9 21.623 126.468
36.235 23.832 126.071
48.324 62.643 112.828
46.828 51.387 110.93
46.4 51.076 110.508
46.57 51.106 111.26
51.431 48.36 88.679
52.384 48.633 88.612
53.498 50.018 87.995
53.916 49.134 86.124
53.242 48.339 86.241
53.962 48.397 86.475
54.663 48.691 87.633
54.041 48.675 88.204
40.795 18.377 125.827
35.328 19.75 122.582
36.608 23.104 126.205
37.257 23.557 126.085
48.163 62.05 113.103
48.544 62.409 113.343
46.71 51.107 110.843
53.351 48.87 88.501
54.148 49.91 87.787
54.314 49.759 86.547
54.703 48.914 86.531
54.981 48.896 87.062
40.918 18.315 126.47
39.887 18.861 126.52
34.721 20.164 124.124
37.831 20.398 126.512
37.829 22.649 126.288
38.515 23.251 125.964
38.083 24.773 125.391
53.922 49.477 88.246
54.603 49.779 87.26
54.72 49.376 86.342
55.027 49.264 87.356
54.63 49.354 87.852
39.156 27.901 121.318
39.453 26.531 122.268
40.892 19.015 125.216
41.188 18.764 126.422
40.696 18.39 126.712
38.488 19.638 126.38
39.68 20.075 126.819
39.107 21.632 126.523
38.405 25.893 124.589
54.984 49.402 86.779
38.884 27.563 122.303
39.429 25.461 123.558
40.728 21.194 125.021
41.022 20.04 125.197
41.085 18.587 126.893
40.682 18.89 126.988
39.531 23.793 124.9
38.841 26.379 123.842
38.903 26.899 123.155
39.895 24.293 123.705
41.271 19.544 126.259
41.036 19.247 126.89
40.242 20.8 126.729
40.277 21.61 126.047
40.368 22.281 125.032
41.097 20.421 126.035
40.878 20.197 126.684
36.246 16.857 106.334
35.026 15.128 105.973
35.329 14.043 106.431
36.299 12.388 107.154
35.87 18.123 106.085
35.82 10.513 107.538
37.194 8.013 108.414
38.3 6.902 108.519
36.2 22.269 107.15
36.817 20.696 107.762
37.058 18.855 107.764
37.102 24.341 107.333
39.06 6.954 108.625
34.217 5.687 116.357
38.557 25.393 108.077
39.573 7.144 109.087
39.34 25.922 108.765
39.218 5.833 109.175
34.956 8.52 119.778
34.535 7.285 116.803
38.483 5.788 109.725
39.992 26.248 111.207
35.871 6.605 112.597
35.042 6.105 113.879
34.626 5.777 114.852
35.772 9.149 121.718
39.726 27.952 113.338
36.805 10.542 121.728
33.903 12.753 123.096
36.312 11.094 122.704
39.727 28.692 114.562
39.846 28.806 115.462
39.973 28.626 116.134
33.636 14.208 121.583
32.939 15.587 120.849
40.826 25.536 118.185
32.488 16.616 121.296
40.168 26.609 119.866
40.239 18.107 124.61
39.01 17.35 124.241
38.004 18.511 124.223
37.242 17.838 122.733
39.727 26.969 121.01
40.057 24.808 121.968
40.172 23.227 123.959
40.498 20.749 123.898
40.519 19.779 123.88
40.445 22.124 124.4
36.242 15.507 106.394
35.894 13.484 106.776
36.063 11.259 107.403
37.419 8.916 108.378
38.256 7.752 108.526
37.14 21.973 108.114
37.129 19.93 108.036
36.721 17.755 107.009
37.442 10.71 107.975
37.016 23.189 107.81
39.476 7.075 109.434
39.828 25.518 109.755
35.093 8.518 117.952
38.695 6.625 109.677
39.838 27.191 112.339
37.095 7.581 111.537
35.74 12.116 122.54
33.47 14.856 120.687
41.173 25.629 116.129
33.809 16.313 120.573
39.664 17.504 124.394
38.333 17.64 123.943
36.48 18.818 121.963
40.279 18.807 123.271
35.729 19.147 121.46
34.362 18.785 120.85
40.271 21.941 123.506
37.124 15.712 106.933
36.327 14.262 106.7
36.534 13.428 106.975
37.302 9.539 108.238
38.142 8.649 108.485
39.05 7.738 108.641
38.424 21.01 109.206
37.813 19.644 108.706
37.835 17.752 108.322
38.763 24.14 108.866
39.631 7.951 109.238
37.79 23.821 108.302
39.449 25.077 108.996
39.92 8.628 111.044
35.549 9.233 118.962
34.956 6.955 115.213
35.993 8.595 116.272
36.316 9.735 119.918
38.043 7.207 110.32
40.428 26.213 113.042
40.367 24.681 110.91
36.03 7.889 112.994
35.45 7.324 113.899
39.945 27.177 112.967
35.911 14.169 121.847
36.762 12.585 121.82
40.321 27.215 114.828
34.145 14.8 120.471
33.993 15.295 120.274
40.437 25.256 119.997
41.782 24.158 116.643
35.098 16.987 120.76
39.719 17.49 123.807
37.777 15.624 122.447
39.139 16.645 122.583
36.229 17.986 121.234
39.942 17.704 122.782
35.264 18.782 120.849
34.958 18.139 120.756
40.141 23.158 123.016
40.099 20.547 122.63
40.019 21.43 122.655
40.137 19.671 122.327
40.287 22.537 123.821
37.412 16.579 107.451
37.286 14.654 107.061
37.366 13.337 107.28
37.399 12.231 107.539
37.873 9.432 108.353
38.92 8.611 108.594
37.976 23.144 108.706
38.1 22.3 108.965
38.241 18.924 109.03
38.921 7.913 110.353
39.878 24.048 109.973
36.791 9.715 117.829
40.753 24.972 112.149
38.089 7.916 110.706
36.878 8.668 112.693
40.042 27.183 113.492
38.883 10.704 118.707
37.12 12.052 121.032
34.912 15.307 120.684
40.48 23.848 119.995
41.666 22.933 117.636
42.15 23.834 115.496
41.321 25.243 114.861
36.397 16.266 121.408
40.337 18.25 121.095
40.05 23.67 122.218
39.957 22.066 122.535
40.157 19.046 121.911
37.946 15.329 107.871
38.236 12.289 108.077
38.509 9.527 108.426
39.545 8.665 109.044
38.812 22.894 109.362
38.408 19.759 109.258
39.14 18.197 110.069
38.315 16.587 108.77
39.908 8.924 110.035
39.181 8.755 111.417
36.217 8.358 114.765
37.256 9.593 116.48
41.666 24.14 113.871
40.329 23.52 110.83
38.188 8.646 111.712
36.236 8.643 113.331
36.137 8.474 113.823
37.909 11.943 120.02
37.797 13.633 120.636
42.306 23.217 116.328
40.956 25.665 114.125
37.083 15.892 122.094
38.259 15.298 121.476
40.247 16.789 120.368
39.989 22.832 122.242
40.084 23.69 121.511
40.082 20.416 121.096
39.886 21.342 121.502
39.846 22.153 121.771
40.414 19.326 120.471
38.048 14.034 107.816
38.843 10.919 108.775
39.239 9.656 108.87
39.665 22.786 110.075
38.928 19.58 109.677
38.632 10.222 108.438
39.567 23.562 109.839
40.125 10.216 111.708
39.09 9.229 113.093
38.279 9.465 115.339
38.248 10.03 116.703
41.064 23.828 112.188
40.39 22.569 110.95
37.672 9.199 113.038
36.746 9.036 113.475
38.323 10.294 117.561
39.918 12.361 118.741
40.575 22.406 119.476
42.657 22.422 116.061
39.014 15.234 119.95
40.971 17.541 119.281
38.427 15.681 108.953
38.525 14.749 109.322
38.135 13.224 107.785
38.875 11.872 109.021
39.773 9.491 109.78
39.871 21.508 110.398
39.851 20.048 110.485
38.845 16.378 110.591
41.255 9.711 113.746
40.611 9.278 113.512
37.344 9.144 113.989
41.858 22.91 113.417
41.077 22.85 112.119
39.638 10.174 117.056
41.392 11.355 118.286
38.381 12.892 119.519
39.996 22.984 121.075
40.165 22.892 120.292
41.217 21.323 118.429
42.375 21.069 116.816
42.71 22.749 115.098
41.355 16.703 118.54
40.972 18.376 119.249
40.741 20.277 119.293
40.266 21.314 120.07
39.978 22.199 120.689
38.572 13.254 108.86
38.715 12.458 108.819
39.344 11.167 110.093
39.541 10.275 109.765
40.308 19.017 111.368
39.976 17.298 112.301
41.205 10.59 114.106
40.401 9.451 114.777
39.213 9.973 116.219
42.643 22.426 114.561
40.806 10.187 117.611
41.586 10.495 117.98
41.844 12.114 118.236
39.083 13.991 119.103
42.975 21.389 115.505
41.162 15.292 118.36
41.896 17.667 117.699
41.471 19.188 118.192
39.116 13.944 111.517
39.06 12.323 110.213
40.693 20.967 111.496
40.65 19.907 111.434
39.019 16.733 111.865
40.623 11.3 113.998
42.278 10.715 115.421
41.583 9.428 114.882
40.229 9.747 115.972
42.405 22.073 114.139
41.713 22.102 113.198
41.04 21.897 112.11
41.285 9.781 116.751
42.721 10.857 117.782
42.746 11.786 117.87
41.698 12.799 118.187
40.798 13.69 118.346
41.654 20.27 117.805
42.788 19.876 116.107
39.361 14.895 118.934
38.838 14.911 119.193
41.926 16.436 117.753
38.782 15.223 110.968
39.524 11.425 111.5
41.185 19.44 112.731
39.33 16.526 112.356
38.77 16.623 111.623
39.893 11.409 112.87
41.632 11.521 115.234
42.384 9.813 115.442
41.557 9.478 115.825
42.831 21.465 114.78
42.131 9.908 117.35
42.729 10.187 117.571
42.635 12.565 117.914
40.082 14.444 118.529
42.263 19.802 116.984
42.752 20.067 115.052
38.84 15.137 119.255
42.505 16.384 117.079
42.359 18.909 116.833
38.908 16.176 111.832
38.994 15.177 111.837
39.493 12.346 112.395
41.053 21.266 112.161
41.499 17.05 114.48
39.625 15.614 112.855
38.767 16.668 111.888
40.162 12.243 114.033
41.085 12.323 115.168
42.558 11.966 116.196
43.048 10.478 116.362
42.44 9.477 115.945
42.284 21.266 114.068
41.498 21.22 112.938
42.381 9.549 116.629
43.167 10.223 117.068
43.245 11.234 117.223
43.029 12.623 117.179
42.421 13.669 117.793
42.68 18.286 116.003
42.692 14.975 117.298
39.863 13.281 113.695
41.159 20.733 112.382
42.299 18.81 114.702
40.48 16.316 113.71
41.95 12.441 115.898
43.063 11.41 116.538
42.958 9.814 116.293
42.884 9.793 117.122
42.736 19.057 115.256
42.832 15.8 116.672
42.772 16.756 116.259
39.887 14.362 113.618
41.452 20.482 112.919
41.97 20.274 113.753
42.467 17.398 115.516
40.756 15.303 114.562
40.739 13.231 115.042
41.764 13.225 115.944
42.518 12.889 116.463
42.942 9.645 116.635
42.96 14.006 117.178
42.607 14.948 116.544
40.489 14.057 114.708
42.47 16.224 115.934
41.847 15.567 115.593
42.583 13.737 116.624
41.567 14.318 115.729
30.029 49.404 95.092
31.088 47.368 95.953
30.898 46.619 97.093
31.681 45.012 97.635
30.19 48.159 96.074
32.471 70.877 114.78
31.897 71.661 112.128
31.915 71.574 111.18
32.373 71.109 110.781
33.445 69.835 116.991
31.529 70.784 113.122
33.007 70.458 115.995
30.835 70.463 111.838
30.878 70.559 110.974
31.024 70.138 110.497
29.664 69.455 111.113
44.01 51.537 109.687
44.669 51.905 109.273
44.399 51.017 110.617
44.586 50.901 111.023
34.314 69.522 111.717
35.088 67.928 118.145
34.34 69.045 118.113
37.594 69.142 112.848
37.127 65.817 116.39
39.423 66.443 116.26
39.977 67.202 112.972
41.003 65.955 112.556
40.814 65.076 115.029
42.012 63.947 111.43
43.169 61.779 113.387
42.716 64.207 114.149
43.685 62.364 110.492
42.967 61.359 109.838
43.726 58.444 110.013
44.17 54.119 108.775
44.052 53.23 108.699
43.828 52.785 111.232
44.437 58.959 111.63
44.276 51.521 111.028
44.513 54.721 111.067
44.767 54.892 110.209
31.962 69.277 110.61
31.377 70.021 113.979
32.509 69.706 115.843
29.925 69.49 112.029
29.754 68.821 110.044
43.468 51.782 110.221
43.327 52.669 108.845
33.202 69.356 111.236
35.832 68.122 112.142
35.516 66.639 117.342
36.413 66.809 117.301
38.253 67.422 112.649
41.998 65.156 114.825
42.763 63.149 111.018
42.227 59.441 113.094
42.902 62.581 110.57
43.187 59.902 109.587
43.727 55.243 108.9
43.801 53.464 111.366
43.82 54.084 111.408
43.399 57.389 112.147
44.302 55.409 109.686
33.287 68.636 117.384
31.535 69.374 114.828
32.52 68.989 116.364
30.758 69.177 110.093
29.267 68.977 112.121
28.614 68.58 110.468
42.68 52.585 109.48
33.997 68.653 111.617
33.215 67.317 117.352
33.865 66.33 117.21
39.038 65.364 115.577
39.225 66.008 112.181
40.187 64.37 111.267
42.345 63.017 110.83
40.67 62.683 113.714
40.988 61.122 113.17
42.443 59.974 109.134
44.118 56.595 110.603
42.297 58.507 108.808
42.725 54.84 108.314
42.476 54.369 111.7
42.272 53.085 110.697
43.228 55.297 111.784
33.068 68.609 111.215
32.134 67.904 116.509
33.231 68.129 117.464
31.936 68.753 115.798
30.422 67.882 109.852
28.293 67.645 109.686
28.189 68.58 111.124
41.779 53.788 108.691
42.965 53.566 108.429
34.1 67.711 111.559
34.43 64.847 116.273
36.947 66.892 112.196
38.627 63.915 114.731
37.69 66.2 112.026
41.626 62.673 110.337
40.277 59.516 113.327
41.765 57.642 113.01
41.321 60.038 108.691
43.677 56.541 109.512
43.004 56.58 108.839
43.12 55.499 108.525
32.72 67.944 111.05
30.926 68.088 115.132
31.673 67.872 110.513
29.328 67.839 109.537
41.43 53.42 109.704
35.703 66.051 111.461
36.132 63.001 114.801
37.962 64.735 111.087
40.114 63.115 110.242
40.41 61.641 113.131
39.538 61.022 113.264
40.77 58.272 113.364
41.965 56.207 112.526
41.661 61.428 109.445
43.404 57.181 109.404
41.773 56.634 108.093
40.42 54.796 111.937
31.326 66.778 110.229
39.873 54.209 110.81
40.543 53.909 109.51
33.669 66.961 111.32
37.755 62.8 114.213
39.29 63.817 110.612
38.742 62.292 113.756
40.455 61.74 109.278
40.334 61.359 113.024
39.043 59.424 113.422
39.001 57.934 113.46
40.543 56.986 113.21
40.915 57.984 107.947
41.5 54.728 108.135
40.677 55.713 112.664
32.479 66.966 110.862
30.255 65.741 109.401
40.434 54.178 109.002
33.624 66.093 111.029
37.531 61.826 113.829
38.752 62.82 109.64
36.68 65.038 111.128
38.324 60.005 113.383
39.916 58.987 107.744
39.695 60.554 108.225
41.198 55.585 107.875
40.733 56.671 107.661
40.099 54.97 108.373
39.829 55.618 112.721
39.158 55.039 112.04
31.361 65.757 109.974
39.02 54.409 109.852
34.087 64.668 110.315
36.713 60.855 113.756
37.53 63.734 110.222
36.322 64.322 110.523
38.332 61.291 113.421
39.495 61.631 108.815
38.398 60.703 113.3
38.224 59.002 113.508
39.323 56.289 113.103
39.587 57.464 107.458
39.322 55.522 112.617
32.385 65.813 110.433
37.718 60.674 113.467
36.959 62.953 109.46
38.758 61.405 108.421
37.441 59.657 113.5
37.945 56.543 113.101
39.149 58.604 107.355
38.761 59.655 107.509
40.212 56.097 107.687
38.012 54.971 109.05
35.22 63.125 109.399
36.401 59.381 113.447
37.698 61.958 108.663
38.274 58.531 107.145
38.787 60.596 107.878
39.159 56.137 107.744
38.817 55.451 108.232
33.587 63.127 109.099
36.043 61.686 108.2
37.767 60.781 107.79
38.094 57.19 107.289
37.543 55.881 107.912
33.705 58.804 105.994
34.229 62.277 108.485
37.185 58.187 106.899
37.583 59.669 107.17
33.492 62.471 108.57
36.528 60.325 107.259
36.347 57.031 106.97
37.314 59.006 106.91
33.845 60.108 106.465
35.469 59.373 106.645
34.303 61.369 107.522
35.42 60.672 107.246
36.107 58.327 106.642
36.61 58.922 106.75
36.731 59.512 106.887
35.605 58.521 106.501
34.593 60.49 106.886
33.753 60.887 106.895
19.548 8.919 100.952
23.764 11.371 99.843
24.59 12.28 99.779
25.401 13.41 99.938
26.086 16.283 99.634
27.003 18.09 99.708
27.106 22.077 99.251
26.768 19.698 99.068
21.43 9.222 101.064
23.001 10.557 100.19
25.57 14.273 99.799
25.55 14.923 99.62
21.731 10.241 100.279
22.423 11.946 99.185
23.481 12.721 98.996
24.277 13.449 99.122
24.862 14.291 99.282
24.828 15.398 99.004
25.005 16.354 98.832
22.873 12.813 98.737
23.506 13.629 98.667
23.641 14.718 98.52
26.874 28.611 96.473
26.15 23.312 98.88
25.175 17.795 98.488
25.96 20.661 98.405
23.998 16.345 98.305
25.978 24.287 98.879
25.443 22.026 98.37
25.457 19.501 98.138
22.881 15.971 97.956
24.723 20.635 97.771
24.247 19.188 97.643
23.91 17.33 97.98
23.768 18.081 97.722
22.624 17.377 97.635
2.037 7.742 97.475
5.194 7.141 98.273
6.016 6.27 99.477
7.656 5.735 101.353
9.771 5.426 102.321
11.454 5.098 103.41
13.617 5.587 101.339
13.12 5.232 102.215
15.816 7.124 100.917
17.18 11.348 105.3
5.853 11.167 108.752
16.736 11.167 105.533
18.385 7.895 101.517
17.149 11.028 105.198
20.676 11.072 99.531
22.386 13.721 98.356
22.341 15.217 97.943
1.766 8.767 97.15
4.188 7.006 97.858
11.317 5.338 102.315
12.385 5.163 102.817
14.24 6.34 100.649
17.594 8.11 101.075
18.513 11.132 99.021
20.651 12.781 98.445
7.359 6.706 99.735
10.318 5.624 101.402
12.059 5.555 101.31
13.236 6.209 100.28
12.349 5.315 102.075
13.852 7.444 99.629
16.336 8.683 100.109
16.986 11.323 104.838
17.608 9.394 100.099
21.032 14.049 97.922
8.984 7.255 99.59
10.647 6.215 100.335
12.423 5.996 100.425
13.428 6.667 99.939
14.812 8.79 99.2
16.136 10.052 98.927
18.953 13.005 97.914
12.267 6.98 99.578
10.657 6.991 99.599
12.952 7.815 99.042
1.662 9.881 96.727
3.339 7.132 97.649
2.227 8.933 97.056
4.41 8.187 97.474
6.907 7.824 98.697
13.301 8.608 98.701
16.482 11.409 98.148
14.859 9.84 98.465
10.722 7.909 99.178
12.147 8.259 98.808
3.173 9.13 96.948
5.775 9.043 97.638
5.976 7.931 98.179
8.566 8.787 98.794
13.656 9.919 98.113
15.834 10.674 98.352
9.58 8.398 99.128
1.434 10.845 96.385
4.439 9.844 96.834
7.459 9.959 97.956
12.178 9.365 98.276
10.302 8.864 98.882
11.198 8.866 98.675
1.931 11.716 96.014
2.996 10.732 96.319
5.285 10.948 96.738
9.084 10.161 98.226
9.586 9.228 98.76
11.966 10.663 97.745
1.586 13.073 95.572
3.716 10.305 96.489
4.034 11.302 96.209
6.38 10.759 97.256
10.618 9.833 98.312
2.343 13.053 95.498
3.118 11.827 95.902
4.975 12.597 96.134
6.232 12.215 96.764
7.22 11.737 97.302
2.843 12.618 95.618
3.704 12.727 95.683
1.536 15.187 94.938
2.116 14.165 95.167
3.106 13.83 95.255
4.46 14.249 95.457
6.072 13.18 96.445
1.569 16.164 94.617
2.369 15.23 94.811
2.177 15.879 94.63
2.86 14.894 94.883
-10.433 40.592 90.82
27.244 31.852 92.499
26.945 33.329 91.006
26.975 32.453 91.79
27.428 31.267 93.255
27.191 30.366 94.303
26.317 29.416 95.174
23.639 22.528 97.592
23.266 20.522 97.256
22.645 18.951 97.33
22.251 18.243 97.398
25.55 28.563 95.993
25.8 30.142 94.037
22.227 21.726 96.989
21.806 20.339 97.111
22.526 22.571 97.118
25.04 29.412 94.677
23.824 29.383 94.28
25.071 42.474 89.7
24.941 37.054 89.612
25.984 40.469 89.312
26.715 38.736 89.22
26.731 34.464 90.31
26.826 40.164 89.158
25.992 31.412 92.778
26.184 32.672 91.606
24.648 30.266 93.57
24.641 41.779 89.803
25.841 36.107 89.673
24.146 40.445 89.69
25.688 35.555 89.965
26.021 33.522 91.007
23.381 30.064 93.458
21.701 30.115 93.111
25.036 39.06 89.469
25.128 34.446 90.652
24.942 32.876 91.622
23.8 31.325 92.609
24.56 35.572 90.19
23.899 38.764 89.53
23.213 38.113 89.482
24.117 35.009 90.531
23.873 34.153 91.015
23.5 32.843 91.739
22.242 32.025 92.194
22.94 37.245 89.638
22.535 33.917 91.284
23.183 35.709 90.306
21.254 35.447 90.799
22.783 39.314 89.606
22.15 38.245 89.521
21.743 37.028 89.88
21.21 36.629 90.122
20.602 37.422 90.132
21.193 38.435 89.65
0.964 17.198 94.307
3.663 15.145 94.911
2.3 16.823 94.262
3.141 16.042 94.54
0.623 18.015 94.022
2.325 18.154 93.691
3.741 17.642 93.829
3.314 18.376 93.451
3.938 18.538 93.316
-0.267 19.287 93.494
0.898 18.926 93.551
2.977 19.001 93.258
3.603 19.027 93.165
2.21 19.534 93.15
0.007 20.81 92.783
1.433 20.615 92.769
3.451 20.364 92.693
2.318 20.498 92.762
-0.684 22.873 92.104
1.077 22.373 92.066
2.317 21.665 92.274
3.31 21.893 92.104
3.963 21.59 92.152
0.69 23.745 91.61
2.019 22.82 91.804
0.086 24.334 91.564
21.894 16.205 97.656
20.894 15.243 97.593
19.953 14.068 97.651
17.707 12.279 98.004
15.099 10.79 98.036
8.317 11.542 97.621
13.463 11.717 97.427
10.026 11.651 97.627
7.816 14.304 96.822
5.692 13.839 96.109
21.385 18.317 97.44
21.357 19.503 97.305
21.013 21.442 97.072
21.768 22.726 96.938
5.087 16.56 94.782
4.736 18.763 93.212
4.258 19.377 92.963
5.066 21.426 92.066
20.778 16.93 97.459
18.917 13.947 97.403
17.64 13.684 97.26
16.768 12.314 97.698
15.647 12.533 97.401
11.701 11.983 97.403
5.791 15.053 95.788
21.255 20.025 97.219
20.382 20.162 97.471
21.394 22.164 96.858
5.303 18.187 93.718
4.509 20.205 92.616
14.07 24.883 93.988
18.989 14.944 97.192
16.298 12.006 97.744
12.301 13.152 97.239
10.57 13.551 97.284
20.311 19.033 97.576
19.524 17.868 97.533
19.444 21.474 97.594
20.343 22.852 96.975
6.505 16.129 95.8
7.103 18.587 94.13
5.142 19.873 92.678
6.025 19.352 93.043
15.051 24.881 94.408
19.602 16.144 97.247
14.068 13.074 97.149
13.252 12.84 97.193
19.447 16.893 97.304
18.654 20.286 97.94
6.788 17.353 95.306
6.113 20.426 92.404
6.539 21.266 92.068
14.409 23.74 94.078
17.812 16.43 97.019
17.976 14.938 96.952
16.18 14.756 96.767
14.883 13.944 96.951
9.925 15.163 97.231
11.52 15.672 97.005
13.169 14.125 97.108
7.439 16.665 96.098
18.803 19.123 97.832
7.774 20.356 92.755
8.02 17.791 95.602
7.311 21.536 92.075
13.872 22.944 93.74
8.53 21.925 92.411
17.417 14.881 96.869
14.079 14.062 97.039
9.354 16.165 97.022
8.194 16.685 96.487
18.113 18.055 97.625
8.452 19.472 93.634
9.524 18.68 94.876
14.542 22.575 94.705
14.935 15.188 96.643
14.446 14.508 96.913
8.614 16.282 96.845
10.303 16.104 97.161
13.054 15.73 96.806
17.469 18.748 97.709
17.114 17.995 97.295
9.387 19.854 93.461
9.034 17.335 96.367
13.86 21.857 94.044
12.666 22.31 93.603
10.588 20.693 93.297
15.542 15.432 96.477
15.371 16.554 96.301
13.946 14.986 96.89
10.32 17.139 96.572
12.572 17.395 96.115
16.072 17.801 96.567
14.694 21.169 95.531
11.172 17.093 96.65
11.621 17.131 96.539
14.017 16.438 96.378
16.239 18.896 97.02
10.546 19.653 93.879
11.146 17.879 95.974
13.742 21.018 94.327
13.78 19.187 95.283
13.707 17.652 95.875
11.626 19.662 94.084
11.547 18.86 94.892
14.274 17.461 95.891
-1.065 25.829 91.656
0.087 25.22 91.418
2.85 23.117 91.618
1.939 23.967 91.4
4.087 22.763 91.649
1.063 25.189 91.231
6.549 22.743 91.805
-1.089 26.475 91.63
-0.072 26.7 91.321
4.977 22.813 91.492
5.456 22.496 91.593
3.569 24.129 91.199
3.037 25.92 90.849
2.854 24.335 91.169
5.058 24.354 91.214
5.449 23.081 91.4
7.179 25.035 91.927
1.647 26.508 90.922
2.227 26.796 90.767
4.76 26.175 90.78
6.117 26.587 91.245
-8.817 39.59 90.597
-7.187 38.029 90.845
-8.821 40.855 90.623
-6.924 39.845 90.487
24.389 42.749 89.884
23.874 41.633 89.989
22.958 40.239 89.827
21.682 39.353 89.642
20.382 39.133 89.815
19.284 39.11 90.219
22.972 41.166 90.037
22.219 40.27 89.875
20.956 39.498 89.7
23.324 42.658 90.077
21.256 40.466 89.919
22.405 42.218 90.193
21.936 41.322 90.127
21.178 41.517 90.159
21.407 42.476 90.224
-7.038 41.299 90.451
25.953 45.694 88.98
27.123 46.719 88.393
27.26 48.021 88.091
28.564 49.077 87.351
28.054 50.886 87.273
28.387 49.93 87.156
29.156 52.442 87.976
28.657 51.806 87.066
29.805 52.135 91.302
29.59 52.638 88.663
30.455 51.598 91.838
30.536 51.107 92.415
29.859 48.787 95.922
29.227 50.204 94.948
23.967 45.075 89.718
22.063 43.865 90.118
27.36 49.145 87.785
28.307 49.238 87.382
28.268 51.916 87.748
29.519 52.569 90.202
29.917 52.663 89.361
29.248 51.245 93.072
25.012 46.93 89.174
25.988 47.998 88.601
26.768 48.381 88.187
28.534 52.42 88.902
28.532 52.484 91.265
29.288 52.638 89.42
28.106 50.822 94.965
22.328 45.481 90.01
24.054 48.38 89.343
26.402 49.973 88.206
27.177 51.206 88.019
27.245 51.904 88.799
28.56 52.597 90.127
27.824 51.974 93.071
28.029 51.38 93.824
22.624 46.989 89.854
25.018 47.746 89.064
27.366 52.47 90.033
27.636 52.671 91.061
27.433 52.572 92.078
28.323 51.566 93.161
22.505 48.286 89.773
25.369 49.132 88.718
26.071 51.143 88.808
25.941 52.148 89.892
26.321 52.642 93.268
21.126 48.149 89.908
23.322 53.358 92.899
22.06 49.244 89.805
25.078 50.085 88.942
26.349 52.625 90.626
26.785 52.761 91.035
26.568 52.846 91.977
25.296 53.121 93.034
24.48 53.366 92.657
22.73 50.147 89.708
24.505 51.461 89.731
25.748 52.645 90.694
24.401 53.204 91.797
21.105 49.424 89.938
20.807 50.312 90.303
23.944 50.273 89.423
24.924 52.186 90.155
24.952 52.697 90.798
25.595 52.984 91.554
20.51 49.345 89.926
19.312 50.636 91.606
23.829 52.892 91.347
22.286 51.042 90.105
23.197 51.091 89.884
24.147 52.352 90.534
20.456 51.584 91.62
22.482 52.143 91.185
-35.376 45.807 106.494
-35.874 47.006 109.245
-34.791 48.917 110.522
-33.674 50.809 111.521
-32.437 51.773 112.172
-30.975 51.595 112.85
-29.918 51.044 113.112
-27.148 50.551 113.814
-35.341 46.316 107.368
-34.326 47.491 108.096
-28.947 50.293 112.388
-28.383 50.673 113.548
-33.535 49.724 110.257
-32.216 50.736 110.772
-31.46 50.914 111.249
-30.162 50.746 112.356
-33.529 49.034 109.403
-30.369 50.312 111.169
-35.583 42.163 96.668
-35.081 42.511 100.244
-35.263 41.945 98.325
-35.171 43.569 102.484
-33.83 43.304 96.101
-32.962 43.788 93.984
-31.449 44.393 91.372
-34.13 45.948 105.413
-33.726 47.077 106.829
-32.512 49.786 109.529
-27.639 49.795 111.879
-32.933 48.842 108.533
-31.163 49.971 109.728
-29.238 49.502 110.452
-34.408 44.811 103.768
-34.568 45.18 104.578
-26.953 49.795 111.992
-33.439 47.657 107.452
-28.24 49.46 110.913
-32.525 48.192 107.301
-30.056 49.528 109.684
-34.137 42.748 97.895
-33.808 43.814 101.432
-33.907 42.922 99.361
-33.913 44.518 102.755
-32.825 47.122 106.001
-33.725 45.619 104.439
-31.354 49.108 107.93
-27.084 49.253 110.365
-32.245 49.134 108.312
-29.964 49.052 108.344
-28.36 49.099 109.875
-29.161 49.06 109.2
-32.45 43.6 98.746
-33.916 43.219 100.376
-32.291 43.557 97.319
-32.905 45.6 103.576
-32.808 46.384 104.793
-32.971 44.772 102.286
-33.079 43.673 100.293
-31.113 47.614 105.58
-33.174 45.877 104.296
-30.144 48.4 106.849
-28.1 48.856 109.014
-31.454 48.558 106.875
-28.922 48.818 108.423
-32.488 44.413 101.246
-31.524 45.391 102.182
-31.72 46.566 104.167
-27.102 48.804 108.866
-29.189 48.503 107.478
-31.007 48.598 106.776
-29.1 48.74 107.992
-32.145 44.09 100.216
-31.484 46.154 103.28
-26.638 48.555 108.281
-28.288 47.603 106.443
-27.929 48.482 107.939
-30.823 46.105 102.849
-29.943 47.089 104.658
-26.895 46.87 106.074
-29.637 47.559 105.655
-29.844 47.281 105.045
-28.325 46.602 104.65
-27.721 46.676 105.589
-31.45 43.734 97.887
-30.164 46.575 103.741
-31.487 44.117 99.724
-31.328 44.593 100.695
-29.784 45.822 102.34
-25.586 46.669 105.659
-26.981 46.297 105.131
-31.218 43.91 98.764
-31.33 43.979 99.212
-29.906 45.045 101.048
-27.56 45.956 102.986
-27.143 46.145 104.618
-28.184 45.35 101.524
-27.345 46.13 103.848
-30.292 44.241 99.464
-27.937 44.483 100.082
-26.016 46.217 104.247
-25.41 45.285 101.392
-24.923 46.008 102.91
-23.536 45.987 102.348
-23.144 45.724 101.544
-9.978 42.018 91.349
-22.925 45.377 100.598
-11.452 41.937 91.612
-21.932 46.125 101.39
-21.368 46.308 100.776
-20.679 46.344 99.863
-20.8 44.606 98.948
-19.474 46.379 98.672
-19.14 45.136 97.911
-17.389 44.511 96.491
-31.001 43.567 90.137
-31.252 44.979 89.496
-32.262 43.982 92.821
-30.941 44.322 90.817
-31.676 44.047 92.367
-31.394 43.583 96.188
-30.691 43.929 98.401
-28.859 43.961 98.886
-25.224 43.832 99.443
-22.614 44.403 99.636
-19.692 42.711 97.293
-31.434 41.892 90.07
-31.546 43.758 93.832
-30.38 43.563 92.961
-30.679 43.767 97.624
-29.86 43.862 98.251
-27.512 43.652 98.742
-21.125 43.222 98.662
-30.319 43.233 91.54
-30.334 43.475 94.976
-29.971 43.598 97.262
-28.699 43.486 97.809
-23.501 42.942 98.838
-22.066 43.505 99.126
-20.921 42.783 98.332
-29.192 43.158 96.172
-24.914 42.596 98.29
-21.906 42.508 98.263
-33.891 35.588 89.423
-33.857 38.572 89.096
-34.592 36.51 89.257
-33.061 39.916 89.271
-31.92 40.137 89.908
-29.823 41.312 91.46
-26.844 42.668 97.211
-29.443 42.476 92.695
-29.72 43.323 95.464
-24.034 41.637 97.15
-33.876 37.383 89.209
-34.144 36.774 89.254
-30.995 40.733 90.542
-28.084 42.222 94.73
-29.562 43.206 94.923
-28.033 42.679 96.133
-33.073 37.457 89.338
-31.946 38.19 89.739
-32.383 39.332 89.661
-30.492 39.33 90.669
-28.377 41.367 93.082
-25.936 41.394 95.673
-33.341 36.65 89.328
-32.759 35.907 89.422
-29.314 39.437 91.39
-27.551 41.19 93.865
-28.311 40.574 92.51
-24.382 40.46 95.499
-32.401 36.721 89.428
-26.929 41.047 94.276
-26.834 39.992 93.365
-25.667 40.482 94.627
-26.631 41.285 94.817
-36.404 24.131 89.488
-36.385 30.1 89.326
-37.093 26.629 89.236
-37.02 25.538 89.16
-36.334 31.001 89.381
-35.514 22.543 91.218
-35.462 31.953 89.477
-35.473 20.559 92.729
-34.669 19.712 92.945
-32.021 35.835 89.466
-35.741 26.146 89.432
-35.148 23.789 90.517
-36.195 29.448 89.313
-36.296 27.714 89.326
-34.238 21.287 92.483
-33.695 32.413 89.692
-35.025 24.992 89.964
-35.551 30.833 89.408
-35.319 30.113 89.371
-36.213 28.759 89.312
-34.427 22.95 91.513
-34.246 30.812 89.421
-35.19 29.251 89.359
-35.541 28.439 89.37
-35.38 27.693 89.401
-33.893 23.778 91.273
-33.017 22.791 92.191
-34.371 29.833 89.337
-34.731 27.617 89.449
-33.123 23.974 91.496
-34.786 28.466 89.395
-33.635 34.004 89.66
-30.369 37.922 90.433
-28.741 37.585 91.27
-28.055 39.417 92.206
-32.184 34.508 89.676
-31.376 36.327 89.641
-34.27 26.02 89.926
-33.573 24.993 90.638
-32.137 30.913 89.461
-34.08 29.082 89.332
-33.929 27.316 89.573
-33.082 29.663 89.227
-34.088 28.286 89.413
-31.96 24.111 91.677
-30.287 36.778 90.215
-27.03 39.072 92.769
-31.448 35.455 89.596
-33.032 33.337 89.854
-32.621 31.921 89.843
-30.268 34.917 90.014
-32.874 32.588 89.963
-33.226 26.54 89.97
-31.928 31.775 89.782
-31.87 29.701 89.088
-33.219 28.532 89.315
-31.938 26.295 90.196
-31.145 25.206 91.009
-32.385 33.084 89.93
-29.155 35.883 90.641
-30.943 33.829 89.802
-32.584 27.625 89.52
-32.263 32.343 89.959
-31.32 31.589 89.667
-30.576 29.677 89.197
-31.855 28.743 89.119
-30.424 26.247 90.206
-31.367 32.673 89.81
-28.855 34.849 90.637
-30.135 33.205 89.951
-30.039 31.491 89.773
-31.551 27.684 89.377
-30.352 27.989 89.319
-31.076 27.179 89.59
-10.294 39.153 90.655
-10.134 37.36 90.724
-13.786 44.462 93.736
-15.285 44.386 94.26
-16.29 44.079 95.268
-17.314 42.937 95.816
-21.795 41.398 96.937
-22.827 40.418 95.902
-23.4 38.93 94.319
-11.3 39.109 90.756
-11.239 40.987 90.987
-12.529 43.457 92.772
-18.29 42.373 96.442
-11.415 40.044 90.769
-11.697 40.647 90.959
-13.059 42.182 91.915
-13.656 43.023 92.502
-14.487 43.123 92.759
-16.114 42.274 93.792
-11.792 37.748 90.768
-12.077 39.889 90.903
-13.387 40.656 91.384
-15.161 42.916 93.021
-12.507 38.956 90.971
-13.923 42.148 91.957
-14.714 41.914 92.171
-15.417 41.097 92.292
-14.506 41.136 91.641
-18.227 41.706 95.914
-17.248 41.777 94.97
-13.008 37.285 90.84
-13.384 38.928 91.208
-16.4 41.03 93.248
-14.607 40.677 91.599
-19.218 41.341 96.231
-17.778 40.519 94.434
-14.126 39.323 91.45
-16.531 40.181 93.062
-14.495 40.06 91.552
-15.397 40.11 92.022
-18.834 40.895 95.634
-13.889 38.285 91.268
-14.581 38.478 91.507
-15.079 39.234 91.79
-16.557 38.946 92.69
-17.262 39.938 93.806
-17.267 39.402 93.56
-15.551 37.964 91.893
-17.435 38.882 93.385
-14.375 37.14 91.185
-26.239 37.882 92.702
-27.755 35.33 91.349
-20.431 40.387 95.607
-17.571 39.737 94.04
-17.265 37.013 92.726
-17.741 38.923 93.69
-18.393 38.241 93.556
-15.743 36.212 91.88
-27.057 36.504 91.953
-21.048 38.985 94.637
-19.429 39.135 94.447
-18.018 39.276 94.038
-22.363 37.182 93.698
-20.914 37.792 93.951
-28.3 33.295 90.769
-28.95 30.104 89.732
-29.628 27.042 89.671
-23.394 36.548 93.25
-25.536 35.394 92.379
-20.036 36.016 93.289
-21.835 36.518 93.469
-29.61 26.339 90.046
-27.897 31.102 90.566
-29.129 28.989 89.51
-28.562 27.606 89.992
-26.598 34.022 91.8
-22.476 36.632 93.474
-26.725 33.08 91.619
-23.507 35.129 92.843
-25.479 34.128 92.289
-22.072 35.525 93.12
-24.144 34.119 92.592
-22.467 34.523 92.903
-29.227 25.23 91.03
-27.289 29.336 90.657
-26.31 31.961 91.613
-28.978 26.43 90.173
-25.362 33.174 92.192
-26.508 30.496 91.335
-27.645 25.514 91.288
-26.565 29.927 91.244
-17.619 34.117 93.285
-21.383 34.978 93.079
-22.76 33.718 92.819
-23.762 33.148 92.625
-21.043 34.097 93.096
-24.056 31.945 92.525
-25.869 29.712 91.61
-22.436 32.846 92.931
-22.317 31.572 93.094
-1.368 20.177 93.163
-0.918 21.404 92.592
-0.729 24.848 91.685
-1.591 21.765 92.53
-1.85 24.09 92.014
-1.579 25.194 91.81
-1.643 22.5 92.313
-1.829 23.028 92.227
-2.487 21.268 92.801
-2.378 22.437 92.435
-2.486 23.36 92.247
-3.636 20.932 93.067
-1.847 26.134 91.769
-1.527 26.993 91.666
-8.249 35.788 91.016
-11.723 36.007 90.577
-13.534 35.648 90.496
-14.487 35.429 90.943
-15.534 34.7 91.914
-2.415 25.216 91.908
-3.174 24.23 92.124
-3.349 22.163 92.614
-3.104 23.079 92.368
-9.947 35.195 90.801
-10.812 35.713 90.647
-12.704 35.452 90.39
-16.093 34.208 92.538
-16.891 33.075 94.237
-4.36 21.961 92.842
-2.448 27.2 91.722
-3.165 28.117 91.635
-7.741 34.429 91.05
-8.873 34.161 91.005
-10.978 34.428 90.647
-12.08 34.329 90.375
-12.925 34.265 90.219
-13.646 34.26 90.379
-14.392 33.994 91.117
-15.473 33.405 92.676
-16.955 33.603 93.985
-3.248 25.429 91.919
-2.843 26.206 91.826
-4.026 23.231 92.423
-3.814 28.718 91.573
-9.917 33.888 90.885
-16.518 33.451 93.792
-16.069 32.824 93.942
-4.175 25.196 91.976
-4.047 24.186 92.176
-5.28 22.943 92.799
-7.075 22.545 94.052
-3.462 27.061 91.772
-4.557 28.874 91.554
-6.826 33.845 90.988
-7.763 33.244 91.078
-9.042 32.587 91.2
-11.438 33.055 90.74
-12.351 33.274 90.402
-12.983 33.103 90.448
-13.616 33.172 90.705
-14.121 32.641 91.701
-15.424 31.905 93.748
-3.715 26.171 91.839
-4.745 24.081 92.253
-4.157 27.86 91.702
-4.667 29.758 91.399
-4.838 30.823 91.195
-6.485 32.883 90.982
-5.738 31.923 91.048
-10.402 33.078 90.96
-14.637 32.247 92.671
-4.261 26.119 91.836
-6.032 23.999 92.621
-4.391 26.845 91.778
-5.284 27.628 91.72
-5.449 29.367 91.504
-7.25 31.728 91.265
-10.504 31.464 91.569
-12.112 32.137 91.038
-13.15 32.018 91.367
-14.102 31.041 93.041
-5.38 25.099 92.054
-4.782 26.104 91.838
-5.389 23.974 92.353
-7.09 24.903 92.933
-6.212 30.486 91.371
-8.497 30.447 91.751
-7.495 23.726 93.952
-6.148 25 92.249
-8.67 23.546 94.987
-4.986 26.78 91.766
-7.018 28.53 91.853
-7.169 30.337 91.531
-9.749 30.289 92.079
-12.158 30.409 92.464
-5.356 26.392 91.817
-8.119 24.365 94.145
-6.157 26.275 91.986
-10.801 24.914 95.531
-9.476 29.416 92.378
-10.716 29.922 92.438
-9.163 25.525 94.026
-6.961 26.582 92.171
-10.344 25.258 95.058
-9.492 24.48 95.133
-8.353 29.142 92.107
-11.348 29.598 92.725
-8.004 26.775 92.657
-8.858 28.231 92.538
-9.84 27.004 93.472
0.398 12.561 95.839
0.946 15.909 94.801
0.069 18 94.092
-0.913 18.556 93.913
-2.57 20.072 93.313
-4.449 21.268 93.069
-5.419 21.074 93.593
0.892 14.071 95.343
0.675 15.171 95.063
0.111 16.112 94.836
0.063 17.065 94.513
-2.257 18.255 94.163
-3.199 19.627 93.622
-4.43 20.849 93.249
-6.983 21.041 94.49
-0.775 17.162 94.536
-4.302 19.841 93.73
-6.953 19.312 94.859
-7.42 21.468 94.657
-0.07 14.874 95.211
-1.61 16.638 94.785
-3.392 18.886 94.047
-5.414 19.747 94.083
-0.875 15.786 95.014
-4.053 18.607 94.263
-5.168 18.635 94.411
-1.109 14.528 95.34
-26.741 27.372 91.061
-25.046 30.632 92.104
-20.703 32.529 93.377
-25.394 28.262 91.738
-23.122 30.196 92.866
-17.919 32.025 94.584
-16.536 32.224 94.454
-14.298 28.88 94.583
-11.13 28.637 93.246
-12.627 25.795 95.395
-19.446 32.069 93.984
-24.487 29.273 92.254
-21.285 30.243 93.647
-15.281 30.36 94.392
-14.476 30.086 94.01
-24.373 28.384 92.231
-22.24 29.97 93.231
-16.627 31.255 94.718
-19.471 31.119 94.495
-24.44 27.723 92.212
-23.425 28.433 92.694
-22.421 29.517 93.131
-17.775 30.924 95.06
-18.718 30.925 94.936
-16.97 29.928 95.102
-14.61 27.051 95.596
-15.584 29.381 95.062
-19.598 30.017 94.662
-22.242 28.947 93.214
-15.342 28.986 95.16
-20.461 28.906 94.232
-18.431 30.133 95.09
-16.374 28.629 95.355
-18.861 28.561 94.972
-33.921 18.168 92.884
-34.145 16.504 96.696
-33.835 18.017 99.301
-32.957 16.312 92.693
-32.752 15.639 93.17
-33.424 14.552 93.451
-33.24 15.385 94.434
-33.853 19.66 101.629
-33.598 19.641 92.938
-32.684 21.351 92.936
-31.73 22.625 92.672
-30.252 24.021 91.913
-28.461 24.156 91.94
-24.772 26.051 92.33
-32.961 17.359 92.773
-33.793 19 100.667
-32.781 16.331 95.665
-32.943 20.134 93.041
-31.942 21.823 92.97
-33.063 20.841 92.99
-30.968 22.889 92.654
-29.11 23.801 92.159
-33.158 17.471 98.263
-32.17 18.855 93.11
-32.084 17.433 92.994
-31.723 16.909 93.432
-32.423 15.946 94.36
-31.527 20.751 93.287
-32.346 20.429 93.197
-30.899 21.7 93.211
-30.166 22.406 92.987
-32.586 17.67 99.106
-31.632 16.621 94.218
-31.244 16.982 95.942
-32.267 19.762 93.2
-31.781 19.849 93.273
-30.509 20.692 93.447
-29.759 21.399 93.365
-30.874 19.783 93.357
-29.119 22.67 92.836
-30.904 18.121 93.544
-30.447 17.512 94.834
-30.736 18.998 93.34
-29.672 20.353 93.481
-28.314 21.406 93.251
-29.955 19.543 93.452
-29.788 18.982 93.632
-29.475 18.389 94.373
-9.11 22.546 95.484
-16.22 27.151 95.76
-21.921 27.872 93.484
-20.457 28.047 94.26
-17.797 27.416 95.566
-27.78 23.252 92.482
-28.592 23.349 92.5
-28.587 19.901 93.648
-20.499 27.154 94.333
-19.201 26.964 95.13
-26.515 24.184 92.201
-22.149 25.845 93.594
-25.87 22.359 92.988
-27.34 20.828 93.441
-23.69 23.67 93.164
-20.396 26.052 94.608
-21.507 24.611 94.408
-22.788 23.595 93.78
-24.609 22.58 92.933
-22.298 23.234 94.725
-23.35 22.701 93.759
-9.62 23.91 95.564
-11.217 23.825 96.094
-8.622 21.031 95.507
-15.4 26.113 96.037
-18.609 25.807 95.639
-12.679 24.421 96.335
-16.732 24.267 96.434
-16.754 25.899 96.153
-12.734 24.036 96.616
-14.427 24.711 96.211
-12.69 23.92 96.631
-10.38 22.152 96.195
-24.332 22.108 93.323
-20.17 23.831 96.071
-23.075 22.38 94.427
-13.508 23.771 96.506
-11.99 22.305 96.588
-22.733 22.232 95.272
-15.012 22.243 96.679
-19.404 23.545 96.73
-16.952 21.952 97.072
-8.145 11.704 113.906
-7.047 11.937 113.418
-0.428 6.656 98.076
-1.565 11.586 108.236
-0.723 2.867 100.303
-0.235 2.405 101.345
0.341 2.726 102.1
0.78 5.363 102.27
0.252 9.594 103.179
1.008 6.951 102.349
1.514 11.45 105.145
0.923 7.221 97.751
0.924 8.295 97.363
0.499 10.926 96.392
-0.219 13.776 95.508
-2.425 16.552 94.826
-3.396 18.046 94.419
-1.909 15.532 95.104
-6.037 18.082 94.709
-4.269 17.601 94.619
-8.435 19.833 95.651
-10.774 21.265 96.461
-13.241 21.647 96.668
-15.081 20.837 96.831
-0.678 5.403 98.584
-0.627 11.675 107.164
-1.536 3.175 99.813
-0.004 11.674 105.691
-0.879 2.998 101.886
-0.556 5.488 102.039
0.746 10.911 104.394
0.618 8.349 102.362
-0.541 9.248 97.02
-0.816 11.659 96.15
-1.427 12.967 95.723
-3.312 16.993 94.727
-5.431 17.255 94.748
-6.681 17.301 94.962
-2.413 14.266 95.362
-8.733 19.105 95.766
-9.549 19.984 96.134
-10.047 20.645 96.312
-12.022 21.24 96.703
-13.92 20.809 96.588
-8.191 11.21 112.714
-1.224 5.479 98.608
-3.408 11.679 108.185
-1.819 11.455 106.135
-2.076 2.73 100.801
-1.983 3.787 99.236
-0.645 3.843 102.111
-0.507 11.001 104.6
0.264 8.668 102.351
-0.202 7.98 102.271
-0.874 10.648 96.471
-3.334 15.472 95.08
-8.46 17.511 95.624
-4.541 16.304 94.899
-11.086 20.372 96.566
-12.975 20.532 96.608
-12.365 20.706 96.684
-14.47 19.742 96.975
-6.993 11.359 111.321
-6.335 11.359 109.877
-4.327 11.776 109.093
-1.725 4.692 98.894
-1.621 6.373 98.312
-2.658 3.084 99.743
-1.756 4.021 101.878
-1.409 10.644 104.256
-2.268 7.559 97.823
-1.683 10.28 96.527
-1.817 11.193 96.211
-1.718 11.925 96.014
-5.969 16.032 94.995
-7.214 16.162 95.223
-2.964 13.187 95.556
-3.966 14.01 95.351
-10.306 19.015 96.281
-13.014 19.799 96.567
-13.913 19.925 96.609
-13.596 18.31 97.617
-5.193 11.496 108.704
-2.33 5.796 98.576
-3.431 11.365 106.338
-2.336 3.199 101.589
-3.078 3.694 99.196
-2.685 4.581 98.932
-1.712 7.548 102.097
-2.62 5.88 101.71
-1.49 9.489 103.076
-2.205 9.455 96.88
-2.762 12.05 95.864
-5.065 14.976 95.162
-8.049 15.658 95.671
-10.209 17.746 96.286
-11.996 19.83 96.589
-13.782 19.293 96.83
-7.617 11.002 110.338
-6.757 11.201 108.619
-4.787 11.395 107.144
-2.538 11.034 105.008
-3.481 3.13 101.156
-3.297 2.78 100.142
-4.074 3.234 99.56
-3.584 4.277 101.526
-2.061 10.537 104.042
-3.598 9.119 97.086
-2.95 10.69 96.309
-6.752 14.949 95.387
-9.461 16.209 96.292
-4.292 12.745 95.652
-5.762 13.689 95.581
-11.894 18.606 96.691
-13.236 19.189 96.745
-8.594 10.659 110.041
-7.725 10.978 109.36
-5.991 11.339 107.796
-3.343 5.576 98.685
-3.065 6.492 98.382
-4.166 11.235 106.046
-3.438 11.068 105.225
-3.543 2.761 100.609
-3.673 3.709 99.127
-3.603 4.405 98.953
-2.639 9.099 102.72
-2.868 7.685 101.974
-4.39 6.074 101.495
-2.705 10.434 103.982
-4.095 7.011 98.16
-8.225 13.882 96.285
-4.124 11.659 95.949
-10.817 17.281 96.643
-8.609 10.908 108.169
-7.209 11.31 107.563
-5.017 11.164 105.866
-4.692 3.75 101.182
-4.663 3.098 100.674
-4.119 2.837 100.162
-4.16 3.883 99.119
-3.611 7.144 101.745
-5.841 5.094 101.302
-4.419 8.489 97.487
-4.555 10.609 96.425
-9.788 15.166 96.783
-6.127 11.894 96.196
-10.633 16.044 96.955
-11.784 17.388 97.063
-12.933 16.074 98.22
-9.199 10.513 109.226
-6.415 11.446 106.437
-4.091 5.35 98.748
-4.278 10.962 105.025
-3.511 10.747 104.401
-4.91 3.011 100.095
-5.32 4.031 99.303
-3.941 8.894 102.608
-4.411 7.462 101.781
-5.54 6.29 101.405
-3.319 10.069 103.495
-5.209 8.184 97.74
-4.865 9.387 97.074
-10.443 14.124 97.206
-11.903 16.182 97.492
-8.718 11.563 106.195
-4.402 4.539 98.972
-5.924 10.397 104
-5.72 3.812 100.97
-5.653 3.288 99.92
-5.085 7.022 101.582
-6.272 6.348 101.373
-5.681 6.797 98.385
-5.939 10.278 96.792
-7.996 11.624 96.728
-9.345 11.912 97.061
-10.261 15.215 97.039
-11.986 14.617 97.942
-7.349 11.797 106.224
-5.007 5.434 98.79
-7.258 11.709 105.492
-4.1 10.386 103.932
-7.167 4.303 101.091
-5.899 3.362 100.518
-6.725 3.629 99.896
-5.227 8.252 102.159
-5.879 7.192 101.582
-7.151 6.316 101.341
-6.474 8.167 97.891
-5.785 9.122 97.352
-7.248 11.28 96.601
-10.37 11.691 97.354
-6.845 10.888 96.664
-11.381 12.257 97.825
-11.757 10.504 98.819
-7.481 11.473 104.48
-7.438 5.379 101.313
-6.962 3.538 100.519
-6.329 4.094 99.44
-6.521 5.28 99.027
-6.617 7.067 101.474
-6.752 6.935 98.427
-6.606 9.374 97.335
-7.708 10.561 96.986
-8.749 10.383 97.257
-9.788 10.331 97.383
-7.014 10.081 97.053
-11.935 10.882 99.522
-12.317 11.261 102.278
-8.298 11.771 104.933
-8.715 10.532 103.448
-8.294 5.198 101.412
-6.955 4.156 99.579
-6.482 8.265 102.009
-7.157 7.348 101.471
-8.235 6.079 101.391
-7.369 7.772 98.134
-10.63 10.419 97.496
-11.166 10.55 97.753
-11.66 10.325 99.191
-12.122 11.157 100.396
-9.239 11.71 104.925
-7.387 9.246 102.468
-8.387 4.608 101.388
-8.136 4.018 101.099
-8 3.665 100.614
-8.064 4.077 99.999
-7.975 7.139 101.428
-7.704 6.849 98.526
-7.822 9.053 97.615
-9.12 9.299 97.593
-9.95 9.068 97.729
-10.833 9.326 97.937
-11.568 9.455 100.319
-10.839 10.347 102.71
-8.499 8.348 101.878
-8.971 5.08 101.538
-7.425 4.617 99.49
-7.489 8.085 101.688
-8.962 5.695 101.508
-7.87 5.512 99.16
-7.961 7.925 98.088
-11.148 8.253 98.698
-11.746 7.072 99.972
-10.217 7.974 101.639
-8.94 4.573 101.445
-9.037 4.107 101.214
-9.098 3.781 100.798
-8.056 4.765 99.567
-9.025 6.758 101.505
-8.712 6.622 98.753
-8.811 8.025 98.087
-10.119 7.412 98.604
-11.699 7.765 100.216
-9.815 5.347 101.566
-9.554 4.122 100.389
-9.132 5.356 99.503
-10.981 6.917 99.191
-11.61 6.952 100.837
-10.07 4.081 101.369
-10.072 3.775 100.992
-10.604 6.876 99.014
-11.242 5.638 99.961
-12.116 5.95 100.916
-11.119 5.895 101.551
-10.816 3.95 100.817
-10.431 4.836 100.11
-10.476 6.161 99.384
-11.966 4.79 100.727
-12.322 5.125 101.135
-12.051 5.177 101.559
-11.293 4.536 101.745
-11.026 3.851 101.406
-11.286 4.5 100.505
-11.654 4.021 100.901
-12.368 4.193 101.417
-12.406 4.42 101.734
-12.139 4.38 101.913
-12.026 3.984 101.715
-11.712 3.761 101.289
-12.114 3.952 101.18
-12.199 3.812 101.467
-32.461 17.732 99.957
-29.06 17.98 95.608
-28.759 19.053 94.11
-26.537 20.065 94.007
-25.01 20.742 93.899
-21.67 22.736 96.098
-23.615 21.273 94.627
-20.033 23.338 96.773
-19.943 22.286 97.098
-16.105 20.26 97.744
-14.003 16.664 99.065
-13.217 14.254 99.178
-13.139 12.521 100.617
-27.611 18.524 95.328
-27.93 19.385 94.163
-22.819 21.531 95.693
-22.325 22.069 96.171
-18.328 21.348 97.755
-15.236 19.195 98.598
-14.713 18.124 99.106
-25.35 19.964 94.242
-24.786 19.388 95.434
-21.661 22.207 96.634
-22.909 20.809 95.839
-19.205 21.419 97.956
-18.97 20.205 98.9
-16.477 19.785 98.767
-14.559 15.817 99.96
-15.466 17.096 100.263
-23.417 20.252 95.598
-22.109 21.47 96.511
-16.271 18.976 99.818
-22.266 19.935 97.19
-16.972 17.967 100.949
-17.161 18.996 100.796
-17.589 19.526 100.222
-19.016 19.33 100.678
-20.002 19.669 100.304
-28.399 17.85 96.43
-21.252 19.442 98.748
-25.714 17.172 97.392
-23.789 17.359 98.194
-19.978 19.636 100.695
-20.692 19.032 100.015
-27.645 17.327 97.412
-22.2 18.433 98.984
-20.205 19.451 100.633
-14.075 11.991 118.113
-13.57 10.071 117.215
-12.195 9.719 117.684
-11.571 9.748 117.244
-11.021 9.855 116.294
-9.976 10.676 115.454
-9.048 11.108 114.057
-9.057 10.358 111.403
-10.058 9.944 110.148
-9.562 11.798 105.315
-10.388 10.582 116.379
-10.108 9.827 113.483
-10.307 10.014 109.317
-14.666 13.065 116.758
-14.402 11.412 116.178
-13.281 7.608 116.21
-12.09 8.375 116.201
-10.574 9.143 112.403
-10.864 9.053 111.413
-14.961 13.732 116.275
-15.4 9.631 115.182
-15.059 8.043 115.772
-11.627 8.53 115.277
-10.931 9.407 114.877
-11.331 8.201 113.355
-11.164 9.154 110.528
-14.86 13.464 115.932
-14.685 12.545 115.611
-14.682 6.788 115.668
-12.615 6.726 115.479
-12.104 7.332 115.025
-11.453 8.273 114.298
-11.488 8.12 112.526
-12.104 8.224 111.2
-17.377 8.467 115.081
-16.818 6.602 115.346
-13.846 6.235 115.509
-13.105 6.228 115.509
-12.02 7.093 114.137
-11.969 7.256 113.348
-11.708 8.122 111.936
-16.263 9.054 114.738
-14.991 6.168 115.239
-12.942 5.992 114.671
-12.426 6.417 114.722
-12.298 7.243 112.622
-13.047 7.143 112
-18.745 7.088 115.683
-15.757 6.008 114.63
-14.389 5.86 114.804
-13.499 5.82 115.017
-12.466 6.464 113.879
-13.745 6.625 112.374
-25.045 8.142 118.122
-20.487 8.269 115.945
-18.719 6.36 115.731
-17.258 5.964 114.692
-13.907 5.896 113.966
-13.143 6.31 113.296
-24.025 7.154 115.236
-24.625 7.412 117.893
-24.545 7.908 118.406
-20.039 6.593 116.139
-19.044 5.848 115.492
-16.438 6.173 113.549
-15.019 5.929 114.048
-13.726 6.12 113.195
-24.095 6.94 116.632
-23.863 7.291 118.381
-22.84 6.982 117.63
-21.489 7.049 116.871
-18.295 5.778 114.374
-14.15 6.221 112.994
-23.565 7.114 114.235
-22.926 6.348 115.191
-23.81 6.822 117.87
-24.236 7.176 118.426
-21.251 5.981 116.413
-19.464 5.439 115.026
-14.901 6.242 113.135
-22.889 6.281 116.757
-20.243 5.418 115.638
-19.401 5.647 114.244
-21.959 5.716 115.8
-21.651 6.05 114.152
-21.036 5.416 115.699
-20.32 5.352 115.059
-22.014 5.764 115.095
-20.502 5.681 114.255
-21.275 5.513 115.068
-10.407 10.124 108.605
-10.554 10.512 107.336
-10.115 11.293 104.726
-11.663 10.826 104.554
-13.143 12.287 102.075
-14.535 14.27 100.616
-14.729 15.093 100.327
-15.547 15.836 100.705
-17.421 16.009 101.469
-17.864 18.598 101.112
-11.638 9.212 109.625
-15.902 11.391 114.744
-16.375 9.67 114.546
-13.842 7.858 110.566
-19.211 9.088 115.011
-20.361 9.832 114.998
-18.181 6.352 113.04
-15.533 6.959 111.962
-14.453 6.725 112.196
-19.693 6.088 113.405
-20.608 6.219 113.326
-10.818 10.9 105.951
-12.992 10.743 105.069
-13.502 11.722 103.722
-14.085 12.742 102.432
-15.921 13.902 102.291
-15.716 10.102 114.54
-16.767 6.719 112.431
-11.928 9.58 108.188
-12.2 10.142 106.612
-15.65 15.077 101.091
-12.933 8.808 109.025
-17.038 7.541 111.103
-13.458 9.852 106.787
-13.42 11.114 104.82
-15.251 12.192 104.318
-13.65 8.609 108.931
-15.39 7.67 110.777
-13.102 9.209 107.975
-13.453 10.371 105.908
-13.982 10.762 105.63
-14.22 8.604 108.971
-15.278 8.427 109.495
-15.83 10.735 106.567
-13.822 9.036 108.114
-16.753 8.863 109.144
-14.536 9.464 107.699
-17.011 10.959 106.818
-15.65 9.406 108.136
-16.568 9.973 107.725
-33.47 19.649 103.176
-33.054 18.708 101.715
-31.822 17.207 97.913
-29.282 17.312 97.452
-31.887 17.596 101.42
-31.446 17.331 100.006
-24.773 16.795 97.889
-26.703 16.513 98.383
-22.441 17.248 99.652
-20.027 18.979 100.743
-21.433 17.828 100.15
-24.401 8.085 114.171
-22.582 6.974 113.239
-19.476 17.833 100.986
-18.298 10.312 114.527
-21.267 6.76 112.726
-19.708 7.089 111.94
-18.76 12.569 105.81
-18.792 14.82 102.751
-18.978 8.634 109.869
-17.513 10.711 107.275
-17.657 9.681 108.394
-30.648 17.332 97.45
-28.203 17.141 97.965
-24.815 16.251 98.383
-25.75 15.92 98.744
-27.869 16.67 98.708
-22.601 16.272 100.122
-23.642 7.616 113.258
-20.415 15.877 101.618
-18.917 15.553 101.956
-32.694 18.748 103.583
-32.295 18.214 102.523
-30.383 17.295 98.2
-31.039 17.067 101.026
-29.912 16.849 99.531
-23.968 15.781 99.428
-26.787 15.796 99.514
-21.386 16.908 100.607
-23.122 7.789 112.176
-21.431 8.105 110.934
-20.11 7.826 110.924
-21.167 14.742 103.597
-18.506 9.742 108.569
-18.269 10.576 107.666
-31.816 17.809 103.478
-30.417 16.746 100.829
-30.499 16.61 101.804
-28.744 16.708 99.143
-24.933 15.377 99.243
-25.712 15.161 99.848
-28.14 15.961 100.289
-23.152 15.224 101.301
-20.726 14.41 104.978
-19.33 10.226 108.296
-30.806 16.797 103.144
-24.405 15.113 99.949
-26.731 15.07 100.9
-23.294 8.337 111.106
-20.288 9.32 109.395
-20.478 14.131 105.604
-21.559 14.812 104.732
-21.37 10.599 108.5
-29.316 15.962 101.501
-29.73 15.874 102.851
-24.999 14.996 99.794
-25.841 14.895 100.633
-27.798 15.115 102.011
-24.948 14.9 100.691
-22.965 9.208 109.64
-22.699 14.534 105.099
-22.916 14.872 103.091
-25.867 14.784 101.518
-26.918 14.813 101.878
-24.555 14.761 102.764
-28.82 15.275 102.75
-29.105 15.341 103.663
-26.531 14.763 101.753
-26.357 14.694 103.021
-24.78 10.1 109.578
-22.268 9.653 108.985
-28.049 14.919 103.641
-22.504 9.821 108.965
-25.074 14.438 104.768
-27.08 14.696 104.531
-25.328 14.629 103.435
-25.714 11.76 108.79
-26.053 14.588 104.529
-25.121 10.705 108.886
-39.39 29.29 105.195
-37.501 25.663 104.974
-39.027 27.843 104.113
-40.012 31.971 106.195
-40.583 33.53 107.003
-41.737 35.018 108.566
-41.955 34.93 109.582
-42.631 34.995 110.99
-43.524 35.129 112.492
-44.175 35.238 113.925
-44.081 35.397 115.344
-44.462 36.006 116.278
-43.139 36.049 116.53
-41.872 39.494 117.627
-40.203 41.836 119.778
-39.294 40.731 122.349
-39.538 40.878 121.396
-37.581 40.664 123.006
-38.477 40.329 122.803
-36.522 42.368 123.646
-35.331 42.019 123.132
-33.55 42.555 122.829
-31.805 42.593 122.575
-29.82 43.469 122.859
-29.191 43.314 122.806
-39.667 30.591 105.788
-40.827 34.032 107.714
-41 34.16 108.611
-42.436 36.92 117.199
-42.509 37.62 117.287
-41.399 38.295 117.842
-40.175 39.047 119.139
-39.875 40.246 120.102
-39.02 39.967 122.113
-35.809 40.465 122.545
-30.854 42.515 122.446
-29.966 42.439 122.361
-40.065 32.593 107.062
-40.316 33.239 107.848
-41.785 34.336 110.699
-42.177 34.102 112.133
-42.973 34.371 113.822
-37.371 39.618 122.184
-38.442 39.645 122.251
-33.978 41.726 122.677
-32.285 41.521 122.389
-30.641 41.642 122.237
-41.204 34.069 109.856
-42.576 34.362 114.888
-42.321 34.937 115.718
-41.126 37.387 117.83
-40.064 37.914 118.771
-39.445 39.252 120.538
-39.359 39.802 121.219
-34.079 40.926 122.435
-38.243 38.824 121.417
-33.141 41.341 122.405
-31.389 41.347 122.289
-29.037 42.471 122.34
-40.345 33.338 108.617
-39.484 38.192 119.559
-39.081 38.456 120.389
-39.061 39.161 121.288
-36.815 38.593 121.295
-32.352 40.722 122.187
-29.908 41.556 122.103
-29.214 41.69 122.103
-39.139 37.501 119.512
-32.973 40.463 122.14
-36.807 24.323 104.409
-36.175 23.305 104.291
-38.52 27.733 105.419
-39.212 30.306 107.119
-40.95 36.485 117.586
-39.812 32.012 106.92
-35.26 38.821 121.5
-39.705 32.005 107.656
-40.412 33.201 109.57
-41.055 33.448 111.061
-41.735 33.424 113.325
-41.896 33.679 114.291
-41.142 35.378 116.565
-33.528 39.529 121.927
-31.46 40.412 122.165
-30.461 40.573 122.173
-39.885 32.515 108.655
-41.028 33.894 115.225
-40.01 37.186 118.543
-29.604 40.964 122.1
-37.069 37.722 120.6
-38.208 37.624 120.307
-32.122 39.783 122.019
-37.573 26.39 106.412
-38.82 28.59 105.885
-38.515 28.582 107.132
-39.595 31.476 107.041
-41.321 33.249 112.352
-41.351 34.735 115.846
-39.356 36.571 118.63
-35.656 37.737 120.657
-38.254 36.602 119.365
-37.189 25.644 106.427
-37.783 27.147 107.467
-38.735 29.401 107.695
-39.39 31.175 107.617
-39.636 35.679 117.622
-33.115 37.96 121.319
-40.062 32.42 110.818
-40.504 32.6 112.084
-40.901 32.784 113.033
-40.629 32.805 114.093
-40.626 34.59 115.995
-30.381 39.614 122.166
-28.88 39.681 122.265
-39.186 30.983 108.837
-39.713 32.119 109.668
-34.264 37.59 120.772
-37.168 36.645 119.748
-31.548 38.371 121.87
-31.072 39.264 122.073
-38.479 29.257 108.887
-39.662 34.741 116.674
-39.356 32.739 115.242
-39.728 33.816 115.816
-38.376 35.664 118.418
-35.9 36.641 119.871
-34.477 36.598 120.051
-37.181 35.446 118.798
-37.989 27.757 107.815
-38.344 34.651 117.486
-32.856 36.551 120.571
-31.35 36.941 121.497
-39.247 31.253 110.584
-39.516 31.578 111.992
-39.934 31.996 113.146
-38.972 31.46 114.235
-40.078 33.502 115.38
-29.809 38.295 122.248
-36.203 35.674 119.168
-38.735 30.092 109.314
-38.426 33.657 116.558
-30.018 37.263 122.134
-38.564 29.911 110.209
-34.84 35.142 119.075
-33.503 35.54 119.63
-37.441 34.655 118.074
-36.535 33.016 117.349
-31.151 35.768 120.922
-29.573 36.063 121.983
-38.46 30.118 111.958
-38.671 30.732 113.202
-37.586 32.161 116.126
-38.769 33.14 115.916
-32.304 35.232 119.896
-36.029 34.429 118.397
-29.436 37.442 122.363
-36.778 34.371 118.155
-31.145 34.7 120.064
-29.768 34.93 121.093
-32.061 34.449 119.415
-28.537 35.07 122.027
-34.123 20.622 103.944
-34.77 21.369 105.058
-16.743 13.916 121.198
-17.827 14.454 123.322
-15.7 13.629 119.042
-16.497 14.28 116.25
-15.37 13.067 115.263
-25.066 8.543 118.235
-25.236 8.232 117.521
-22.449 8.169 117.242
-24.799 7.94 115.773
-24.97 7.81 116.935
-23.818 8.362 118.017
-21.501 9.733 115.598
-20.493 11.414 114.583
-18.237 12.889 114.533
-24.383 8.683 112.456
-33.618 19.747 105.518
-32.353 18.362 105.019
-31.212 17.172 105.159
-21.405 14.631 105.459
-20.882 13.866 106.23
-20.74 12.732 106.975
-29.955 16.038 104.22
-24.209 8.983 110.674
-23.446 10.098 109.034
-22.551 10.564 108.787
-23.668 13.612 106.756
-28.913 15.335 104.917
-27.983 14.88 104.725
-26.22 14.468 105.51
-26.224 11.218 110.781
-25.712 14.556 104.927
-35.515 22.419 104.947
-36.115 23.341 105.964
-37.017 25.418 107.894
-36.824 24.87 106.527
-37.752 27.456 108.802
-37.836 31.161 115.193
-38.095 28.827 110.299
-37.175 29.488 114.231
-33.165 33.916 118.78
-34.819 33.076 117.981
-36.224 31.335 116.551
-37.778 28.506 111.491
-37.766 29.609 113.292
-31.598 33.495 119.002
-29.966 33.579 119.766
-28.206 33.942 120.994
-17.908 14.151 122.575
-17.811 13.947 123.018
-25.033 9.251 117.969
-25.496 9.113 117.653
-22.339 9.506 116.42
-21.404 10.566 115.048
-25.257 9.082 114.94
-16.33 13.029 114.901
-24.538 8.581 113.481
-22.137 13.255 107.089
-21.786 14.343 106.06
-22.456 11.611 108.382
-22.769 14.022 106.456
-25.483 13.515 106.99
-27.779 14.844 105.907
-25.168 9.762 111.205
-26.711 12.015 109.813
-37.334 26.428 108.701
-37.628 27.566 110.493
-36.161 30.192 115.812
-34.843 30.284 116.617
-37.592 28.857 112.677
-35.129 31.851 117.349
-35.359 22.164 105.511
-18.228 14.805 121.614
-16.738 14.253 120.182
-17.622 15.144 123.818
-17.915 15.312 119.56
-25.618 9.187 116.367
-23.357 9.397 117.254
-24.468 10.114 117.367
-22.203 10.678 115.554
-24.911 9.087 113.699
-20.585 13.083 114.519
-21.685 11.186 114.96
-32.64 18.327 107.074
-30.084 16.171 105.67
-24.472 11.057 108.672
-23.229 11.07 108.695
-24.614 12.259 108.005
-26.812 14.243 106.91
-25.789 10.519 112.305
-27.169 12.373 110.649
-27.339 13.09 109.447
-36.507 24.175 107.445
-37.067 25.694 109.55
-37.299 26.465 110.096
-37.307 26.475 109.396
-37.4 29.358 113.76
-33.674 32.155 117.791
-37.363 28.087 112.398
-37.347 29.01 113.495
-34.38 31.483 117.376
-32.439 32.006 117.956
-30.65 31.677 118.231
-28.268 31.834 118.87
-34.689 20.992 106.347
-35.235 21.868 106.039
-18.689 15.204 122.647
-18.208 15.421 123.522
-18.177 15.741 117.404
-25.72 9.996 117.545
-26.205 10.635 116.788
-23.394 11.102 116.23
-25.754 10.923 117.162
-25.835 9.932 115.236
-25.807 10.329 113.946
-19.714 14.391 114.578
-22.027 12.06 115.11
-18.201 14.615 114.882
-25.201 9.718 112.91
-33.653 19.41 107.242
-31.012 16.782 107.329
-25.155 9.689 112.155
-23.379 12.216 108.077
-29.339 15.591 106.751
-28.211 14.569 108.085
-26.475 11.424 112.402
-27.185 12.349 112.327
-26.692 13.451 108.022
-36.156 23.116 108.306
-36.566 24.19 108.405
-36.586 24.095 109.715
-37.26 26.425 110.84
-34.743 28.189 115.309
-37.43 27.407 111.467
-35.164 29.412 116.01
-37.232 27.351 112.129
-36.924 27.85 113.171
-34.511 20.397 107.692
-19.308 16.235 121.147
-19.227 16.361 118.244
-18.11 15.578 116.046
-26.439 11.006 115.284
-24.993 11.929 116.495
-21.909 14.522 115.326
-17.838 15.215 115.397
-33.754 19.27 108.355
-32.286 17.629 108.62
-24.994 11.547 108.465
-26.215 11.079 113.083
-27.914 13.403 111.237
-35.39 21.823 107.326
-36.996 25.48 110.808
-37.175 26.47 111.509
-36.145 27.888 114.105
-33.404 30.729 117.2
-31.948 30.211 117.236
-29.573 30.551 117.846
-19.322 16.286 122.361
-19.885 16.772 118.998
-18.911 16.634 123.184
-18.977 16.362 119.225
-19.618 15.868 116.268
-27.018 12.332 115.827
-26.465 12.89 116.219
-22.933 12.61 115.511
-18.914 15.373 115.155
-20.087 15.194 115.102
-33.106 18.405 108.696
-31.375 16.863 109.184
-29.946 15.766 108.668
-26.638 11.572 113.624
-27.972 13.571 113.226
-28.562 14.345 109.974
-35.706 22.082 108.417
-36.478 24.259 111.361
-35.782 26.522 113.606
-34.148 28.998 116.181
-33.172 29.062 116.465
-36.738 26.295 112.476
-30.512 29.656 117.26
-28.69 28.878 117.18
-35.24 21.228 108.603
-19.826 17.87 122.014
-20.693 18.042 119.703
-21.048 16.58 116.751
-26.518 11.708 116.662
-27.355 12.647 114.297
-23.831 13.116 115.68
-25.161 13.956 115.804
-33.653 19.019 109.602
-34.684 20.378 109.372
-32.325 17.608 109.686
-32.936 18.124 109.442
-29.133 15.001 109.195
-28.862 14.752 111.937
-35.86 22.227 109.447
-36.298 23.122 109.439
-35.855 22.676 110.842
-36.805 25.385 111.793
-34.706 26.337 114.257
-31.601 28.774 116.695
-27.441 30.387 117.755
-34.854 20.626 108.556
-22.06 17.401 117.168
-27.885 13.859 114.604
-26.247 14.682 115.688
-23.381 13.965 115.351
-30.593 16.281 110.081
-31.687 17.413 110.725
-29.583 15.363 110.225
-27.799 13.407 114.204
-28.428 14.401 113.369
-36.26 23.033 109.956
-35.614 23.401 112.119
-36.042 24.876 112.527
-34.733 25.119 113.596
-33.414 26.02 114.748
-32.102 27.492 115.989
-30.61 28.278 116.691
-26.221 29.456 117.223
-22.05 18.949 118.004
-21.905 16.186 115.837
-27.329 13.388 115.691
-23.924 14.624 115.473
-24.696 16.273 115.72
-27.4 14.523 115.358
-32.979 18.413 110.364
-34.028 20.036 111.014
-28.879 15.444 113.397
-30.049 16.265 111.824
-35.35 21.269 109.435
-34.455 21.993 112.284
-30.372 27.28 116.409
-27.014 28.293 116.897
-21.132 19.197 119.42
-23.384 18.214 116.568
-21.918 16.966 116.329
-21.886 16.721 116.047
-22.669 16.222 115.825
-24.761 14.866 115.551
-26.783 16.065 115.198
-34.866 20.702 110.498
-32.688 18.792 111.526
-29.265 15.443 112.358
-35.363 21.378 110.186
-35.04 21.295 111.056
-34.63 23.206 112.833
-34.897 23.871 112.948
-32.877 23.706 113.987
-31.363 25.905 115.559
-29.308 26.33 116.467
-27.363 27.008 116.897
-21.45 20.033 119.184
-23.272 19.255 116.828
-28.139 14.951 114.618
-26.28 17.871 115.213
-28.192 16.17 114.561
-31.231 18.097 112.494
-22.573 20.152 117.781
-24.704 18.928 115.957
-27.44 17.278 114.78
-32.849 20.277 112.872
-30.353 17.151 112.53
-29.815 16.782 113.004
-33.27 21.818 113.315
-34.311 23.502 113.157
-30.413 24.922 115.56
-25.745 26.834 117.164
-24.875 25.965 117.728
-27.915 25.219 116.797
-21.936 21.056 118.874
-23.697 20.037 116.756
-26.864 20.561 115.548
-27.121 18.461 114.92
-28.219 17.301 114.56
-30.379 17.451 112.884
-31.035 19.833 114.005
-29.242 16.731 113.811
-23.39 21.64 117.716
-32.144 21.415 114.002
-30.876 23.987 114.919
-25.332 24.839 117.706
-29.076 25.074 116.31
-26.518 25.726 117.226
-24.702 20.454 116.372
-28.013 18.507 114.671
-29.189 17.834 114.26
-30.175 17.754 113.467
-32.299 20.501 113.834
-25.352 23.027 117.199
-30.809 23.07 114.779
-31.404 23.656 114.534
-29.592 24.1 115.66
-28.487 24.18 116.29
-26.673 24.472 117.142
-25.052 21.385 116.622
-32.094 20.565 114.052
-30.504 21.538 114.686
-27.393 23.263 116.421
-28.141 19.674 114.714
-29.177 19.297 114.445
-28.758 22.461 115.504
-28.034 20.282 114.836
-30.306 20.787 114.592
-29.593 21.278 114.887
-27.608 22.199 115.861
-28.58 20.877 114.943
-28.72 20.069 114.616
-29.644 20.361 114.58
-26.248 51.861 117.309
-27.321 52.372 118.914
-26.795 52.19 120.293
-26.952 52.178 122.242
-27.167 52.262 122.865
-26.508 51.798 124.276
-26.787 52.152 123.437
-27.309 51.384 125.137
-9.829 12.321 118.695
-27.458 45.794 124.91
-27.683 47.501 125.403
-27.093 49.403 125.503
0.707 10.969 108.84
0.844 9.522 113.516
5.742 10.915 109.904
2.159 11.595 106.152
0.914 9.712 115.567
3.021 10.692 107.609
4.317 9.997 107.663
1.771 8.64 119.587
1.716 7.538 121.257
1.078 8.654 121.616
-0.111 8.118 124.815
11.09 10.819 109.654
3.092 8.672 128.655
15.373 11.547 111.8
13.032 12.107 111.809
7.586 9.843 114.535
8.622 10.171 116.309
14.1 11.608 111.486
7.604 11.022 112.574
9.601 10.746 108.948
10.04 9.855 117.665
11.589 9.899 118.057
15.118 9.706 118.534
4.434 8.488 128.545
17.74 11.357 107.691
17.158 11.333 111.405
17.723 9.333 119.842
8.516 11.699 109.008
7.879 11.841 108.417
16.008 8.798 119.886
5.42 8.371 128.643
18.306 11.761 113.027
6.879 8.665 129.054
18.918 11.661 114.148
19.404 9.961 118.955
9.054 8.331 129.991
19.432 11.355 115.033
11.075 9.961 130.449
19.441 10.901 116.244
19.538 10.351 118.441
25.52 25.324 98.505
26.216 27.685 97.292
13.372 10.832 130.736
15.746 11.261 131.133
30.997 30.227 100.753
29.742 28.297 100.093
29.525 27.262 100.588
17.235 11.252 131.386
30.118 26.519 101.869
31.461 31.532 99.671
32.631 32.89 99.363
31.174 26.101 103.025
18.48 10.786 131.488
20.294 12.531 131.161
32.558 28.377 104.007
31.711 27.016 103.51
33.991 35.214 102.359
34.49 29.008 105.827
32.14 27.72 103.793
22.082 12.222 130.615
34.044 36.98 102.695
32.047 44.204 98.08
33.376 39.346 100.857
36.298 30.225 108.478
33.352 39.947 99.983
24.79 13.393 129.614
32.642 42.052 99.14
27.152 13.409 122.581
25.994 12.744 122.314
25.436 13.558 123.38
24.901 13.828 126.829
37.818 30.506 111.173
26.846 14.795 125.348
38.877 30.808 113.859
27.502 14.103 123.479
27.125 14.726 128.891
27.603 15.205 127.246
26.168 17.647 132.153
27.669 18.931 132.329
27.605 16.222 131.619
31.53 18.613 130.236
39.479 30.418 115.866
31.268 17.291 125.621
31.897 18.377 125.908
39.208 31.458 118.101
31.431 17.619 123.944
31.785 19.363 128.708
33.256 20.15 122.686
33.351 21.097 126.97
34.227 23.789 126.383
36.41 24.851 125.942
33.001 19.76 124.668
36.847 26.188 125.406
38.117 28.443 122.784
38.005 27.539 123.952
39.198 30.694 114.853
38.689 29.101 120.89
38.528 28.531 121.801
34.106 19.701 121.408
30.784 45.825 98.047
30.007 47.723 97.155
29.914 68.813 113.351
28.367 68.563 111.836
27.042 67.796 110.747
32.558 65.885 116.722
32.998 65.215 116.513
28.805 66.446 108.996
31.614 66.269 116.395
34.412 63.533 115.467
30.866 67.321 115.655
38.299 54.929 111.844
31.877 64.399 109.417
38.291 54.528 111.085
35.209 60.752 113.785
37.492 58.472 113.467
38.447 55.649 112.646
37.461 57.433 113.313
37.582 54.609 110.056
36.498 55.151 108.703
32.638 62.353 108.037
35.27 55.448 107.559
35.074 57.865 106.354
32.705 59.98 106.014
32.627 61.14 106.774
33.326 61.397 107.238
25.03 23.794 98.472
17.096 11.533 106.167
22.637 23.499 97.304
24.118 28.477 95.463
22.729 29.338 93.988
21.546 31.169 92.543
21.13 33.305 91.801
19.98 36.261 91.021
21.493 23.788 96.945
18.484 20.895 98.032
19.468 22.315 97.361
14.952 25.315 94.109
14.963 23.768 94.854
17.358 19.61 97.761
10.321 22.551 92.926
14.975 22.129 95.791
12.528 24.235 93.708
15.881 20.089 96.905
8.805 23.863 92.641
-0.937 26.885 91.568
2 27.838 90.816
4.615 27.788 90.809
8.228 27.101 92.494
-8.556 42.142 91.007
-6.184 39.473 90.513
19.886 40.225 89.96
19.614 37.555 90.582
20.545 40.116 89.851
20.416 41.143 90.055
20.68 42.058 90.203
-5.04 40.482 90.191
29.087 49.416 97.03
29.504 48.514 96.934
28.164 50.348 96.624
21.162 45.269 90.065
26.988 51.333 95.51
21.34 46.412 90.003
26.008 52.214 94.967
24.972 52.979 94.669
24.026 53.474 94.164
19.671 48.526 89.9
21.884 53.325 93.84
20.068 49.537 89.941
18.602 49.344 91.076
19.095 51.431 92.982
20.58 52.512 93.185
-25.98 51.32 116.262
-26.184 49.736 111.943
-25.925 48.903 109.152
-25.701 47.958 107.363
-24.16 46.686 105.055
-22.466 47.092 104.003
-22.347 46.251 102.224
-20.886 46.792 101.381
-20.341 47.075 100.844
-18.099 48.187 98.706
-17.792 46.832 97.375
-9.364 43.837 92.302
-17.007 43.717 96.103
-11.089 43.836 92.908
-11.707 45.698 94.189
-14.554 45.792 94.914
-16.196 46.048 95.842
-16.76 43.866 95.907
-7.244 36.346 91.123
-1.794 27.926 91.538
-6.497 35.499 91.008
-2.445 28.085 91.593
-3.27 28.955 91.488
-3.593 29.962 91.298
-6.269 33.458 90.901
-5.532 32.859 90.847
-4.835 31.981 90.956
-6.903 11.674 112.339
-7.544 12.093 114.583
1.016 11.927 106.165
-2.281 11.707 109.04
0.367 11.825 107.003
-5.822 11.649 110.888
-4.697 11.809 110.261
-3.714 11.9 109.492
-9.241 11.422 116.166
-28.374 43.161 122.837
-27.762 44.304 123.869
-28.419 42.208 122.325
-28.177 41.282 122.207
-28.589 38.31 122.477
-28.58 37.182 122.585
-27.705 35.717 122.84
-27.332 34.693 122.39
-27.162 33.052 120.319
-26.561 31.051 118.19
-19.348 17.973 123.146
-20.594 19.652 120.731
-25.664 28.119 116.952
-20.95 21.064 120.328
-21.768 22.318 119.475
-23.782 27.553 117.817
-22.351 24.822 119.3
-25.769 51.9 118.706
-26.61 52.092 121.515
-27.363 50.681 125.49
-9.583 14.115 119.65
-8.625 12.237 117.676
0.34 10.473 110.615
-0.143 10.515 111.715
-0.737 11.581 116.794
0.718 10.28 119.206
0.176 8.778 123.652
1.746 8.951 128.87
12.197 11.568 110.461
16.712 11.635 111.813
7.154 11.54 111.169
5.787 10.647 110.785
13.579 11.363 117.408
15.396 9.059 119.392
17.101 11.274 107.282
17.574 11.7 112.179
16.737 11.257 111.123
7.012 12.078 109.116
15.564 8.901 119.672
19.118 10.41 118.413
17.782 10.485 118.218
25.638 26.75 97.923
14.23 11.04 130.825
14.539 12.01 130.881
30.488 28.395 101.542
31.614 32.026 99.265
19.214 11.964 131.504
33 33.434 101.11
33.088 29 104.46
34.077 35.702 104.436
33.347 33.828 102.556
35.523 29.271 107.071
33.858 37.312 103.364
32.993 39.606 101.76
23.819 13.775 130.367
31.841 43.296 99.224
37.286 30.935 110.612
25.013 13.437 128.615
26.396 13.147 122.299
32.541 41.077 100.306
37.689 31.077 111.557
24.095 14.522 125.401
38.626 31.999 114.304
24.226 14.541 124.192
25.925 15.24 130.703
27.586 16.786 131.978
27.461 20.882 131.35
30.165 19.486 130.152
39.236 31.355 115.898
33.055 19.515 126.298
39.312 31.545 116.835
32.645 19.759 127.501
38.83 30.78 119.392
33.724 20.416 122.013
33.301 19.907 126.876
37.016 27.415 124.947
32.016 18.849 123.903
38.574 30.075 120.272
33.055 19.987 121.715
29.925 47.197 98.49
30.999 45 98.515
28.662 68.483 112.483
27.084 67.055 109.655
27.448 68.127 111.626
32.568 64.097 115.744
30.037 67.763 114.463
27.242 66.243 108.884
30.37 66.483 115.677
33.693 63.753 115.664
33.771 62.392 114.702
30.073 67.14 115.048
29.002 64.626 108.277
30.385 64.503 109.014
37.206 54.679 110.96
37.206 55.509 112.323
36.388 56.651 112.769
36.082 54.806 110.028
35.033 59.006 113.154
36.334 57.881 113.152
34.723 56.432 106.489
33.161 56.728 105.61
32.84 59.219 105.757
16.692 11.533 106.456
23.851 24.913 97.743
24.591 27.176 97
23.303 23.628 97.592
22.842 28.5 94.897
21.721 28.587 94.361
20.923 31.029 92.558
21.308 31.821 92.292
20.803 34.384 91.467
19.863 34.525 91.881
20.569 24.318 96.646
17.432 20.677 97.905
18.256 21.405 97.943
18.272 22.658 97.305
15.67 26.055 94.378
15.646 24.538 95.316
15.949 23.099 96.301
15.385 21.924 96.584
10.996 24.173 93.46
12.162 25.788 94.187
16.123 21.329 97.29
-1.058 27.438 91.495
0.388 28.846 91.014
3.361 27.63 90.627
6.725 29.061 91.698
8.633 25.656 92.848
-5.516 39.058 90.536
19.173 40.545 90.081
19.069 38.1 90.646
20.674 43.63 90.15
20.445 42.796 90.196
-6.681 42.936 90.68
-5.525 41.66 90.193
27.486 50.789 96.212
20.598 44.65 90.081
19.242 46.075 90.046
22.597 53.896 95.759
19.534 49.382 90.118
17.565 49.905 93.086
-25.513 50.695 115.319
-25.264 50.015 113.541
-25.807 49.347 110.504
-24.257 47.173 106.054
-21.349 46.769 102.153
-19.026 47.989 100.363
-13.563 45.727 94.67
-15.355 46.13 95.333
-16.518 44.771 95.844
-16.59 44.303 95.858
-6.415 36.987 91.082
-7.433 35.771 91.149
-2.287 29.151 91.34
-5.789 34.072 90.822
-5.765 33.33 90.825
-3.862 31.135 91.087
-5.019 32.602 90.841
-4.153 31.9 90.941
-5.36 11.978 112.427
-5.85 12.488 115.043
-1.124 11.329 110.024
-2.656 11.806 109.76
-7.63 12.156 115.373
-8.129 12.055 116.398
-26.662 40.588 122.411
-27.093 38.528 122.8
-26.172 33.591 121.483
-25.895 32.129 119.531
-18.896 17.679 123.535
-19.644 19.282 122.885
-20.119 19.678 122.021
-25.131 30.775 118.191
-25.315 28.887 116.914
-24.73 51.407 117.624
-25.795 50.49 125.036
-26.771 50.665 125.445
-8.455 13.242 118.378
-26.917 44.971 124.627
-26.068 47.081 125.298
1.399 11.662 107.197
-0.989 10.998 112.8
-0.758 11.035 114.427
-0.613 11.254 115.413
0.248 9.549 123.038
11.792 12.289 111.437
9.128 11.98 110.829
2.403 9.624 128.735
16.641 12.194 113.188
14.538 12.485 113.696
8.439 11.828 114.532
9.18 10.83 117.242
6.361 11.54 110.338
7.902 11.836 111.336
4.367 9.391 128.492
10.837 10.841 117.96
11.745 11.851 117.654
15.635 11.629 117.009
16.265 9.554 119.427
5.539 9.338 128.598
7.768 12.334 109.118
5.882 11.84 109.196
17.692 12.17 113.926
17.365 12.062 112.862
17.916 11.914 115.341
8.741 9.861 129.654
12.445 11.81 130.543
17.493 11.479 116.706
24.941 26.193 97.938
16.24 12.966 131.162
32.185 31.749 102.144
31.678 29.479 102.927
30.128 27.371 101.679
30.742 27.207 102.527
18.301 11.651 131.621
18.701 11.787 131.653
21.023 14.933 130.954
19.437 13.285 131.342
31.524 28.393 103.105
31.249 27.778 102.984
33.733 34.732 103.265
32.904 30.254 104.319
34.814 30.068 106.775
33.553 38.392 103.772
32.765 40.234 101.051
33.016 39.388 102.916
22.638 14.371 130.499
30.981 44.54 99.326
36.494 32.507 110.244
31.76 42.496 100.389
37.506 32.083 111.929
23.891 14.728 124.69
24.833 14.838 125.669
38.389 31.624 113.305
26.498 14.907 127.135
24.872 14.971 124.339
26.501 18.783 132.62
26.233 20.281 132.84
39.009 32.673 116.443
38.586 31.698 119.312
32.448 19.497 123.227
33.177 20.463 121.796
32.282 22.536 126.894
33.553 27.044 126.744
35.694 26.257 125.897
35.787 27.303 125.65
37.869 29.939 121.635
37.083 29.392 123.728
36.799 28.692 124.627
30.127 46.229 98.923
30.457 45.599 98.731
29.346 48.486 98.238
27.472 67.646 112.687
26.029 66.727 109.768
26.765 67.797 111.74
31.565 65.02 116.022
32.403 65.057 116.31
32.596 64.838 116.251
29.271 67.279 114.266
27.428 64.561 107.604
30.062 65.15 115.598
29.72 64.811 108.913
37.458 54.841 111.696
30.862 63.297 108.26
34.147 60.915 113.783
34.129 60.009 113.337
35.368 54.914 108.763
33.578 55.324 106.322
32.336 58.541 105.388
32.532 59.589 105.742
31.3 61.123 106.133
24.78 24.684 98.431
22.742 27.15 96.128
20.329 28.307 94.11
20.428 30.372 92.681
20.684 31.962 92.289
19.293 35.858 91.685
18.752 37.177 91.349
22.332 24.589 97.172
19.044 25.015 96.161
21.412 25.106 96.653
15.072 26.659 94.408
16.1 25.509 95
13.691 26.049 94.469
-0.918 28.633 91.239
1.427 29.442 90.982
3.437 28.655 90.759
8.514 28.967 92.496
8.731 26.398 92.979
4.158 30.214 91.394
-5.422 37.803 90.81
18.217 40.695 90.374
19.613 41.155 90.054
18.317 38.699 90.827
19.757 42.181 90.13
-7.289 43.914 91.265
-5.433 42.772 90.34
-4.58 41.879 90.091
28.44 50.216 98.613
27.061 51.108 97.714
24.894 52.826 96.506
25.899 51.789 96.796
24.034 53.498 95.967
18.945 47.794 89.913
18.823 48.591 90.111
17.841 49.252 92.125
17.557 50.873 94.432
19.521 52.133 93.687
-24.752 50.963 116.4
-25.15 49.543 111.492
-25.081 49.262 110.118
-24.497 48.99 109.23
-23.212 48.029 106.707
-23.351 47.138 105.445
-19.722 47.925 102.124
-17.682 48.888 99.78
-17.149 48.391 97.327
-16.053 48.131 96.478
-10.405 44.724 93.55
-13.701 46.689 95.166
-14.807 46.795 95.509
-15.319 47.004 95.714
-6.349 37.643 91.026
-4.586 35.149 90.561
-3.222 31.141 91.066
-4.606 33.593 90.647
-4.424 32.609 90.804
-3.289 11.927 110.482
-27.299 42.841 122.87
-27.021 41.693 122.386
-26.563 36.823 123.394
-26.922 35.125 123.071
-26.119 34.695 122.964
-18.789 18.911 123.71
-20.412 20.802 121.391
-24.353 29.181 117.512
-20.568 20.532 120.952
-20.532 22.765 121.178
-21.874 27.589 119.105
-8.508 14.25 118.911
-26.637 44.233 123.965
-26.041 45.062 124.608
-6.418 13.375 117.495
-0.945 10.986 113.578
-2.024 11.599 111.449
-0.655 12.226 119.028
-1.638 11.871 115.089
0.108 11.03 120.91
-0.362 9.831 123.887
0.264 10.218 122.303
10.358 12.777 112.241
3.651 10.049 128.533
15.943 12.381 114.003
13.402 12.992 114.413
11.975 13.185 113.75
9.024 12.467 112.617
9.035 12.099 116.12
8.972 11.346 116.895
10.111 11.909 117.21
7.519 12.201 110.01
8.072 12.083 110.461
12.598 12.491 117.172
14.691 11.766 117.193
7.165 12.356 109.708
5.725 11.867 108.658
7.072 10.551 128.91
9.783 10.941 130.02
13.468 11.927 130.679
11.292 11.48 130.412
17.375 12.74 131.402
15.056 13.446 130.923
31.417 30.504 102.188
18.411 12.742 131.508
19.974 13.987 131.142
33.549 34.179 103.816
33.973 30.002 105.741
33.394 38.697 102.83
33.934 37.232 104.321
32.231 40.918 102.304
34.687 31.375 107.225
23.694 15.037 130.537
30.9 44.124 100.464
35.085 32.963 108.203
24.462 14.969 130.598
31.892 41.751 101.377
32.325 40.932 101.266
38.151 31.977 113.107
24.538 15.156 124.946
24.139 15.177 124.444
25.871 19.433 132.966
29.393 20.371 129.308
25.922 21.085 132.879
24.684 16.022 130.997
39.201 32.694 117.667
30.136 21.849 127.985
38.587 32.499 119.178
38.141 31.141 120.286
31.441 23.726 127.226
32.978 25.434 126.41
35.573 26.754 125.829
35.331 28.869 125.735
37.409 29.634 122.791
29.793 46.864 99.673
30.308 45.623 99.302
29.401 48.268 99.673
28.438 67.371 113.635
26.732 66.568 109.318
25.779 67.358 110.833
25.694 67.271 111.834
25.854 65.16 108.163
29.011 65.676 115.181
29.031 66.413 114.827
29.79 64.106 108.489
28.297 63.224 106.725
33.394 60.774 113.707
36.012 57.253 112.928
35.603 55.342 111.551
31.409 62.557 107.827
32.549 59.006 112.754
35.117 57.429 112.73
34.579 54.8 108.201
33.348 54.419 107.42
30.934 62.272 107.188
31.449 57.158 104.818
32.469 59.295 105.621
31.814 59.853 105.563
23.417 26.372 97.024
21.804 27.681 95.235
20.953 27.626 94.889
19.853 29.598 93.041
19.976 31.355 92.519
20.118 32.752 92.252
18.245 35.738 92.43
20.463 25.153 96.361
17.368 21.595 97.85
17.496 23.996 96.578
14.342 26.087 94.401
16.652 28.176 94.297
17.616 26.477 94.992
16.887 24.899 95.844
9.699 25.128 93.363
15.92 22.108 97.191
10.643 25.549 93.849
13.316 26.831 94.8
-0.222 29.943 91.025
0.67 30.004 91.046
2.597 29.43 90.973
8.836 30.751 92.954
9.644 28.335 93.28
9.57 26.356 93.475
6.262 32.023 92.097
-3.963 38.876 90.224
18.049 39.742 90.572
18.889 41.568 90.139
19.588 43.543 90.089
19.812 44.502 90.051
-5.722 43.998 90.657
-5.949 43.312 90.536
-3.162 41.481 90.048
29.052 49.392 99.276
26.491 51.285 96.712
21.732 53.659 95.002
24.397 54.1 98.545
18.496 47.656 90.099
18.224 48.29 90.48
17.696 48.769 91.899
17.388 48.959 92.621
16.453 50.201 94.676
18.562 51.605 94.616
19.762 52.442 94.62
-24.337 50.36 115.229
-24.45 49.577 112.329
-23.957 48.649 108.127
-17.626 49.222 101.194
-17.097 49.2 99.143
-16.419 49.258 97.644
-15.197 47.671 95.872
-9.741 45.345 93.711
-7.403 45.4 91.985
-10.461 45.333 94.079
-12.472 47.812 95.11
-5.686 36.726 90.984
-2.383 30.276 91.134
-4.557 36.743 90.627
-3.369 31.911 90.925
-2.578 30.986 91.054
-3.56 32.904 90.702
-4.559 12.343 113.915
-3.571 11.953 111.611
-25.341 39.846 123.008
-25.975 42.345 122.81
-26.23 35.631 123.555
-24.57 33.942 122.707
-23.697 31.878 120.659
-24.534 31.503 119.151
-19.175 20.644 123.339
-19.952 20.959 122.331
-23.895 30.611 118.686
-23.395 28.669 117.771
-20.871 24.023 120.744
-20.909 27.021 120.26
-22.595 29.185 118.88
-7.294 14.638 118.762
-2.724 11.921 113.536
-2.146 13.184 117.786
-3.093 12.503 115.45
9.538 12.689 111.797
16.951 12.375 114.44
15.692 12.381 115.363
14.146 12.925 115.004
9.477 13.041 113.847
9.371 13.036 115.091
5.242 10.587 128.455
5.381 11.808 109.093
11.904 13.072 116.831
12.781 13.01 116.006
14.586 12.113 116.772
5.373 12.186 108.885
8.585 11.024 129.516
16.671 12.046 116.055
10.627 11.003 130.319
13.364 12.961 130.626
11.973 12.904 130.395
17.455 13.975 131.26
15.736 14.596 130.851
14.351 13.215 130.817
31.823 30.507 102.911
33.071 32.683 103.85
22.238 15.494 130.66
19.055 15.244 131.308
33.628 34.12 104.696
33.305 33.481 103.646
33.791 30.821 105.784
34.27 37.567 105.688
32.512 40.433 103.956
35.33 31.5 108.092
23.011 15.419 130.552
30.168 45.761 100.251
36.029 34.83 109.954
36.944 33.97 111.783
30.976 43.4 101.876
37.873 33.201 113.364
24.408 19.441 133.173
28.216 20.639 129.642
25.758 22.333 132.777
24.922 20.916 133.42
39.076 33.397 117.427
39.067 32.675 118.378
37.885 32.205 120.233
32.275 24.809 126.595
32.121 25.947 126.772
36.778 30.816 122.968
35.981 30.235 124.834
37.258 31.646 121.468
27.613 66.762 113.673
26.473 66.175 109.026
24.71 66.915 110.719
30.497 63.486 114.986
32.559 62.879 114.977
28.289 66.638 114.169
26.292 63.146 106.022
28.506 64.878 115.086
29.66 63.185 107.477
27.157 63.209 106.325
36.787 54.994 111.756
32.233 61.878 114.306
35.247 56.364 112.302
35.277 54.891 110.812
34.352 54.6 109.11
32.56 54.373 106.077
32.33 54.869 105.372
31.519 55.22 104.652
31.648 58.27 105.007
30.247 60.984 105.454
29.74 62.239 106.401
22.557 25.748 96.928
20.842 26.426 95.788
20.299 27.275 94.936
18.712 28.391 93.869
19.817 30.389 92.636
18.877 32.96 92.767
18.625 34.447 92.642
16.683 22.144 97.469
14.293 26.839 94.729
14.979 27.88 94.746
10.785 26.247 94.041
12.304 27.132 94.644
-1.096 30.046 91.069
1.949 30.674 91.39
9.404 29.448 93.03
9.481 27.298 93.344
-2.722 39.911 89.843
-4.2 37.88 90.496
17.117 40.534 90.939
17.934 42.155 90.398
17.189 38.338 91.722
17.158 39.607 91.141
18.744 42.906 90.138
-6.127 45.129 91.105
-3.846 42.685 90.198
28.261 50.976 99.811
28.98 50.225 100.322
19.257 44.587 90.01
25.213 52.582 97.825
20.844 53.264 95.459
22.325 55.271 98.603
17.831 47.206 90.728
17.789 48.336 91.251
16.909 49.037 93.26
16.595 49.815 94.11
16.225 50.954 95.888
17.814 51.166 94.791
-23.945 49.783 113.642
-24.322 49.359 110.842
-23.207 49.16 109.184
-22.944 48.858 108.215
-21.151 48.609 106.446
-18.654 49.234 104.845
-18.081 49.213 102.707
-16.72 49.615 99.911
-16.583 49.488 98.67
-16.376 48.888 96.919
-13.396 48.895 95.885
-8.642 45.946 93.181
-10.34 45.764 94.191
-14.295 47.619 95.602
-10.428 47.971 94.578
-1.698 30.314 91.068
-2.663 36.325 90.139
-3.522 34.805 90.309
-2.653 31.821 90.932
-4.11 12.469 114.531
-26.254 43.455 123.273
-25.128 38.043 123.724
-25.409 40.823 122.644
-25.537 41.334 122.59
-25.635 36.373 123.968
-24.95 35.131 123.799
-19.786 24.141 121.826
-19.919 26.363 121.537
-21.077 28.426 120.063
-21.603 28.411 119.189
-3.964 13.15 116.651
-1.154 12.747 121.174
-1.47 13.242 119.156
-2.451 12.791 116.586
10.533 13.498 114.725
4.232 11.712 128.462
16.623 12.357 115.167
14.767 12.549 115.71
13.91 12.698 115.984
9.929 13.087 115.983
11.215 12.752 117.195
5.37 12.001 108.757
6.288 11.463 128.498
7.967 11.808 129.208
10.559 11.987 130.194
9.228 12.388 129.716
12.584 12.58 130.527
16.591 14.334 131.072
14.411 14.317 130.666
33.065 31.566 104.491
21.753 16.699 131.204
20.244 16.837 131.497
33.856 34.164 105.588
33.366 33.383 104.349
33.059 39.378 103.976
33.405 39.337 105.199
34.811 36.199 106.888
31.791 41.66 103.535
33.687 31.807 105.84
23.692 16.315 131.007
29.977 45.853 101.708
35.234 34.683 108.642
31.631 42.077 102.091
38.33 33.191 114.374
38.569 33.22 115.11
24.631 18.521 132.652
28.611 21.013 128.657
27.784 21.1 129.533
26.328 22.161 132.324
38.706 34.366 116.9
39.044 33.398 118.217
38.605 33.448 119.154
37.64 33.414 120.563
31.097 25.086 127.371
28.995 24.435 129.44
32.224 26.537 126.93
34.239 28.725 126.424
36.373 30.502 123.999
34.792 31.137 125.959
29.598 47.586 100.703
29.288 49.223 100.66
27.019 66.656 113.472
24.771 66.062 109.395
26.149 66.536 113.131
29.292 64.368 115.242
31.905 63.105 115.043
24.827 63.549 106.427
27.384 65.778 114.264
27.506 62.669 105.796
33.798 56.418 111.867
34.641 54.894 110.785
34.845 54.738 110.262
31.808 53.588 106.432
30.059 55.215 103.921
30.799 59.131 104.951
29.975 62.556 106.968
21.85 26.112 96.423
19.321 26.883 95.015
18.981 29.579 93.099
19.1 30.752 92.85
17.518 34.523 93.256
17.612 37.096 92.179
15.505 28.724 94.693
10.8 27.232 94.038
13.138 27.783 94.936
13.983 27.685 94.977
-0.288 30.938 91.043
0.463 30.7 91.118
10.935 29.636 93.961
8.328 33.202 93.238
-2.269 38.403 89.821
-3.401 37.737 90.202
17.021 41.562 90.963
18.826 44.215 90.062
-4.6 45.393 90.679
-4.08 43.893 90.433
-2.03 43.087 90.638
-0.908 40.519 90.166
27.175 51.783 99.468
25.952 51.876 98.046
21.313 54.115 97.238
24.007 56.382 100.259
17.876 46.162 90.391
16.768 47.916 92.65
15.839 49.517 94.448
15.267 50.696 95.967
17.378 51.307 95.736
19.121 52.079 95.679
19.85 52.602 95.581
-23.524 49.488 112.027
-23.354 49.345 110.448
-22.026 48.848 107.809
-16.676 50.249 102.791
-16.125 50.311 101.044
-16.498 49.654 99.214
-15.358 50.075 98.484
-15.023 49.354 96.893
-9.723 46.685 94.083
-7.315 46.925 92.75
-5.728 46.543 91.421
-10.927 49.277 95.309
-1.76 31.041 90.988
-3.307 33.982 90.417
-2.799 32.568 90.778
-1.925 31.854 90.897
-24.287 41.927 123.395
-25.472 36.946 123.93
-25.137 35.935 124.175
-23.043 33.192 122.667
-18.558 21.788 123.725
-19.578 22.498 122.446
-19.947 23.192 121.819
-20.061 27.895 121.461
-3.905 13.987 118.051
11.676 13.54 115.622
5.506 11.752 128.352
10.921 13.287 116.369
7.099 11.932 128.796
10.677 13.673 130.002
17.003 15.692 130.977
15.187 15.562 130.522
33.296 32.246 104.932
22.751 16.595 131.097
20.983 17.086 131.458
19.6 18.095 132.053
34.402 34.446 106.857
33.559 33.354 105.281
34.523 38.926 107.2
35.241 37.269 107.769
34.539 35.408 106.61
31.422 42.364 102.807
31.921 41.641 104.584
34.124 32.394 106.754
34.836 34.346 108.05
35.437 35.88 108.493
36.607 35.275 111.386
37.381 34.758 113.08
30.328 44.577 102.191
38.117 34.15 114.536
38.566 33.903 115.744
23.439 20.943 133.808
23.642 18.13 132.254
27.492 22.108 129.763
26.56 22.463 131.925
26.412 23.126 132.172
23.893 22.685 133.499
28.642 21.656 128.029
38.897 34.153 117.963
37.183 32.579 121.198
31.326 26.118 127.614
33.53 29.958 126.948
36.303 33.044 122.768
35.804 31.612 124.256
35.379 31.425 125.188
23.446 66.021 109.726
24.193 66.835 111.699
24.487 66.083 112.69
28.43 63.978 114.874
26.924 62.746 105.738
25.186 62.241 104.74
24.013 64.97 108.206
27.372 64.535 114.649
28.58 62.006 105.469
31.035 61.595 113.93
33.664 55.062 110.684
33.909 54.636 109.883
32.935 57.05 112.033
33.02 54.236 108.646
32.408 53.877 107.49
31.714 53.865 105.456
31.153 53.837 104.666
30.366 53.785 103.789
29.719 57.347 104.398
29.399 60.763 104.905
18.134 29.906 93.454
17.211 35.687 93.095
16.977 36.501 92.85
18.642 26.195 95.406
13.918 29.31 94.903
16.07 29.654 94.623
11.966 28.221 94.53
-1.03 31.045 90.979
0.741 31.713 91.303
10.873 31.684 94.192
10.77 28.372 93.998
6.411 34.389 92.421
9.656 32.308 93.784
-1.428 39.216 89.696
15.994 40.464 91.613
16.188 41.239 91.498
17.004 42.765 90.974
17.846 44.11 90.448
16.639 37.504 92.501
16.02 39.513 91.857
26.449 51.753 98.619
28.272 51.831 100.815
29.03 51.062 101.19
29.306 50.226 101.453
25.859 52.621 98.989
20.227 53.486 97.323
20.365 54.657 98.661
22.375 57.295 100.044
24.571 55.124 99.814
17.884 45.52 90.333
17.111 45.833 91.271
15.205 51.638 97.064
16.108 51.958 97.331
18.228 51.649 96.028
19.599 52.669 96.564
-21.31 50.078 113.933
-22.822 49.713 113.254
-22.268 49.458 110.247
-21.825 49.307 109.178
-20.48 49.246 108.26
-19.816 49.131 106.809
-15.788 50.215 99.625
-15.184 49.814 97.654
-13.257 49.728 96.765
-8.348 47.356 93.681
-8.771 49.324 94.734
-8.88 48.141 94.192
-2.529 34.759 90.247
-2.366 33.549 90.527
-2.201 32.554 90.774
-25.793 43.44 123.288
-19.997 22.926 121.823
-21.493 30.005 120.86
-18.169 25.64 123.225
-19.611 27.283 121.936
-20.532 28.981 121.199
5.326 12.429 128.417
6.224 12.468 128.56
7.566 13.407 129.188
13.115 14.719 130.376
11.935 14.14 130.252
15.932 15.636 130.655
14.312 15.557 130.399
33.331 32.799 104.815
22.258 17.849 131.879
21.417 18.168 132.035
20.66 18.257 132.098
18.251 17.219 131.46
34.008 33.303 106.466
33.536 40.155 106.545
34.874 35.197 107.757
31.059 43.015 104.235
32.606 40.808 105.372
33.594 32.611 105.696
24.495 17.052 131.529
29.393 48.777 101.764
35.944 36.797 109.476
36.483 36.23 111.127
36.92 34.943 112.118
30.115 44.682 103.157
30.878 43.298 102.967
23.058 19.807 133.438
27.971 21.52 128.661
26.907 22.569 131.17
26.988 24.288 131.739
25.345 23.851 132.855
28.747 22.121 128.011
38.207 35.076 115.575
38.478 35.608 118.33
38.607 34.453 118.989
38.024 34.541 120.074
30.645 26.739 128.862
31.535 29.153 128.476
34.936 32.828 125.327
33.74 31.695 126.817
23.572 66.68 111.051
25.632 65.554 113.582
28.544 62.969 114.276
27.17 62.169 105.107
26.238 62.026 104.66
24.218 62.702 105.303
23.464 63.634 106.515
26.099 64.6 114.096
29.914 61.122 113.294
32.105 55.604 110.717
33.744 54.484 109.267
32.238 56.917 111.673
32.841 56.362 111.64
32.853 54.093 107.744
31.276 53.429 107.771
30.572 52.601 105.279
29.162 53.432 102.739
28.91 55.864 103.924
29.062 59.566 104.509
17.914 32.029 93.439
17.871 33.347 93.32
16.376 35.663 93.437
17.237 29.84 93.992
-0.274 32.043 91.014
2.242 32.284 91.95
12.498 31.028 94.74
5.448 33.837 91.922
7.746 35.252 93.197
9.561 33.284 93.945
0.001 37.824 90.015
15.566 42.66 92.025
15.243 38.317 92.738
-4.51 46.332 90.7
-2.917 44.852 90.741
0.174 42.238 91.077
26.911 52.945 100.436
25.484 53.703 99.673
21.094 56.2 99.467
23.271 57.54 100.37
25.581 54.678 100.632
15.085 48.324 94.393
14.113 50.865 95.972
14.337 51.829 97.055
17.492 52.123 97.451
18.642 52.117 96.824
-22.279 49.603 111.769
-18.685 49.369 107.525
-16.685 50.309 104.111
-15.347 51.075 102.042
-15.099 50.963 100.807
-14.323 50.908 99.784
-13.304 50.372 98.297
-11.05 50.237 96.867
-6.828 48.584 93.812
-6.48 47.449 92.476
-11.72 49.525 95.729
-8.999 50.365 95.813
-1.144 31.961 90.888
-0.831 34.769 90.4
-1.478 32.957 90.694
-17.876 22.44 124.163
-18.607 23.114 123.231
-18.459 24.154 123.072
-19.166 27.699 122.61
5.148 13.647 128.73
8.961 13.461 129.578
9.629 13.363 129.772
12.007 15.372 130.06
16.024 16.495 130.591
15.081 16.587 130.349
20.707 19.379 132.834
18.342 19.059 132.055
17.102 17.571 131.104
34.109 39.643 107.077
35.578 38.149 108.842
32.007 42.456 106.245
29.264 47.607 102.603
36.617 35.77 111.445
36.88 35.669 112.152
37.653 35.505 114.138
29.548 46.164 102.661
22.649 21.861 133.899
22.311 20.794 133.818
21.918 19.359 132.951
28.108 22.079 128.406
27.346 23.501 130.631
26.982 23.451 131.325
27.153 23.881 131.27
24.35 24.057 133.146
28.345 22.783 128.889
38.203 36.107 116.716
36.92 35.679 121.849
31.425 27.844 128.52
31.724 30.912 128.202
35.439 32.713 124.227
34.06 32.963 126.549
32.673 31.642 127.463
23.322 65.37 108.78
22.809 66.33 110.774
22.953 66.145 111.729
24.478 64.699 113.4
26.865 63.561 114.258
29.832 62.361 114.135
25.719 61.413 103.89
24.007 61.938 104.174
22.575 64.883 108.155
28.161 61.135 104.634
29.49 59.486 112.085
32.421 54.464 109.512
33.224 54.555 109.751
30.24 57.153 111.01
30.84 52.755 106.408
30.085 52.515 103.813
29.737 52.714 103.051
28.334 54.606 102.997
28.791 56.843 104.227
27.97 58.096 104.041
17.236 33.497 93.67
16.134 34.126 94.003
15.892 36.86 93.112
15.333 30.297 95.07
16.811 30.804 94.312
0.766 33.657 91.105
2.665 31.289 91.907
10.607 33.189 94.264
12.17 32.476 94.671
4.829 33.268 91.918
3.898 35.861 91.518
6.441 36.225 92.595
9.574 34.888 93.915
14.181 40.458 92.481
15.185 41.308 92.059
16.561 44.061 91.599
-4.414 46.769 90.913
-3.211 46.156 90.968
-1.577 44.677 91.213
0.121 44.12 91.659
1.364 40.82 90.957
0.693 39.601 90.342
28.305 52.698 101.57
29.176 52.057 102.075
29.394 51.183 102.16
29.357 50.34 102.263
25.05 54.187 99.641
18.719 53.193 98.162
19.816 55.964 99.621
20.22 57.823 100.242
23.415 58.586 101.095
25.625 56.092 101.72
16.405 46.5 92.596
15.431 46.881 93.855
13.809 49.586 94.948
14.763 53.453 98.426
16.228 53.261 98.797
-19.772 50.164 115.151
-20.539 49.766 111.051
-20.693 49.504 109.542
-18.034 49.466 106.289
-16.949 50.075 104.83
-15.808 50.856 103.505
-15.613 51.028 102.874
-5.519 47.667 92.366
-6.498 50.615 95.506
-18.238 27.222 123.349
8.698 14.2 129.472
9.635 14.136 129.682
10.474 15.483 129.651
14.035 16.558 130.249
21.151 18.96 132.597
19.812 19.912 132.927
32.785 41.189 106.309
34.254 40.158 107.727
35.234 39.589 109.174
30.566 44.291 106.293
29.178 49.624 103.019
36.192 38.228 111.084
37.252 35.701 113.127
29.206 46.602 103.5
21.833 23.326 133.548
26.299 25.401 132.469
24.978 24.84 132.897
23.398 24.484 133.303
37.739 36.462 115.197
38.238 36.686 117.739
38.201 35.605 119.637
38.234 34.977 119.758
37.816 35.525 120.406
35.549 35.559 124.094
28.737 26.266 130.764
30.013 28.15 129.923
30.353 30.536 129.445
35.275 33.683 124.347
34.277 34.966 126.367
33.037 32.817 127.277
22.047 65.737 109.883
23.487 65.34 112.743
24.076 65.437 112.983
27.089 62.603 113.733
29.147 62.218 113.853
26.77 61.067 104.081
24.854 61.299 103.565
23.509 62.696 105.201
22.541 63.923 106.792
25.233 63.57 113.804
28.611 60.744 112.634
31.236 54.361 109.249
29.708 51.314 106.614
27.481 53.793 101.753
27.7 55.681 103.352
28.023 56.664 103.936
27.796 60.054 104.177
17.614 30.856 93.749
14.917 35.654 93.821
14.665 30.977 95.133
16.03 30.74 94.855
-0.59 33.069 90.8
2.492 33.75 91.896
3.417 31.537 91.973
3.079 30.884 91.73
11.516 32.922 94.505
13.652 32.292 94.894
13.659 30.898 95.093
4.544 31.937 91.94
7.968 37.428 93.265
13.891 41.957 92.563
15.854 43.878 92.271
15.081 37.005 93.308
13.595 39.345 93.034
-4.626 47.323 91.631
-2.147 45.418 91.128
2.562 42.816 91.795
2.558 39.427 90.924
18.614 54.92 99.398
21.993 58.714 100.714
24.944 57.983 101.853
25.738 55.336 101.44
16.057 45.434 92.647
14.17 47.835 94.64
13.976 48.565 94.735
12.713 51.191 95.461
12.792 53.001 96.976
17.391 52.977 98.623
-19.464 50.196 113.791
-19.732 49.607 109.693
-19.223 49.472 108.819
-17.579 49.479 107.048
-16.969 49.819 105.843
-15.393 50.764 104.724
-14.785 51.434 103.035
-14.011 51.638 101.472
-12.07 51.559 100.095
-11.702 50.482 98.475
-8.196 51.698 97.772
6.421 14.875 129.212
8.07 14.499 129.383
13.046 15.99 130.188
11.673 16.455 129.744
16.01 17.632 130.618
15.158 17.606 130.346
21.066 21.061 133.505
18.899 21.042 132.919
16.74 18.953 131.318
33.386 41.65 107.611
30.202 44.293 104.683
31.594 43.824 107.462
28.911 48.165 103.476
37.038 36.793 113.123
29.442 45.725 105.062
21.962 21.713 133.868
27.52 25.7 131.823
24.228 24.761 133.077
37.812 37.114 116.117
37.843 37.76 117.077
38.266 36.762 118.466
38.105 36.451 119.573
37.536 36.927 120.764
35.976 38.089 123.945
31.728 31.836 128.082
30.695 32.151 129.121
30.314 29.364 129.578
34.872 34.647 125.192
33.138 34.641 127.521
22.183 66.058 110.937
22.329 65.145 112.257
25.737 62.485 113.552
28.281 61.957 113.426
25.393 60.225 103.02
23.815 60.622 102.682
23.161 62.426 104.676
22.611 63.176 105.683
21.595 64.012 106.666
28.577 60.125 112.226
28.376 58.089 110.832
29.824 54.947 109.639
29.778 52.765 107.676
29.708 51.277 105.334
29.531 51.008 104.256
29.614 51.958 102.831
27.199 54.481 102.228
27.245 55.002 102.699
26.75 59.552 103.61
17.117 31.759 94.032
16.862 32.807 94.018
14.554 33.826 94.473
15.526 31.009 95.096
15.759 32.082 94.652
2.038 34.755 91.28
2.707 32.966 92.298
3.48 33.025 92.113
12.406 34.647 94.356
6.21 37.793 92.372
10.474 37.404 93.936
13.078 43.397 93.015
14.761 44.717 93.223
15.966 44.452 92.386
13.975 36.946 93.656
13.627 38.268 93.417
11.767 40.318 93.117
-3.654 47.148 91.49
-1.024 45.784 91.755
1.94 44.774 92.114
2.757 41.232 91.421
0.316 34.739 90.579
29.511 51.224 103.028
17.251 54.047 99.28
18.555 56.415 99.932
21.147 59.459 100.995
22.397 60.112 101.748
24.474 59.367 102.05
26.756 57.157 103.176
26.314 55.096 101.897
14.23 47.087 94.678
12.462 48.768 94.212
12.013 50.426 94.41
13.659 54.764 98.573
15.364 54.093 99.33
-18.651 50.174 114.286
-19.418 50.141 112.741
-18.419 49.523 108.88
-17.649 49.419 107.967
-12.663 50.877 99.228
-12.483 50.417 98.661
-10.38 50.794 98.527
-3.222 48.488 93.294
-9.651 51.057 98.012
-5.823 52.356 97.222
-6.434 49.659 94.681
7.489 14.89 129.347
9.341 14.872 129.535
8.627 14.975 129.441
13.033 17.389 130.058
10.998 16.773 129.487
14.626 18.038 130.382
19.985 20.939 133.324
17.508 20.476 132.236
34.663 41.438 109.324
35.696 40.884 111.531
31.246 45.1 108.502
32.811 43.693 108.646
28.912 49.102 104.255
36.63 38.345 113.138
28.825 47.426 104.441
22.404 25.042 133.4
27.749 27.159 131.993
25.357 25.686 132.817
24.203 25.891 133.084
37.33 38.175 115.398
37.995 37.652 118.242
38.198 36.74 119.086
36.715 38.301 122.401
35.327 37.403 124.975
28.931 27.495 131.056
31.925 32.569 127.957
29.838 31.518 129.974
29.587 29.739 130.423
34.816 36.454 125.689
33.799 36.822 127.532
32.205 33.636 127.919
20.365 64.903 108.243
21.118 65.289 111.032
23.047 64.086 113.085
24.57 63.794 113.632
26.421 62.158 113.321
27.041 61.874 113.113
23.074 61.851 103.8
24.533 62.678 113.534
27.653 61.271 112.752
27.307 59.919 112.051
28.692 57.232 110.423
30.246 53.743 108.525
27.615 56.319 110.281
28.777 51.669 107.512
29.195 49.644 105.5
26.609 54.459 101.64
26.679 55.749 102.652
27.6 57.224 103.885
26.786 58.442 103.48
1.112 35.543 90.579
5.729 39.651 91.902
7.212 39.172 92.674
8.768 39.16 93.335
11.282 42.201 92.854
12.498 39.077 93.452
-2.367 46.928 91.891
0.857 45.537 92.128
3.502 44.712 92.088
3.351 42.059 91.747
2.162 40.405 91.094
1.753 36.713 90.335
17.006 55.643 99.805
17.178 57.683 100.248
20.205 59.206 100.749
25.076 59.14 102.322
25.866 58.799 102.871
15.328 45.816 93.654
14.465 46.245 94.271
13.244 47.585 94.635
11.758 51.417 94.751
11.396 52.331 95.176
12.317 55.19 98.271
14.966 55.803 99.544
15.117 54.644 99.451
15.877 54.673 99.595
-18.539 50.247 113.362
-18.729 50.123 111.922
-18.787 49.915 110.792
-18.578 49.693 109.733
-17.693 49.527 108.764
-16.902 49.499 107.819
-16.744 49.613 106.956
-15.85 50.175 105.89
-13.831 51.68 103.967
-13.421 52.14 102.597
-12.706 52.29 101.634
-12.261 50.711 99.087
-10.981 50.934 99.219
-5.559 49.53 94.739
-9.876 51.448 99.144
-4.854 52.02 96.255
7.026 15.799 129.352
6.126 15.953 129.35
8.063 15.118 129.404
9.266 15.748 129.422
11.703 17.502 129.59
10.055 17.211 129.321
15.821 18.356 130.652
15.339 18.314 130.486
19.981 22.21 133.314
17.936 21.908 132.712
16.18 20.294 131.639
33.943 42.756 109.113
36.25 39.098 112.399
29.696 45.481 106.395
30.054 45.509 107.273
36.359 38.468 112.084
28.881 46.986 105.325
23.012 25.706 133.291
21.68 25.27 133.421
20.9 22.359 133.497
25.788 27.066 132.889
37.671 38.761 118.16
37.946 37.662 119.145
37.762 37.623 120.017
37.084 39.166 121.339
36.262 39.271 123.517
35.374 38.91 125.522
28.798 28.763 131.431
29.348 32.413 130.973
29.485 31.006 130.485
34.372 36.607 126.61
32.668 36.517 128.646
31.64 34.899 128.893
21.486 64.385 112.388
24.072 63.765 113.49
24.459 63.332 113.633
26.046 61.254 112.77
22.686 61.253 102.922
22.502 62.562 104.663
21.531 63.072 105.107
20.068 63.806 105.71
24.279 61.261 113.111
26.565 57.594 110.872
28.045 57.35 110.171
28.749 53.198 108.529
27.899 54.45 109.466
28.883 50.494 107.206
29.233 49.131 106.604
7.868 38.724 93.182
9.881 38.622 93.812
12.548 36.947 94.014
10.282 44.204 93.048
12.473 44.843 93.591
13.246 37.581 93.775
12.267 38.095 93.802
10.706 39.081 93.63
10.31 41.233 92.923
-0.502 47.064 92.381
0.516 46.28 92.212
2.678 46.76 92.102
4.035 43.455 92.036
4.754 42.229 91.827
18.965 59.247 100.751
19.959 60.243 101.34
21.295 60.547 101.784
13.383 46.879 94.593
10.29 49.919 93.103
10.526 51.953 94.046
10.888 53.384 95.906
10.947 54.306 96.926
13.502 55.822 99.094
-17.818 50.184 113.917
-18.406 50.251 112.725
-17.738 49.7 109.596
-17.016 49.533 108.643
-16.085 49.882 106.557
-14.778 50.39 106.647
-14.339 51.274 104.599
-11.265 52.721 101.601
-10.206 50.992 99.124
-4.621 49.299 94.818
-8.831 52.994 100.76
-3.661 53.157 97.431
-3.753 51.209 95.449
-5.207 50.216 95.349
7.856 15.79 129.348
6.05 16.733 129.332
8.466 15.602 129.385
12.309 18.429 129.782
10.98 17.505 129.393
14.391 19.046 130.601
15.567 19.068 130.894
18.713 22.901 132.944
18.538 21.815 132.939
16.456 21.913 132.164
34.696 42.92 110.129
35.186 42.151 110.564
36.225 40.052 113.322
29.247 47.147 106.438
29.985 46.393 107.962
32.818 45.193 110.099
34.022 43.896 109.999
28.818 48.05 105.199
36.808 38.983 114.569
22.157 26.19 133.362
20.85 25.064 133.344
20.606 23.26 133.364
26.978 28.885 133.102
22.986 26.736 133.27
37.548 38.851 116.804
37.616 38.963 117.488
37.635 38.725 119.122
36.412 40.25 122.973
35.733 40.183 124.861
35.766 39.09 124.711
35.028 37.774 125.733
31.257 33.428 128.695
30.155 33.936 130.28
28.788 31.01 131.712
34.601 38.067 126.74
33.289 38.106 128.874
19.297 64.925 110.021
20.554 64.552 111.923
22.023 63.139 113.103
23.816 63.162 113.464
26.995 61.204 112.626
22.03 62.132 103.851
18.955 64.534 106.573
23.732 62.444 113.394
24.858 58.557 112.331
27.649 57.635 110.263
26.083 54.306 110.402
27.329 50.929 108.641
28.426 50.258 107.581
29.133 48.505 107.932
6.82 39.924 92.25
10.181 43.197 92.891
13.024 46.005 94.101
9.46 40.403 93.055
8.711 41.701 92.494
5.156 46.101 91.874
4.636 44.489 92.056
3.788 42.831 91.959
17.454 59.801 101.024
21.724 61.322 102.719
11.762 47.339 93.929
11.322 49.135 93.494
9.987 53.288 94.766
9.963 55.845 98.064
12.969 56.956 99.824
-16.951 50.042 114.136
-17.893 50.278 113.13
-17.809 50.264 112.53
-17.798 50.169 111.692
-17.558 49.971 110.649
-16.379 49.856 109.918
-16.206 49.68 108.593
-15.807 49.788 107.605
-13.74 51.304 105.305
-12.5 52.393 103.266
-12.239 52.644 102.297
-5.117 49.704 95.228
-3.991 49.257 94.76
-5.849 53.614 99.803
-4.009 52.255 96.206
7.603 17.048 129.197
6.663 16.579 129.325
8.673 16.59 129.273
13.263 19.144 130.23
11.15 18.733 129.5
19.486 24.628 133.12
17.322 23.917 132.574
15.173 20.035 131.168
35.419 42.363 111.245
36.071 40.906 113.185
36.473 39.166 113.649
30.524 46.472 109.082
31.773 46.164 110.362
33.481 44.541 109.983
37.016 39.705 115.682
21.147 26.399 133.37
20.712 24.079 133.32
27.99 28.577 132.286
25.642 28.85 133.484
23.802 28.221 133.256
37.314 39.661 116.64
37.414 39.823 118.104
37.345 39.857 119.097
37.474 38.802 120.105
36.709 40.497 122.044
29.435 33.423 131.074
27.945 29.938 132.706
34.001 38.469 128.044
32.372 37.649 129.688
31.576 36.51 129.803
18.926 65.013 108.644
19.682 64.45 111.536
20.466 63.623 112.54
23.101 62.997 113.339
25.153 60.345 112.511
20.317 62.47 103.724
18.429 63.894 105.07
18.947 64.923 107.64
23.029 62.255 113.319
25.77 60.084 112.289
25.283 57.449 111.428
27.478 57.271 110.147
27.123 53.184 109.224
25.141 56.185 111.706
28.725 49.898 107.371
7.712 40.476 92.498
9.07 43.09 92.591
11.168 45.802 93.627
0.543 48.262 92.733
3.997 46.458 91.79
4.96 43.707 92.017
15.08 57.403 100.044
15.23 58.819 100.753
18.443 59.73 100.919
18.635 60.054 101.11
20.652 60.862 101.893
20.9 61.312 102.437
11.168 48.683 93.458
8.866 52.097 92.872
10.693 52.491 94.534
9.925 53.861 95.568
10.297 53.964 96.117
9.607 54.612 96.227
-15.864 49.707 114.812
-17.13 50.222 113.104
-13.433 51.064 106.514
-12.407 52.094 104.61
-11.337 52.924 102.25
-9.898 53.265 102.653
-4.521 49.873 95.293
-3.294 49.332 94.501
-4.187 53.898 99.148
-3.208 52.417 96.082
6.486 17.906 129.07
8.929 18.402 129.114
12.347 19.444 129.923
10.006 18.71 129.237
14.14 20.193 130.827
18.914 23.94 132.934
15.994 23.335 132.136
14.976 21.214 131.476
34.764 43.908 111.023
35.169 42.989 110.977
35.395 43.312 112.245
35.989 42.016 113.466
36.346 40.934 114.304
36.606 39.873 114.631
33.252 46.419 111.819
34 45.039 111.02
21.772 27.588 133.28
20.174 26.236 133.305
26.186 30.032 133.989
37.453 39.62 117.347
37.238 39.808 120.112
37.151 39.665 120.756
36.879 40.618 121.22
36.387 41.618 122.363
35.69 42.275 124.17
35.315 39.886 126.042
34.897 39.698 126.877
29.056 33.866 132.025
28.864 32.049 131.734
27.778 31.822 133.512
34.353 39.265 127.812
33.715 39.601 129.207
32.744 38.855 130.167
30.731 35.516 130.215
17.786 64.751 109.624
18.341 64.245 111.178
21.074 62.203 113.201
19.37 63.352 104.574
17.794 64.505 106.055
18.121 64.795 107.141
22.914 61.374 113.344
26.279 56.684 110.736
24.907 54.109 111.889
25.868 52.37 110.051
28.241 49.248 108.129
6.971 41.449 92.058
8.556 40.135 93.011
8.697 43.867 92.586
9.972 45.535 93.191
7.328 42.496 92.141
0.135 49.498 93.174
4.137 46.652 91.745
5.536 44.603 92.028
15.973 60.799 101.759
17.899 61.107 101.832
19.772 61.416 102.297
10.008 48.124 92.902
7.228 51.264 91.843
9.149 54.321 95.3
7.953 55.392 95.975
10.123 56.935 100.399
-15.963 49.99 113.217
-17.188 50.259 112.316
-16.971 50.182 111.602
-16.778 50.072 110.936
-14.797 50.085 108.722
-14.93 50.037 107.74
-13.346 50.786 107.759
-11.963 51.882 106.396
-11.133 52.745 103.813
-11.517 52.819 102.761
-8.528 53.659 102.181
-3.717 49.881 95.082
-2.548 49.466 94.118
-2.937 54.673 100.447
-0.974 52.995 95.688
13.062 20.169 130.366
11.913 20.724 130.057
9.97 20.423 129.381
18.535 24.157 132.851
16.164 24.285 132.229
15.042 22.666 131.748
30.397 46.925 110.34
32.002 47.333 112.135
36.732 40.907 115.597
37.04 40.838 116.68
20.255 27.43 133.336
26.873 31.019 134.216
25.07 30.204 133.934
22.274 28.501 133.101
37.187 40.723 117.685
37.071 41.112 118.931
36.971 41.129 120.164
35.539 41.608 125.233
34.941 40.873 127.047
35.264 39.548 126.118
29.767 35.707 131.671
28.534 32.78 132.58
31.211 37.663 131.013
30.81 36.387 130.678
18.246 64.946 108.144
19.083 63.296 112.332
20.017 62.781 112.848
22.238 62.117 113.333
22.96 59.607 113.452
18.756 63.14 103.983
16.818 64.227 105.174
24.241 56.887 112.732
24.589 54.23 113.491
25.269 53.093 111.362
25.903 51.218 109.37
28.267 48.343 109.055
7.762 41.367 92.232
7.278 43.598 92.214
8.398 44.436 92.549
8.929 45.349 92.76
9.785 46.553 93.04
-0.896 50.24 93.744
1.896 49.396 92.661
2.431 48.477 92.38
7.088 45.043 92.206
5.899 43.828 92.026
14.42 60.059 101.702
17.09 60.623 101.427
8.366 48.798 92.102
8.574 53.749 93.975
8.825 54.271 94.794
7.86 56.476 98.239
8.684 56.646 99.196
11.776 57.686 101.257
13.392 58.759 101.316
-14.459 49.628 113.481
-16.253 50.09 111.302
-14.936 50.034 110.014
-14.421 50.253 107.767
-11.08 52.568 105.272
-8.433 53.839 102.819
-7.133 54.122 102.431
-2.583 50.197 94.625
-7.185 53.744 101.036
-5.014 54.654 102.275
-1.813 53.745 97.899
-2.204 53.234 96.842
-1.106 51.45 94.363
7.742 18.786 128.938
13.463 21.202 130.821
18.254 25.09 132.851
16.315 25.783 132.374
15.126 24.308 131.818
13.969 22.207 131.259
34.752 44.785 111.962
35.804 43.213 113.621
36.339 42.288 115.112
29.276 47.43 109.384
33.248 48.21 113.784
34.305 45.847 112.331
20.33 28.358 133.229
19.145 26.916 133.225
25.981 31.192 134.708
23.863 29.811 133.307
22.181 29.771 132.827
21.209 28.707 133.08
36.583 42.157 121.247
35.854 43.832 122.234
35.414 42.254 125.335
35.32 41.379 126.042
34.36 40.074 128.145
28.628 34.958 133.236
28.625 33.575 132.716
27.59 33.463 134.386
26.819 32.828 135.188
33.073 39.758 130.473
32.042 39.707 131.306
17.246 64.805 108.176
17.057 63.969 111.241
17.723 63.259 112.105
19.605 61.82 113.055
22.09 61.175 113.424
23.486 56.076 114.506
18.332 62.475 103.093
17.557 63.414 104.021
17.157 64.58 106.021
17.28 64.727 106.789
25.111 52.933 112.945
25.621 51.359 110.245
26.194 50.071 109.451
26.915 49.125 109.632
28.478 48.526 108.259
0.773 50.444 93.269
1.758 50.308 92.851
3.621 48.423 91.979
7.288 46.373 92.072
14.135 61.634 102.893
8.534 47.248 92.317
6.334 56.801 98.097
7.493 57.328 100.252
10.792 57.213 101.384
-14.781 49.956 111.517
-16.378 50.169 112.236
-13.881 50.27 109.752
-11.684 51.496 108.047
-10.882 52.564 106.091
-8.803 53.73 103.187
-3.444 55.346 104.148
-1.487 54.597 99.342
0.938 52.492 93.494
6.369 19.48 128.855
8.609 19.987 129.004
7.116 19.359 128.847
10.832 22.352 129.927
18.397 26.209 133.017
17.569 25.86 132.782
13.898 23.576 131.278
35.534 43.988 113.491
36.038 42.842 114.261
29.185 47.06 110.382
30.853 47.234 112.06
32.319 48.684 113.67
34.128 46.782 113.279
36.721 42.102 116.538
36.89 41.984 117.56
19.078 28.278 133.238
26.115 32.466 135.544
25.379 32.067 134.927
24.002 31.295 133.154
36.887 41.998 118.444
36.838 42.201 119.712
35.36 43.896 123.762
35.285 42.784 125.355
35.202 42.172 126.155
34.838 42.08 127.321
34.599 40.467 127.763
28.83 35.886 133.016
28.285 33.987 133.472
34.058 40.941 129.067
33.187 40.544 130.675
30.747 38.678 131.77
16.822 64.697 109.336
16.413 64.338 110.317
18.379 62.421 112.652
20.652 61.431 113.352
21.255 60.964 113.485
21.547 58.313 114.03
15.88 63.063 103.553
16.728 64.652 106.259
21.829 60.072 113.611
25.405 53.747 115.766
25.205 53.085 114.267
25.863 51.522 111.931
25.523 51.954 110.631
25.758 50.618 109.729
27.996 47.821 110.771
8.336 46.125 92.446
0.829 51.061 93.28
2.999 50.385 92.245
3.364 49.442 92.112
3.909 47.802 91.844
7.041 47.452 91.83
13.317 60.108 102.307
7.18 53.526 92.633
5.913 56.247 96.228
9.113 57.501 101.638
10.213 57.177 101.482
10.519 57.92 102.183
12.03 59.095 102.403
-13.968 49.68 112.452
-13.569 50.481 108.842
-12.487 50.798 109.09
-10.421 52.404 107.604
-10.747 52.547 106.556
-9.726 53.157 106.165
-10.23 53.016 104.768
-9.905 53.211 103.92
-8.984 53.638 103.779
-8.059 54.034 103.611
-5.722 54.823 104.018
-1.908 55.652 102.632
-1.302 55.199 100.241
-0.627 54.21 98.514
-0.39 53.754 97.528
2.51 54.084 93.274
0.384 51.477 93.497
7.85 20.178 128.876
8.584 21.822 129.203
12.584 22.72 130.642
9.741 22.218 129.536
17.579 27.565 132.997
14.591 26.325 131.588
34.939 45.423 113.52
35.87 44.003 114.889
29.83 46.915 111.477
31.509 48.154 113.145
32.473 50.506 115.438
34.106 47.898 114.647
34.473 46.1 112.924
19.467 29.571 132.941
36.82 42.253 119.12
36.744 42.428 120.413
36.452 43.527 120.7
35.135 45.239 123.239
35.207 43.689 124.595
35.194 43.302 125.141
35.113 42.761 126.044
34.29 41.938 128.717
28.852 37.474 132.338
28.089 35.532 134.047
27.944 34.707 134.279
27.722 34.247 134.49
26.95 33.724 135.396
26.25 33.228 135.988
30.156 39.914 131.74
15.714 64.417 109.02
15.868 63.527 111.484
16.549 62.851 112.197
17.455 62.237 112.582
20.241 60.563 113.473
21.453 56.329 114.977
15.502 64.387 104.959
15.934 64.656 106.107
16.397 64.727 107.284
24.278 54.623 116.467
26.652 52.043 114.68
26.436 49.586 110.678
26.276 49.367 109.809
1.789 51.098 92.877
2.626 51.041 92.421
4.634 48.446 91.676
5.865 47.537 91.619
12.411 60.847 103.531
14.265 63.036 103.803
6.436 48.81 91.565
6.644 55.167 94.309
4.456 56.959 98.238
5.575 57.645 99.973
7.725 58.071 102.135
-12.398 49.675 112.531
-12.898 50.277 110.388
-7.163 54.44 104.679
-5.843 54.868 105.762
-0.923 56.123 104.013
-0.101 56.121 101.552
-0.325 55.092 99.591
0.57 53.814 96.598
1.4 53.984 95.223
2.616 52.592 92.373
1.637 51.825 92.893
7.203 20.791 128.902
11.292 23.974 130.241
9.441 24.019 129.732
15.763 27.919 132.475
14.098 24.807 131.344
12.887 25.419 130.783
36.389 43.487 116.426
29.027 47.009 111.281
30.112 47.319 112.409
30.707 47.838 112.97
31.866 49.136 114.062
34.018 49.252 115.96
34.511 46.972 114.567
36.647 43.11 117.517
36.709 42.928 118.306
17.913 29.05 133.165
25.688 32.99 135.782
24.954 32.439 134.466
22.577 31.111 132.129
19.81 31.686 132.093
36.714 42.813 118.871
36.697 43.072 119.298
36.659 43.354 119.823
36.114 44.742 120.774
35.431 45.158 122.325
34.847 45.092 124.435
34.801 43.75 126.172
34.647 43.186 127.308
34.227 42.835 128.763
27.208 34.523 135.156
26.466 33.809 135.92
25.943 33.521 136.071
33.277 41.488 130.568
32.475 40.715 131.49
31.301 41.29 131.596
15.235 63.865 110.534
18.264 61.429 112.912
18.866 60.459 113.273
20.959 59.805 113.688
20.605 57.431 114.266
21.748 54.699 117.367
15.035 64.199 104.508
23.559 54.823 117.202
24.951 54.588 117.919
27.633 48.345 111.81
3.55 51.62 91.858
4.312 50.45 91.666
4.573 49.354 91.678
4.698 47.453 91.68
13.262 62.616 104.388
14.389 63.962 104.873
6.595 53.045 91.849
5.655 55.076 92.97
4.731 56.017 95.127
6.147 58.366 102.019
8.983 58.317 102.748
10.202 59.534 103.802
-9.176 53.523 104.925
-8.264 53.98 104.582
-4.135 55.193 107.007
-0.743 56.093 105.983
0.665 54.464 98.11
-0.131 54.027 98.179
2.609 54.768 94.853
3.936 53.135 91.794
16.456 29.23 133.032
14.625 28.224 131.892
35.415 45.522 115.242
36.157 44.272 116.169
28.922 47.676 112.281
30.777 49.175 114.071
33.783 50.842 116.856
34.676 47.763 115.91
17.192 30.234 133.066
25.358 33.536 135.125
24.572 32.731 133.759
23.436 31.165 132.248
18.353 30.672 132.678
36.364 44.75 119.482
35.653 45.453 121.531
35.614 44.778 122.033
35.124 46.683 122.47
34.727 46.487 123.791
34.755 44.598 125.386
33.669 42.555 129.808
33.605 41.95 129.952
27.221 35.606 134.604
32.663 41.313 131.306
28.854 41.958 131.409
15.261 64.587 107.144
14.881 63.121 111.498
15.277 62.285 112.259
16.761 61.981 112.582
17.328 61.328 112.775
19.386 58.869 113.803
20.535 56.546 114.532
20.616 55.488 115.218
14.874 64.518 104.985
14.997 64.609 105.758
26.468 54.07 117.413
26.89 52.869 115.947
26.811 50.773 113.662
27.61 49.487 113.003
2.555 51.699 92.382
5.419 49.04 91.512
5.417 48.367 91.54
5.658 48.026 91.534
11.646 61.53 105.648
5.635 50.104 91.452
5.459 53.506 91.69
6.128 53.988 92.094
3.841 56.273 96.892
4.435 58.08 101.037
7.821 58.829 103.371
-11.754 50.428 110.444
-9.023 53.592 105.624
-8.222 53.982 105.777
-7.1 54.505 105.858
-0.214 56.368 104.853
0.872 56.808 104.216
1.276 55.756 99.387
1.818 54.527 96.633
3.619 55.495 93.993
4.099 54.506 92.037
8.427 23.306 129.414
10.708 25.584 130.154
14.552 29.839 132.61
13.782 27.571 131.165
13.716 26.526 131.022
34.886 46.564 115.112
35.951 45.141 116.513
36.302 44.414 116.949
36.499 44.029 117.704
29.976 47.988 113.12
30.765 51.242 115.515
33.191 51.97 117.027
34.749 49.855 118.502
34.723 48.721 116.952
34.622 47.121 115.189
36.606 43.64 118.306
36.636 43.422 118.814
23.307 32.826 132.109
23.243 31.54 132.024
22.093 32.043 131.635
17.281 31.518 132.701
36.572 43.995 118.84
35.909 46.079 120.066
34.922 46.093 123.243
33.953 47.322 125.626
34.384 45.125 126.221
33.929 45.195 127.561
33.924 43.906 128.864
33.38 43.37 129.917
26.936 36.28 133.329
26.216 34.501 135.709
32.354 42.544 130.861
29.839 42.809 131.431
29.435 40.757 131.461
14.127 63.871 107.875
15.169 64.106 109.9
14.112 63.093 110.714
16.137 62.007 112.516
17.838 60.648 113.017
17.41 59.918 113.284
19.82 57.307 114.169
20.431 54.549 116.083
23.472 55.071 119.002
26.816 55.026 118.991
26.978 53.465 116.664
27.552 52.509 115.847
27.655 50.58 114.365
5.118 51.704 91.451
13.368 63.41 106.056
5.507 54.57 92.116
4.532 55.754 93.222
3.158 55.54 96.152
2.906 56.207 98.2
2.624 57.185 100.506
4.98 58.691 102.803
6.377 58.929 103.887
-8.323 53.786 107.227
2.155 57.609 102.619
1.974 55.143 97.804
1.579 54.611 97.668
3.894 55.35 92.688
15.658 30.389 133.175
13.804 28.938 131.607
13.379 26.709 130.838
35.357 46.551 116.4
29.27 48.74 113.526
29.153 50.169 114.544
31.656 52.072 116.309
31.877 53.165 117.819
33.906 51.741 118.057
34.864 48.239 116.828
24.469 33.618 133.388
20.997 33.668 131.281
17.051 33.188 132.413
35.878 46.259 118.209
35.513 46.865 120.986
34.659 48.685 123.466
26.7 37.376 131.273
26.091 35.298 134.573
28.998 42.681 131.59
28.931 40.808 131.271
29.408 40.139 131.44
14.381 64.312 106.381
14.543 63.762 109.661
14.072 62.359 111.749
15.814 61.335 112.664
16.561 61.29 112.709
17.117 60.652 112.908
15.993 58.925 113.894
18.411 57.31 114.157
19.803 56.451 114.363
19.775 54.914 115.175
18.987 53.923 116.77
22.359 55.117 120.118
24.797 55.696 119.845
28.096 53.921 117.555
27.921 53.032 116.509
28.722 52.357 116.017
28.349 51.212 115.114
10.029 60.221 105.228
12.776 62.819 107.261
4.818 55.096 92.259
3.675 58.327 102.445
8.403 59.383 105.055
-0.251 56.023 108.38
1.283 56.658 105.545
2.566 57.738 103.895
12.939 27.143 130.745
14.431 31.272 133.368
12.668 29.897 131.591
12.768 28.414 130.954
36.33 44.854 117.954
29.497 51.414 115.493
30.833 52.692 116.639
33.192 52.605 117.872
34.375 51.223 118.811
35.15 47.989 117.51
15.726 31.53 133.205
25.653 34.586 135.229
24.946 34.773 133.634
23.453 34.426 131.976
18.486 34.176 131.702
16.251 32.259 132.862
35.441 48.109 119.747
35.306 47.773 121.298
34.065 49.353 124.744
33.386 45.026 128.996
33.147 44.448 129.695
32.066 44.305 130.302
27.607 38.544 130.847
25.491 36.126 132.35
30.583 43.871 130.867
28.872 42.954 131.491
28.219 41.057 131.139
29.371 39.309 131.704
12.938 62.629 109.156
13.204 62.301 110.918
14.162 61.196 112.617
15.158 61.194 112.716
16.095 60.011 113.215
19.785 55.742 114.516
20.724 53.549 118.939
21.456 54.147 119.929
23.34 56.207 120.76
26.006 55.871 120.11
29.033 54.741 118.864
9.989 60.24 106.542
11.899 61.886 107.677
4.934 58.54 104.437
6.759 58.845 105.366
2.071 56.522 106.852
2.459 57.222 105.083
3.39 58.279 103.484
13.885 30.952 133.095
12.892 31.122 132.695
30.042 52.184 116.075
33.291 52.844 119.345
34.078 51.863 119.235
34.529 51.11 119.941
22.378 34.071 131.274
19.306 35.372 131.307
17.028 34.649 132.156
15.533 33.052 133.091
35.094 48.302 122.106
34.281 50.983 124.302
33.32 50.002 125.955
32.751 47.942 128.001
33.124 46.013 128.619
28.386 39.812 131.197
26.857 38.257 130.299
25.295 37.15 130.809
28.539 43.965 131.039
26.616 41.356 130.91
13.128 61.551 111.855
15.673 60.648 112.901
16.415 60.56 112.916
15.171 60.349 113.122
16.348 56.506 114.738
19.119 56.357 114.207
19.042 55.664 114.419
18.929 54.914 114.982
20.085 53.136 119.123
21.245 55.119 121.602
22.238 56.138 121.398
24.198 56.543 120.871
25.111 56.544 120.955
26.89 55.719 120.004
28.148 55.633 120.224
29.974 53.71 117.559
29.021 53.185 116.834
11.118 61.166 106.857
8.112 58.793 107.142
1.175 56.035 109.112
3.635 57.994 104.577
14.453 32.652 133.566
13.42 31.556 133.354
29.743 52.911 116.638
32.155 53.985 119.905
34.98 50.105 120.81
35.24 49.112 119.398
23.567 36.105 131.432
21.3 35.726 131.081
17.242 35.871 132.091
15.901 34.706 132.766
35.289 48.654 121.151
35.054 49.439 121.967
34.798 50.437 122.805
33.336 48.89 125.963
33.054 48.964 126.569
32.102 46.248 129.465
30.026 45.74 130.127
27.211 39.729 130.474
26.893 39.008 130.117
26.37 38.049 130.231
25.472 38.208 130.157
24.413 36.827 130.831
27.035 43.095 131.151
12.109 61.327 110.681
12.502 59.886 112.882
14.285 60.03 113.347
13.216 57.682 115.141
18.19 56.39 114.282
18.368 54.858 115.073
19.378 53.105 119.498
20.162 53.519 120.751
22.482 57.252 122.057
23.87 57.256 121.922
26.643 56.243 120.868
30.316 55.078 120.343
30.406 54.359 118.614
29.231 52.858 116.54
10.887 60.857 107.912
12.184 62.102 108.513
6.268 58.227 106.335
0.04 56.042 109.114
0.278 56.093 108.839
3.315 56.329 108.29
3.603 57.323 105.799
13.376 32.413 133.69
32.99 53.686 121.016
34.071 52.101 120.57
34.645 51.333 121.841
35.248 49.237 120.018
18.798 36.95 131.559
14.703 34.206 133.424
35.367 48.828 120.519
34.668 51.571 123.164
33.355 52.039 126.089
32.497 50.044 127.532
26.206 38.762 129.917
24.263 37.92 130.197
27.406 46.459 130.491
26.539 44.43 131.038
25.119 43.498 131.355
11.769 61.609 108.881
13.923 59.273 113.917
13.719 55.336 116.542
17.926 55.681 114.517
17.336 55.185 114.881
17.328 53.358 120.854
19.892 54.588 122.563
21.317 56.848 122.538
25.684 56.992 122.186
28.935 55.775 120.804
9.737 59.674 108.299
4.466 57.933 105.426
5.242 57.957 106.009
6.869 57.693 107.794
3.15 55.885 110.408
3.392 56.478 107.226
3.685 56.788 106.711
13.58 34.062 133.798
32.067 54.534 121.23
33.619 52.9 121.024
34.948 50.348 121.949
35.242 49.265 120.974
21.638 38.043 130.946
20.085 37.336 131.183
17.316 37.429 132.272
14.713 36.716 133.384
34.551 52.468 123.95
34.205 52.527 124.893
32.57 51.358 127.344
32.056 50.073 128.677
31.511 49.309 129.47
29.894 47.531 129.853
26.179 39.838 130.119
24.298 39.276 130.139
23.365 37.501 130.466
29.343 46.671 129.847
23.865 42.15 131.428
10.813 60.472 109.511
10.964 59.944 111.119
12.567 56.215 116.69
15.809 55.015 115.219
17.159 55.903 114.555
17.441 54.443 115.14
16.817 53.174 116.831
19.189 53.7 121.999
20.058 56.15 123.246
21.51 57.924 123.157
22.605 58.111 123.153
28.349 56.173 121.905
8.9 58.792 108.656
5.854 57.465 107.346
7.954 57.926 109.066
5.772 56.803 109.103
4.226 56.647 107.505
4.73 57.265 106.755
12.286 33.328 133.748
31.617 55.212 122.345
33.103 54.25 122.495
33.592 53.342 121.985
34.11 52.556 121.985
18.783 38.447 131.926
18.186 37.73 131.901
34.503 52.46 123.003
33.796 53.172 125.705
32.614 52.244 127.328
32.101 51.09 128.391
29.847 46.719 129.715
24.87 40.497 130.459
25.329 39.36 129.961
23.119 38.923 130.391
25.255 45.063 131.182
23.373 43.698 131.888
9.959 58.347 112.102
11.313 58.133 114.227
11.945 56.402 116.599
11.847 54.975 117.988
14.778 53.704 116.176
16.753 54.735 114.813
16.571 53.954 115.362
15.879 52.726 117.982
18.592 54.318 122.959
19.017 55.433 123.67
20.079 57.725 124.034
24.122 57.841 123.755
26.484 56.904 123.71
30.188 55.691 121.953
9.647 59.063 109.96
6.3 57.172 108.21
6.735 57.255 108.562
2.749 55.426 111.922
5.013 55.634 111.824
16.845 38.096 132.717
13.564 35.088 133.822
34.45 53.435 123.889
34.379 53.431 124.778
32.453 53.211 127.083
32.182 52.027 128.263
31.821 51.288 129.312
29.994 50.18 130.027
23.442 40.499 130.78
28.382 48.376 130.207
24.1 46.45 131.203
23.843 44.687 131.673
22.373 43.237 132.195
11.352 56.98 115.714
12.989 53.959 118.523
13.605 53.994 117.438
16.186 53.328 115.463
15.444 53.074 116.089
14.919 52.78 119.358
18.433 56.637 124.474
21.316 58.422 124.477
22.673 58.424 124.042
28.614 56.201 123.846
30.47 55.778 123.214
2.223 54.894 112.979
3.464 55.612 111.548
7.745 56.638 112.031
32.933 55.042 123.68
34.035 53.386 122.946
22.254 40.117 131.088
20.78 40.112 131.676
16.865 39.402 133.088
33.805 54.057 125.616
31.395 51.064 130.033
27.165 48.102 130.338
25.766 48.249 130.315
22.041 45.027 132.233
22.615 42.453 131.979
22.694 41.519 131.532
9.021 58.209 110.485
10.128 57.595 113.813
10.449 57.158 114.876
10.901 55.574 116.946
12.383 53.871 120.393
13.919 53.192 118.172
15.723 53.482 115.358
14.844 52.869 117.234
14.451 53.499 121.568
17.69 54.264 123.097
17.837 55.209 123.978
18.798 57.81 125.279
19.856 58.355 124.962
22.875 58.256 124.869
25.099 57.269 125.01
27.371 56.071 125.321
8.194 57.546 110.573
1.856 54.211 114.009
3.869 55.101 113.053
3.602 55.456 112.091
6.567 55.715 112.375
31.843 55.46 123.347
33.975 54.269 123.785
19.011 40.232 132.406
15.38 39.282 133.621
34.315 54.258 124.696
32.593 54.655 125.79
31.746 52.415 128.82
31.419 52.06 129.735
31.103 51.577 130.231
27.645 49.417 130.032
24.206 47.983 130.544
20.387 43.144 132.701
21.89 42.812 132.312
9.346 57.298 113.095
9.958 55.94 115.877
10.593 54.631 117.985
10.019 53.991 119.723
13.585 53.168 119.763
14.837 53.136 116.135
15.74 53.461 122.009
16.94 54.522 123.383
16.524 55.728 124.569
17.304 56.962 125.498
20.004 58.059 125.941
23.932 57.884 124.977
30.557 55.478 124.962
2.698 53.524 115.658
3.396 54.446 114.411
5.865 55.272 112.866
7.104 55.675 113.221
31.897 55.485 124.036
33.883 54.833 124.519
21.856 41.161 131.665
20.295 41.03 132.157
15.885 40.294 133.674
14.674 38.906 133.711
33.819 54.76 125.182
30.658 54.436 126.53
30.312 53.042 128.333
30.334 51.526 130.022
28.255 51.593 129.09
24.172 49.774 129.688
23.161 47.776 130.912
22.203 46.948 131.681
20.142 45.337 132.92
21.811 42.182 132.092
8.765 56.297 114.243
9.244 54.29 117.484
11.436 54.275 121.883
14.871 53.258 115.886
15.553 54.275 123.076
18.101 57.268 126.469
21.781 58.11 125.746
23.476 57.525 125.882
25.136 56.657 125.921
29.215 55.205 125.884
5.684 54.71 114.944
5.122 55.138 112.969
5.316 55.26 112.448
32.883 55.178 124.777
21.216 41.469 131.995
19.401 41.498 132.633
17.792 40.876 133.088
16.624 40.689 133.518
14.589 40.334 133.896
13.82 38.637 133.716
30.618 52.1 129.755
26.428 49.951 129.629
20.711 47 132.361
18.919 44.864 133.218
8.137 54.858 115.952
10.367 54.368 122.308
12.728 54.382 122.656
13.944 54.557 123.319
15.819 56.25 125.78
16.811 56.797 126.183
21.372 57.101 127.209
25.826 55.642 126.396
28.202 54.632 126.707
1.863 52.49 116.467
4.081 54.186 115.331
20.59 41.869 132.323
15.832 41.179 133.863
26.191 50.784 129.068
22.266 48.313 131.032
22.384 47.595 131.281
21.591 47.604 131.701
19.106 46.648 132.976
17.667 43.467 133.393
21.128 42.204 132.269
7.72 53.835 117.003
9.126 53.737 118.515
8.311 54.018 122.074
11.395 55.043 124.218
14.495 55.44 124.718
16.227 56.12 127.187
19.563 57.316 127.185
23.805 56.395 126.765
1.576 52.019 117.74
2.898 52.86 117.397
4.278 54.012 115.99
-0.751 50.051 124.965
18.143 42.07 133.2
16.844 41.534 133.574
15.118 41.55 134.116
27.844 53.403 127.688
25.517 51.709 128.387
21.636 49.779 130.72
22.064 47.569 131.447
21.08 48.359 131.649
19.519 49.193 132.123
17.53 45.749 133.095
6.786 54.132 116.446
8.068 53.552 117.554
7.873 53.521 118.622
8.196 53.634 120.22
9.999 54.63 123.59
12.992 55.233 124.307
13.988 55.733 126.621
18.427 56.387 128.097
19.869 56.78 128.05
24.449 55.352 127.022
26.081 54.465 126.991
4.346 53.549 117.735
0.735 51.321 124.995
15.967 42.363 133.847
14.32 41.493 134.153
12.947 41.042 133.849
26.016 53.147 127.692
24.055 51.6 128.462
22.513 51.686 129.227
18.135 47.726 132.748
15.908 44.158 133.301
17.073 42.283 133.576
5.761 53.898 116.929
6.628 53.592 117.594
7.504 53.412 117.591
6.424 53.634 120.444
8.971 54.473 124.017
10.146 55.059 125.227
12.477 55.609 125.81
13.39 55.646 125.3
16.668 55.171 128.993
19.837 55.709 129.387
22.396 55.463 128.067
2.874 52.742 118.747
3.468 53.055 118.017
14.82 42.096 134.17
23.877 52.902 127.989
20.497 51.405 130.969
17.506 49.409 132.235
15.907 45.964 132.522
6.246 53.859 121.806
7.278 54.117 123.721
10.921 55.375 125.405
11.072 55.546 126.605
14.626 55.508 127.667
15.363 55.423 128.115
18.37 55.624 129.237
24.19 54.339 127.483
5.546 53.61 117.842
1.369 49.592 128.366
0.847 50.057 127.357
0.907 50.875 126.533
1.43 52.104 123.562
2.983 53.121 121.731
14.72 42.911 133.838
13.93 42.097 134.092
21.183 52.947 129.883
18.097 51.065 132.17
16.866 47.577 132.41
15.088 44.991 132.681
5.792 53.534 118.95
5.013 53.749 121.37
6.345 53.966 122.692
8.272 54.467 125.425
12.426 55.569 127.844
13.748 55.391 127.792
13.855 54.965 128.718
18.258 55.02 130.16
20.682 54.359 130.11
2.683 52.791 120.575
3.719 53.296 119.764
1.611 51.482 126.608
2.526 52.688 124.56
2.907 53.155 122.47
13.179 42.072 133.952
22.406 53.977 128.531
22.427 52.996 128.628
20.261 52.505 130.996
19.246 51.307 131.978
16.913 51.019 131.814
16.121 49.039 131.678
15.433 47.55 131.702
13.989 45.999 131.794
14.15 44.113 133.046
5.568 53.579 119.926
4.87 53.592 120.02
5.232 53.885 122.228
5.953 53.99 123.362
6.348 53.989 124.729
9.654 55.11 126.993
11.225 55.72 128.133
13.275 55.515 127.658
15.501 53.586 130.035
17.089 54.184 130.374
2.463 50.029 129.213
1.562 50.195 128.156
1.631 50.796 127.623
2.591 52.276 126.065
2.598 52.937 123.282
3.982 53.636 122.162
3.823 53.461 121.058
13.382 42.884 133.698
20.151 53.225 131.049
19.641 52.427 131.659
18.67 52.41 132.067
17.461 51.52 132.045
16.576 50.002 131.802
4.838 53.858 122.987
6.001 53.988 123.91
6.67 53.953 125.902
8.089 54.212 127.342
10.487 55.53 128.26
11.297 55.464 128.876
13.252 55.356 128.098
13.555 53.749 129.662
18.202 54.276 131.213
19.031 54.893 130.987
2.783 51.488 127.772
4.581 53.375 125.379
3.964 53.542 123.878
3.576 53.52 122.974
17.349 52.3 131.703
15.592 50.403 131.189
15.081 48.749 131.149
14.022 47.991 130.932
12.42 44.621 132.379
13.052 43.675 133.171
5.147 53.905 123.658
5.155 53.828 124.281
9.572 54.993 128.323
12.209 55.245 128.909
11.596 54.39 129.47
14.301 52.747 130.127
16.529 53.547 130.554
17.305 53.479 131.138
19.614 54.7 131.093
3.345 49.746 130.399
4.178 52.553 127.028
12.047 43.31 133.201
19.42 53.637 131.658
18.335 53.464 131.81
15.716 52.159 130.818
15.294 49.467 131.13
12.762 47.116 130.828
12.695 45.716 131.545
5.988 53.397 126.836
9.118 54.096 128.897
10.381 55.087 129.123
12.726 52.786 129.831
16.327 52.981 130.779
18.957 54.292 131.681
4.168 50.156 130.233
3.552 50.904 129.151
4.231 51.711 128.4
14.19 51.444 130.391
14.195 49.684 130.632
12.319 48.851 130.189
12.76 46.226 131.206
11.51 46.179 131.193
6.991 53.276 127.81
7.92 53.573 128.259
11.682 53.417 129.647
15.793 52.88 130.505
5.603 52.528 127.929
11.845 47.508 130.493
11.41 43.931 132.747
7.145 52.345 128.904
10.322 54.64 129.429
11.244 53.548 129.59
11.253 52.304 129.593
12.658 50.934 129.967
4.497 51.032 129.413
5.353 51.672 128.906
10.82 47.928 130.274
8.97 52.569 129.346
10.126 54.013 129.448
10.52 53.334 129.513
5.557 50.895 129.723
11.223 50.369 129.652
10.925 49.159 129.784
9.955 46.74 130.902
7.762 51.665 129.395
5.595 49.754 130.448
10.219 48.796 129.857
6.923 50.653 129.782
8.088 51.149 129.559
9.954 52.16 129.439
10.097 50.993 129.478
10.106 49.648 129.647
9.176 48.334 130.222
9.01 51.136 129.498
6.745 49.177 130.382
7.706 48.453 130.423
8.03 49.824 129.885
9.217 49.998 129.651
6.988 47.993 130.785
-23.723 39.748 123.876
-23.099 34.607 124.131
-24.462 36.836 124.497
-21.824 31.719 122.205
-23.869 35.843 124.712
-20.215 29.789 122.402
-22.517 41.092 124.097
-18.359 28.642 123.701
-17.391 26.99 123.968
-15.818 26.381 125.159
-23.3 38.189 124.747
-21.99 33.239 123.456
-19.25 29.051 123.09
-22.068 39.779 124.918
-22.668 35.597 125.262
-22.254 36.912 125.983
-21.984 34.22 124.368
-20.863 31.856 123.243
-19.318 30.267 123.678
-17.009 28.329 124.551
-22.09 38.307 125.64
-21.898 34.787 125.108
-21.129 33.276 124.175
-22.359 34.657 124.576
-20.104 30.958 123.322
-17.854 29.961 124.633
-18.588 29.851 124.062
-16.13 28.247 125.011
-21.021 39.155 126.303
-21.823 35.658 125.958
-21.673 37.989 126.237
-21.382 34.107 124.734
-20.085 32.049 124.183
-16.415 29.898 125.405
-18.677 30.629 124.428
-21.079 34.999 126.069
-20.907 35.905 126.839
-21.151 37.986 126.843
-20.588 33.827 125.304
-19.18 31.459 124.568
-19.361 40.381 127.233
-17.408 30.793 125.329
-17.434 42.284 127.52
-21.017 36.85 127.178
-21.081 37.418 127.151
-19.453 32.74 125.332
-16.95 31.693 126.143
-18.272 31.728 125.422
-14.997 30.063 126.095
-20.275 38.794 127.325
-19.994 34.668 126.609
-20.174 36.611 127.664
-20.464 38.028 127.536
-19.728 33.737 125.998
-18.014 40.11 128.255
-15.462 31.684 126.942
-13.573 30.705 127.414
-19.418 38.527 128.004
-19.447 35.635 127.556
-20.345 37.472 127.715
-18.817 33.697 126.503
-16.942 41.015 128.374
-16.37 33.146 127.383
-17.594 33.067 126.667
-18.994 34.807 127.239
-19.093 36.383 127.991
-19.664 37.318 128.028
-18.096 38.425 128.361
-16.643 39.634 128.384
-15.435 32.904 127.801
-17.336 35.204 127.876
-18.771 35.761 127.894
-18.897 37.412 128.215
-15.549 33.455 128.103
-18.077 37.049 128.214
-17.108 37.569 128.173
-16.131 33.991 128.06
-18.468 36.538 128.126
-16.532 38.349 128.165
-15.474 33.773 128.351
-15.853 34.115 128.303
-16.314 37.706 127.973
-16.297 36.722 127.936
-15.945 35.967 128.07
-14.684 35.432 128.553
-15.906 38.62 128.023
-15.548 37.585 127.823
-15.147 36.579 128.038
-15.346 39.851 128.133
-14.796 38.699 127.812
-14.579 37.49 127.871
-13.696 38.234 127.934
-15.15 28.463 125.485
-14.12 29.35 126.026
-17.578 15.779 123.939
-17.941 20.577 124.361
-17.542 23.651 124.063
-17.851 21.693 124.416
-16.95 25.894 124.184
-14.251 27.061 126.047
-13.402 29.559 126.451
-13.965 28.235 125.949
-13.299 28.749 126.259
-14.964 14.082 122.645
-12.694 13.718 121.4
-16.179 14.227 123.186
-17.012 14.397 123.52
-17.084 15.005 123.872
-17.969 16.334 123.798
-18.024 17.597 123.906
-17.097 15.666 124.062
-17.615 19.094 124.316
-16.715 24.775 124.552
-16.814 22.318 125.059
-14.288 25.687 126.434
-13.828 14.181 122.238
-16.837 16.79 124.172
-17.276 19.952 124.652
-16.622 23.577 124.912
-15.729 24.069 125.653
-14.949 24.985 126.123
-16.676 20.798 125.071
-14.418 14.874 122.974
-15.385 14.969 123.477
-16.3 15.022 123.818
-16.37 15.886 124.131
-16.683 18.334 124.372
-16.51 19.661 124.73
-15.372 23.03 126.164
-16.013 21.076 125.408
-15.452 15.952 123.998
-16.061 20.544 125.132
-1.054 8.722 126.409
-0.983 8.282 127.763
-0.155 7.592 128.432
0.59 8.734 128.971
-10.751 14.964 121.084
-0.751 9.432 124.846
0.998 10.256 128.904
-8.222 15.752 119.959
-0.254 10.411 123.254
2.664 10.69 128.645
-0.381 11.206 122.39
-4.805 15.8 119.866
-2.502 14.088 119.433
3.353 12.92 128.569
4.988 15.561 129.059
5.42 16.472 129.278
5.46 17.319 129.174
4.977 18.985 128.868
-11.859 14.487 121.403
-12.938 15.439 122.637
-14.221 24.283 126.859
-15.671 21.891 125.797
-15.534 16.975 124.282
-14.432 15.845 123.541
-15.596 18.067 124.428
-15.566 19.215 124.631
-15.488 20.272 124.999
-15.457 21.159 125.477
-0.767 8.664 128.776
-9.473 16.262 121.456
-1.371 11.349 124.14
-6.827 15.997 119.688
2.856 11.72 128.577
-2.324 14.875 121.84
3.594 14.285 128.658
4.22 14.894 128.791
4.43 19.891 128.748
3.558 19.747 128.696
-14.43 22.959 126.671
-14.522 16.985 124.093
-1.35 8.722 127.289
-0.612 9.759 129.062
-1.75 10.187 125.846
-10.464 16.394 122.425
-11.53 15.606 122.047
1.949 11.212 128.714
-8.288 17.221 121.633
-6.612 17.418 121.351
-1.692 13.238 123.194
2.095 13.914 128.611
2.045 12.259 128.644
2.979 15.891 128.742
4.322 17.079 128.986
-13.42 16.86 123.705
-14.58 18.089 124.405
-14.631 19.157 124.602
-14.662 20.196 124.914
-12.856 23.824 127.597
-14.671 22.018 126.062
-14.693 21.159 125.43
-1.909 9.292 127.574
-1.909 9.28 128.436
-2.296 10.292 129.101
-2.033 9.813 126.836
-9.617 17.02 122.882
-0.948 11.452 129.043
1.223 11.457 128.787
-2.524 11.301 125.953
-5.075 17.528 120.938
-3.209 17.13 122.359
3.368 18.284 128.74
2.443 18.951 128.602
-11.404 16.596 123.162
-12.338 16.903 123.542
-13.574 22.682 126.761
-13.541 18.024 124.304
-2.703 10.683 126.837
0.462 11.346 128.89
-4.248 17.606 121.191
-2.01 15.997 123.261
1.135 15.38 128.587
0.71 12.533 128.744
2.996 17.292 128.753
1.604 18.863 128.534
-12.468 17.821 124.212
-13.655 19.147 124.65
-13.772 20.203 124.963
-13.828 21.174 125.482
-12.35 22.864 127.445
-13.96 21.913 126.013
-3.05 10.283 128.457
-2.679 10.199 127.531
-2.433 11.227 129.307
-3.918 17.937 121.733
0.981 17.118 128.616
0.671 14.072 128.608
2.263 17.123 128.668
2.087 17.987 128.612
-11.36 17.589 124.326
-12.802 21.972 126.553
-12.414 18.848 124.902
-3.371 11.389 129.489
0.729 19.157 128.51
1.144 18.266 128.529
-12.772 19.972 125.206
-12.828 20.926 125.75
-11.753 22.82 127.782
0.409 18.263 128.544
-11.719 21.006 126.878
-11.926 19.478 125.517
-11.708 19.992 126.198
12.112 37.236 133.688
12.783 39.451 133.727
12.315 42.22 133.673
10.313 44.515 132.272
10.933 43.517 132.929
4.783 49.261 130.894
10.212 45.727 131.47
9.07 46.89 130.906
8.154 46.886 131.075
12.617 40.194 133.713
11.509 41.412 133.571
9.338 45.909 131.443
11.889 39.962 133.625
11.857 40.73 133.623
10.385 43.457 132.882
2.791 49.031 130.237
3.891 49.285 130.848
5.859 48.234 130.967
6.969 46.884 131.277
8.83 45.275 131.87
9.877 43.352 132.874
2.226 49.231 129.685
4.564 48.254 131.089
7.876 45.412 131.863
3.556 48.277 130.831
5.303 46.776 131.348
6.255 46.732 131.386
6.941 45.452 131.874
2.406 47.319 130.306
3.81 46.537 131.118
10.788 42.616 133.259
11.038 38.434 133.619
10.982 40.49 133.517
8.88 43.884 132.568
7.74 43.91 132.544
4.918 44.364 132.014
6.072 45.525 131.783
10.237 41.389 133.406
10.63 39.467 133.54
9.499 42.47 133.142
9.717 40.229 133.481
6.071 20.921 128.876
7.097 23.046 129.247
8.252 24.053 129.541
11.684 27.188 130.479
9.491 25.659 129.872
11.55 31.054 131.838
11.295 28.876 130.691
12.409 32.187 133.359
12.758 34.756 133.831
-13.504 36.479 128.544
-12.036 38.102 128.464
4.746 21.263 128.853
1.856 20.19 128.652
0.732 20.161 128.597
12.214 35.666 133.749
9.278 36.318 133.545
6.507 43.61 132.6
3.198 44.408 131.585
8.46 42.414 133.083
9.144 41.35 133.355
7.745 25.612 129.809
9.43 27.317 130.127
8.916 25.342 129.774
11.35 32.075 132.719
11.183 30.163 131.081
11.235 32.852 133.272
10.885 34.356 133.583
3.22 21.26 128.826
11.047 35.755 133.739
7.617 42.493 133.051
5.651 43.559 132.525
7.898 40.537 133.404
5.793 22.191 128.942
8.901 26.003 129.837
10.551 31.761 131.969
10.293 30.882 131.203
9.773 29.632 130.546
3.599 22.988 129.267
2.247 22.161 129.075
0.627 21.752 129
7.097 41.961 133.225
5.153 42.471 132.935
5.278 23.202 129.216
5.873 24.969 129.727
9.989 32.841 132.658
10.821 32.587 132.949
5.362 22.283 128.916
6.336 42.084 133.196
4.669 43.282 132.41
5.993 26.208 130.045
8.101 29.346 130.362
7.224 27.683 130.158
9.431 31.733 131.535
8.953 30.573 130.735
6.529 40.984 133.385
6.13 27.096 130.206
4.882 26.202 130.199
8.956 29.882 130.425
5.225 26.97 130.331
6.021 27.914 130.332
9.384 38.705 133.564
-13.601 35.613 128.95
3.648 43.368 132.161
2.586 43.121 132.106
9 34.275 133.12
3.877 25.107 129.991
4.032 42.756 132.611
4.35 43.442 132.23
5.734 41.155 133.333
8.389 32.484 131.815
5.134 39.197 133.179
6.282 28.808 130.423
8.233 31.521 131.111
4.796 28.162 130.628
7.708 30.699 130.694
4.305 27.166 130.566
7.716 38.189 133.525
7.962 34.972 133.124
8.508 33.416 132.505
3.549 41.662 133.138
5.113 40.93 133.359
3.716 26.58 130.536
6.741 30.092 130.597
6.991 37.074 133.372
2.843 42.334 132.66
7.049 35.773 133.034
7.72 34.099 132.631
4.339 40.817 133.417
7.54 33.198 132.014
6.573 31.826 131.138
5.368 29.848 130.737
1.613 42.185 132.39
6.907 34.799 132.611
2.045 41.098 132.911
3.287 40.301 133.258
-0.063 40.39 132.26
5.887 36.801 132.888
5.253 35.435 131.929
6.444 33.842 131.888
4.146 40.133 133.495
4.935 37.126 132.464
1.669 39.511 132.506
4.433 33.467 130.995
3.42 37.286 131.834
3.028 39.303 132.781
3.377 38.629 132.461
4.418 34.741 131.111
2.428 38.555 132.177
3.339 35.212 130.896
1.348 37.653 131.601
1.931 36.222 130.966
0.51 38.703 131.944
-14.418 33.205 128.574
-12.367 36.277 129.04
1.845 24.545 130.006
0.362 23.588 129.607
2.454 26.36 130.757
2.811 27.992 131.033
3.966 29.431 130.893
-2.537 37.975 132.297
4.341 31.038 130.856
2.005 33.751 130.514
1.786 35.214 130.595
0.016 35.435 131.185
0.116 37.418 131.499
-0.155 38.284 131.85
-12.784 35.855 129.071
-11.133 36.299 129.685
-10.632 37.502 129.206
-0.058 24.984 130.251
2.791 25.412 130.271
3.589 28.618 130.963
2.831 31.708 130.669
-0.78 37.431 131.877
-10.18 37.083 129.698
1.938 27.39 131.302
3.037 29.179 131.01
3.162 30.205 130.89
1.273 31.922 130.505
-0.305 36.911 131.455
-0.331 37.48 131.611
0.607 26.186 130.962
1.471 26.188 130.898
1.592 27.895 131.455
1.978 30.065 130.932
-5.892 37.363 131.601
-4.196 36.772 132.326
0.537 33.122 130.531
-1.779 35.815 131.999
-8.717 36.557 130.854
-8.008 37.338 130.723
-4.767 37.208 132.105
-3.865 35.152 132.251
0.306 32.083 130.573
-7.18 37.387 131.07
-4.944 36.667 132.183
-1.305 35.094 131.737
-7.825 36.284 131.259
-7.192 36.703 131.316
-12.611 29.171 127.11
-12.845 27.534 127.05
-13.595 26.393 126.725
-13.281 25.644 127.276
-13.076 24.798 127.663
-11.782 23.205 127.905
-12.582 34.948 129.675
-13.266 31.742 128.604
-1.956 24.347 129.866
-1.031 24.665 130.033
-9.793 36.07 130.679
0.837 27.379 131.514
-0.232 26.21 130.964
0.781 28.97 131.468
-0.635 32.439 131.089
0.258 30.964 131.001
-5.139 35.817 132.256
-1.95 34.198 131.712
-8.158 35.565 131.57
-6.78 35.325 131.956
-12.192 29.873 128.05
-12.86 28.486 126.575
-11.973 25.725 128.245
-11.091 23.982 128.35
-11.328 23.189 128.099
-8.871 23.204 128.768
-12.052 31.043 129.527
-5.072 24.103 128.74
-2.869 25.505 130.307
-10.743 34.805 130.984
-1.201 25.896 130.709
-0.419 27.117 131.541
-4.981 35.073 132.388
-8.933 35.297 131.561
-11.941 29.337 127.834
-12.077 32.746 130.448
-4.144 24.755 129.431
-5.917 24.2 128.583
-6.965 24.675 129.198
-10.722 32.995 131.701
-9.535 34.026 132.042
-0.786 28.373 131.966
-1.094 30.457 131.667
-2.25 32.312 131.553
-0.141 27.673 131.887
-5.575 35.118 132.293
-5.487 34.62 132.244
-0.528 31.223 131.222
-3.527 33.399 131.745
-8.27 34.375 132.155
-11.53 28.906 128.723
-10.494 25.55 129.096
-10.063 24.534 128.848
-10.869 31.404 131.355
-4.886 25.389 129.442
-5.745 25.115 129.15
-2.054 27.345 131.61
-3.967 26.378 130.528
-5.226 33.308 132.016
-7.411 33.673 132.406
-10.74 29.848 130.512
-11.65 27.338 128.465
-10.526 27.348 129.727
-9.558 25.06 129.217
-10.868 30.641 130.909
-3.022 26.839 131.108
-9.609 32.492 132.562
-1.64 29.3 132.203
-3.522 32.281 131.545
-2.687 31.037 131.786
-6.401 34.025 132.207
-8.332 32.368 132.594
-10.403 28.825 130.434
-9.477 26.329 129.918
-8.635 25.29 129.537
-10.331 30.379 131.493
-9.591 30.69 132.217
-5.21 26.497 130.471
-6.09 25.91 129.932
-3.181 27.671 131.746
-2.45 28.644 132.215
-2.216 29.852 132.143
-4.237 32.914 131.594
-6.666 33.106 132.366
-7.324 32.715 132.579
-10.061 29.615 131.386
-9.31 27.528 130.853
-8.19 26.982 130.768
-4.269 27.423 131.444
-6.318 27.373 131.217
-2.55 27.949 132.067
-4.591 32.256 131.645
-3.884 31.267 131.757
-3.299 29.952 132.133
-6.382 31.627 132.346
-9.626 28.737 131.42
-4.984 27.702 131.675
-3.996 28.617 132.134
-7.842 29.451 132.188
-5.399 32.274 131.929
-8.771 28.337 131.719
-8.949 29.237 132.193
-4.599 31.429 131.774
-4.806 30.313 132.149
-5.178 31.634 131.923
-6.1 29.418 132.239
-5.205 28.633 132.122
-8.586 17.417 123.357
-2.028 12.896 124.438
-2.166 14.626 124.164
-9.664 17.192 124.394
-7.76 17.821 122.507
-3.165 12.844 125.818
-4.627 17.936 122.281
-3.565 11.649 127.025
-2.049 16.688 123.646
-4.156 11.256 129.369
-2.658 12.289 129.325
-3.548 10.949 127.858
-0.606 13.46 128.778
0.06 16.06 128.625
-0.135 14.971 128.626
-11.711 18.236 124.831
-10.951 22.147 127.97
-10.704 18.219 126.027
-0.514 17.942 128.687
-0.32 18.888 128.563
-10.083 19.068 128.095
-0.057 19.971 128.592
-1.058 22.905 129.374
-3.7 22.298 129.126
-5.705 23.128 128.555
-7.44 23.114 128.564
-6.974 17.744 123.651
-5.994 18.081 122.864
-1.812 16.005 124.018
-2.555 17.007 123.712
-4.224 11.154 128.747
-1.518 12.682 129.002
-3.731 17.691 122.86
-4.368 12.111 129.747
-3.626 11.991 129.597
-0.846 16.801 128.796
-0.748 20.885 128.801
-9.104 21.269 128.756
-6.651 22.56 128.506
-7.392 21.953 128.606
-8.63 17.285 124.508
-4.488 12.461 127.274
-5.429 17.625 124.063
-4.744 11.834 128.301
-2.358 16.208 124.351
-3.708 16.986 124.101
-5.133 11.788 129.259
-1.903 13.638 129.01
-0.96 15.751 128.765
-1.363 14.772 128.836
-8.608 16.292 126.954
-5.753 12.628 129.958
-3.822 12.671 129.638
-2.046 17.864 128.997
-1.093 19.642 128.657
-1.346 18.697 128.745
-9.242 20.07 128.835
-8.995 16.366 128.488
-1.972 20.656 128.907
-7.401 19.571 129.272
-5.83 21.315 128.789
-7.665 16.731 125.413
-3.44 15.089 125.393
-4.409 13.023 126.786
-3.345 13.898 129.445
-4.911 13.492 129.956
-2.681 15.851 129.212
-8.686 18.32 129.421
-8.446 16.22 129.746
-3.064 19.448 129.101
-4.753 19.468 129.291
-6.78 21.314 128.665
-6.174 16.901 125.209
-4.628 13.996 126.559
-5.499 12.621 128.205
-5.254 13.164 127.459
-4.946 16.391 125.438
-6.155 12.654 129.277
-2.258 14.592 129.065
-7.002 14.959 127.409
-7.791 14.652 128.702
-6.153 13.451 130.354
-2.124 18.775 128.923
-3.633 17.736 129.366
-1.948 19.353 128.832
-8.09 14.645 129.668
-3.905 20.273 129.198
-5.803 15.391 126.394
-4.561 15.261 126.056
-4.118 15.921 125.467
-7.269 13.875 130.112
-6.022 13.996 130.36
-6.765 13.716 130.425
-4.231 14.012 129.729
-5.314 16.443 129.823
-8.023 17.226 129.944
-6.461 13.484 128.428
-5.824 14.05 127.354
-7.29 13.583 129.52
-4.374 14.692 129.758
-5.488 14.614 130.141
-6.636 14.138 130.501
-7.164 15.549 130.249
-6.274 14.816 130.359
-15.468 41.672 128.12
-15.741 40.591 128.36
-13.394 40.345 127.862
-15.09 40.742 128.198
-12.442 39.406 127.911
-14.236 43.383 127.741
-13.644 42.289 127.865
-11.797 39.572 128.09
-13.051 43.218 127.767
0.073 50.181 126.113
0.639 49.094 127.911
1.284 48.305 129.167
2.287 45.461 130.88
1.856 43.694 131.626
0.801 42.727 131.876
-9.454 38.957 129.343
-4.209 38.499 131.929
-7.444 38.373 130.569
-11.882 42.397 127.673
-11.561 40.772 127.908
-12.252 43.82 127.664
-1.346 49.479 125.004
-1.07 49.25 125.806
-0.151 49.192 126.963
1.249 46.781 129.772
1.537 46.056 130.25
-0.045 42.883 131.63
-3.127 39.341 132.164
-6.175 39.288 130.873
-5.064 39.171 131.367
-12.318 41.292 127.641
-1.83 49.118 125.001
-0.297 48.153 127.853
0.066 46.042 129.64
0.827 44.612 130.819
-1.042 42.4 131.679
-2.288 40.852 131.939
-3.512 40.149 131.831
-8.045 38.969 130.042
-7.281 39.833 130.145
-4.547 39.164 131.562
-10.436 41.59 127.923
-11.315 43.818 127.654
-11.57 44.546 127.535
-1.349 48.268 126.801
-0.421 47.12 128.605
0.905 45.898 130
-0.642 44.124 130.79
-4.355 39.994 131.456
-5.2 41.018 130.792
-6.209 40.322 130.551
-9.299 42.183 128.22
-10.214 43.483 127.684
-10.745 44.549 127.538
-9.685 45.01 127.463
-2.51 48.465 125.587
-2.086 46.858 127.916
-1.199 46.179 128.865
-2.13 43.387 130.888
-3.649 42.02 131.136
-7.532 42.058 129.183
-6.3 41.296 130.151
-10.603 42.537 127.607
-10.071 42.479 127.719
-8.966 45.315 127.462
-3.438 47.71 126.292
-2.457 47.694 126.726
-1.453 45.087 129.77
-8.485 44.405 127.884
-3.311 47.147 127.101
-2.109 45.737 128.936
-2.61 44.788 129.764
-3.203 43.809 130.449
-4.575 42.599 130.593
-5.496 43.25 129.716
-6.752 44.323 128.555
-3.771 46.245 127.993
-3.097 45.675 128.776
-4.106 43.66 130.249
-5.392 45.403 128.295
-3.028 46.278 128.162
-3.49 44.655 129.738
-4.264 44.908 129.178
-13.217 43.949 127.641
-12.52 44.756 127.349
-11.06 45.551 126.984
-14.603 43.929 127.524
-14.022 44.504 127.23
-12.329 45.494 126.887
-12.47 46.234 126.059
-13.09 45.313 126.85
-14.619 49.456 114.776
-8.851 46.157 126.795
-6.907 45.942 127.352
-4.941 47.063 126.687
-14.756 49.366 115.569
-11.766 47.22 124.906
-12.967 47.406 124.154
-12.554 49.088 114.061
-12.005 49.223 113.928
-12.983 49.211 115.246
0.93 51.746 119.488
-0.02 51.196 122.708
1.686 52.267 121.951
-0.994 50.433 123.594
-1.863 49.592 124.114
-2.554 48.997 124.461
-4.197 48.077 125.395
-10.241 47.076 125.52
-6.89 47.521 125.573
-11.44 47.627 124.076
-12.425 47.824 122.927
0.934 51.62 118.257
-3.601 48.759 124.301
-5.369 47.851 125.455
-8.572 47.421 125.519
-10.563 47.643 124.368
-13.109 48.872 117.089
-11.476 47.781 123.259
-13.452 48.732 118.072
0.117 51.303 121.134
-1.312 50.542 122.413
-2.559 50.039 122.361
-2.953 49.303 123.567
-5.235 48.523 124.213
-8.824 47.851 124.631
-9.669 47.762 124.412
-7.894 47.957 124.755
-12.287 48.981 116.843
-10.654 47.819 123.593
-1.606 50.747 120.987
-0.489 51.138 120.158
-4.002 49.338 123.016
-9.715 47.966 123.452
-7.04 48.509 123.562
-12.277 48.829 117.859
-10.332 48.001 122.644
-11.49 48.049 122.038
-5.328 49.399 122.432
-8.014 48.152 124.227
-8.983 48.048 123.776
-11.357 48.239 121.299
-2.591 50.379 121.232
-8.26 48.202 123.756
-10.226 48.472 121.125
-6.35 49.221 122.201
-9.501 48.093 122.697
-3.422 50.354 120.998
-8.465 48.496 122.359
-7.118 48.884 122.384
-9.6 48.187 122.213
-8.4 49.163 120.444
-7.742 49.092 121.106
-10.32 51.467 109.655
-11.891 50.732 109.723
-9.076 53.229 107.873
-5.848 54.795 106.968
-10.98 50.343 110.873
-7.027 54.403 106.892
-2.285 55.569 108.15
-0.656 55.894 109.414
-0.09 55.734 110.047
1.198 55.396 111.266
0.845 54.605 112.779
0.165 53.561 113.959
0.844 52.566 115.513
0.918 51.982 116.542
-10.372 49.897 114.584
-12.123 49.138 114.497
0.186 51.623 117.581
-11.396 48.861 118.86
-10.752 49.403 116.862
-1.512 51.298 118.76
-4.182 49.988 121.652
-2.877 50.583 120.564
-5.75 49.813 121.244
-10.847 48.76 119.842
-6.95 49.299 121.396
-9.381 49.468 118.815
-7.345 49.526 120.419
-9.412 52.647 108.784
-5.935 54.588 108.023
-10.531 50.137 111.694
-4.416 54.745 109.539
-8.268 53.64 108.2
-7.358 54.008 108.35
-1.837 55.433 109.733
-10.555 49.979 112.665
-3.342 51.013 119.302
-4.989 50.016 121.312
-4.868 50.541 120.013
-3.599 50.622 120.221
-7.351 50.067 119.285
-9.053 52.442 109.704
-8.145 53.307 109.252
-9.785 50.674 110.961
-0.934 55.602 110.118
-0.99 54.798 111.6
-0.764 52.485 115.119
-0.072 51.963 116.126
-9.091 50.919 112.129
-1.593 51.87 116.543
-10.087 49.714 115.928
-2.777 51.308 118.496
-6.407 49.991 120.242
-7.263 50.876 117.46
-9.187 52.13 110.049
-6.305 54.235 109.216
-9.097 51.183 110.975
-3.179 54.606 111.27
-1.807 53.58 113.272
-1.45 52.97 114.194
-8.241 51.331 114.135
-3.474 51.734 117.371
-9.426 50.067 116.131
-8.966 50.142 117.129
-6.202 50.73 118.8
-6.253 50.402 119.494
-8.322 52.282 110.948
-6.521 53.759 110.53
-9.179 50.793 111.26
-4.855 53.954 112.227
-7.103 53.876 109.4
-2.89 54.048 112.484
-2.493 52.572 114.995
-8.568 50.862 114.987
-7.443 52.39 113.165
-2.888 52.123 116.144
-8.705 50.636 115.563
-4.994 51.336 118.138
-4.416 51.021 119.129
-8.282 50.724 116.372
-8.677 51.413 111.326
-3.798 54.15 112.233
-3.154 53.269 113.802
-2.278 53.027 114.01
-7.461 51.559 115.419
-7.319 52.161 114.282
-3.789 52.474 115.616
-4.672 51.865 117.184
-5.402 52.242 115.992
-6.546 53.252 112.708
-3.933 53.76 113.005
-6.596 52.765 114.202
-5.6 53.261 113.95
-4.43 53.19 114.238
-3.573 52.869 114.698
-6.783 53.036 113.431
-24.252 45.009 124.438
-25.932 44.07 123.795
-25.33 43.676 123.695
-22.428 42.315 124.039
-21.582 41.003 124.662
-20.629 41.303 125.532
-19.031 42.395 126.396
-15.507 43.902 127.253
-25.803 51.891 121.303
-25.962 51.903 122.238
-26.354 51.996 122.858
-25.383 51.705 123.137
-24.771 51.582 118.539
-24.723 51.592 120.305
-24.764 51.131 124.022
-25.616 48.866 125.363
-23.237 50.683 116.374
-23.13 50.065 114.634
-21.548 50.447 116.821
-17.878 49.856 115.777
-13.805 45.553 126.427
-15.47 49.452 115.962
-12.873 46.871 125.149
-14.471 49.052 117.029
-14.004 47.983 122.829
-12.83 48.607 119.056
-12.632 48.023 122.164
-12.539 48.388 120.768
-24.427 47.642 124.973
-22.811 43.464 124.153
-21.578 41.811 124.496
-18.221 43.788 126.269
-17.163 44.613 126.324
-14.906 45.307 126.385
-19.939 42.695 125.554
-24.778 51.611 119.07
-24.16 51.381 118.795
-24.044 50.159 124.406
-23.498 51.086 117.956
-24.649 49.299 124.981
-19.91 50.051 116.954
-16.345 49.624 115.898
-14.115 46.416 125.468
-15.836 47.28 124.459
-14.126 48.777 118.112
-13.993 48.674 118.851
-22.415 46.514 124.441
-21.285 43.231 124.683
-19.354 43.846 125.546
-16.092 45.405 126.089
-25.121 51.704 121.924
-24.225 51.284 123.278
-22.949 50.549 123.271
-22.756 50.829 117.611
-21.006 50.229 118.696
-19.024 49.755 117.413
-16.667 49.527 116.641
-15.754 49.379 116.668
-13.144 48.115 121.981
-16.558 48.386 123.083
-14.63 48.857 118.208
-13.5 48.549 119.634
-22.343 44.549 124.411
-23.049 48.716 124.474
-22.183 43.752 124.354
-18.591 45.232 125.392
-18.56 44.291 125.778
-17.24 46.244 125.256
-15.481 46.133 125.578
-24.062 51.337 122.164
-22.832 50.915 119.28
-22.829 49.785 124.065
-19.84 49.844 118.377
-18.286 49.602 117.423
-17.284 49.602 116.635
-15.774 49.137 117.979
-13.68 48.242 121.835
-15.211 48.593 121.383
-16.769 48.045 123.897
-14.677 48.734 119.613
-20.783 45.267 124.618
-21.274 47.647 124.242
-17.561 45.368 125.712
-16.174 46.268 125.376
-23.58 51.221 120.902
-21.012 49.044 123.843
-21.492 50.342 120.693
-20.008 49.819 120.057
-18.673 49.522 118.906
-17.589 49.539 117.156
-16.902 49.434 117.25
-18.177 49.223 121.432
-17.963 48.183 123.93
-14.78 48.822 118.737
-21.348 46.186 124.289
-21.122 46.703 124.221
-22.776 50.84 121.527
-21.106 49.905 122.94
-17.779 49.414 118.169
-16.827 49.137 119.414
-18.027 48.871 122.959
-17.168 47.311 124.593
-20.863 46.147 124.274
-20.452 47.055 124.252
-19.274 47.21 124.47
-20.148 46.316 124.446
-21.746 50.349 122.19
-19.441 49.278 122.938
-20.356 49.852 121.841
-17.037 49.331 117.998
-17.846 47.305 124.583
4.326 9.625 108.536
2.038 37.465 90.414
POLYGONS 20337 81348
3 3 1 0
3 4 2 1
3 5 0 2
3 6 3 0
3 4 1 3
3 7 2 4
3 8 5 2
3 9 0 5
3 10 6 0
3 11 3 6
3 12 4 3
3 13 7 4
3 14 2 7
3 14 8 2
3 15 5 8
3 16 9 5
3 10 0 9
3 17 6 10
3 17 11 6
3 12 3 11
3 13 4 12
3 18 7 13
3 19 14 7
3 20 8 14
3 21 15 8
3 16 5 15
3 22 9 16
3 22 10 9
3 22 17 10
3 23 11 17
3 24 12 11
3 25 13 12
3 25 18 13
3 19 7 18
3 20 14 19
3 21 8 20
3 26 15 21
3 27 16 15
3 28 22 16
3 23 17 22
3 29 11 23
3 29 24 11
3 25 12 24
3 30 18 25
3 30 19 18
3 31 20 19
3 32 21 20
3 32 26 21
3 33 15 26
3 33 27 15
3 28 16 27
3 23 22 28
3 34 29 23
3 35 24 29
3 30 25 24
3 36 19 30
3 37 31 19
3 38 20 31
3 38 32 20
3 39 26 32
3 40 33 26
3 41 27 33
3 41 28 27
3 34 23 28
3 35 29 34
3 42 24 35
3 43 30 24
3 43 36 30
3 44 19 36
3 44 37 19
3 38 31 37
3 39 32 38
3 40 26 39
3 45 33 40
3 45 41 33
3 34 28 41
3 46 35 34
3 47 42 35
3 43 24 42
3 48 36 43
3 48 44 36
3 48 37 44
3 49 38 37
3 50 39 38
3 51 40 39
3 52 45 40
3 53 41 45
3 53 34 41
3 53 46 34
3 54 35 46
3 55 47 35
3 43 42 47
3 56 48 43
3 57 37 48
3 58 49 37
3 50 38 49
3 51 39 50
3 59 40 51
3 60 52 40
3 61 45 52
3 62 53 45
3 62 46 53
3 63 54 46
3 64 35 54
3 65 55 35
3 66 47 55
3 67 43 47
3 67 56 43
3 67 48 56
3 68 57 48
3 68 37 57
3 68 58 37
3 69 49 58
3 70 50 49
3 71 51 50
3 72 59 51
3 73 40 59
3 73 60 40
3 61 52 60
3 74 45 61
3 75 62 45
3 63 46 62
3 76 54 63
3 77 64 54
3 78 35 64
3 79 65 35
3 80 55 65
3 81 66 55
3 82 47 66
3 83 67 47
3 83 48 67
3 84 68 48
3 85 58 68
3 85 69 58
3 70 49 69
3 71 50 70
3 72 51 71
3 86 59 72
3 87 73 59
3 61 60 73
3 88 74 61
3 75 45 74
3 89 62 75
3 89 63 62
3 90 76 63
3 77 54 76
3 91 64 77
3 91 78 64
3 79 35 78
3 92 65 79
3 93 80 65
3 81 55 80
3 94 66 81
3 95 82 66
3 83 47 82
3 96 48 83
3 96 84 48
3 97 68 84
3 98 85 68
3 99 69 85
3 100 70 69
3 101 71 70
3 101 72 71
3 102 86 72
3 87 59 86
3 103 73 87
3 103 61 73
3 104 88 61
3 89 74 88
3 104 63 89
3 61 90 63
3 105 76 90
3 106 77 76
3 107 91 77
3 108 78 91
3 108 79 78
3 109 92 79
3 92 93 65
3 81 80 93
3 110 94 81
3 95 66 94
3 83 82 95
3 94 96 83
3 111 84 96
3 111 97 84
3 98 68 97
3 112 85 98
3 113 99 85
3 100 69 99
3 114 70 100
3 114 101 70
3 102 72 101
3 115 86 102
3 115 87 86
3 116 103 87
3 117 61 103
3 63 104 61
3 89 88 104
3 75 74 89
3 118 90 61
3 119 105 90
3 106 76 105
3 107 77 106
3 120 91 107
3 120 108 91
3 121 79 108
3 121 109 79
3 122 92 109
3 123 93 92
3 124 81 93
3 125 110 81
3 126 94 110
3 83 95 94
3 127 96 94
3 128 111 96
3 129 97 111
3 130 98 97
3 131 112 98
3 113 85 112
3 132 99 113
3 132 100 99
3 133 114 100
3 134 101 114
3 134 102 101
3 135 115 102
3 136 87 115
3 136 116 87
3 137 103 116
3 138 117 103
3 118 61 117
3 139 90 118
3 139 119 90
3 140 105 119
3 141 106 105
3 142 107 106
3 142 120 107
3 143 108 120
3 143 121 108
3 144 109 121
3 145 122 109
3 122 123 92
3 124 93 123
3 125 81 124
3 146 110 125
3 147 126 110
3 127 94 126
3 148 96 127
3 148 128 96
3 149 111 128
3 150 129 111
3 130 97 129
3 131 98 130
3 151 112 131
3 151 113 112
3 151 132 113
3 152 100 132
3 153 133 100
3 134 114 133
3 135 102 134
3 154 115 135
3 155 136 115
3 156 116 136
3 156 137 116
3 138 103 137
3 157 117 138
3 158 118 117
3 158 139 118
3 159 119 139
3 159 140 119
3 141 105 140
3 142 106 141
3 160 120 142
3 160 143 120
3 161 121 143
3 161 144 121
3 162 109 144
3 163 122 145
3 164 123 122
3 164 124 123
3 165 125 124
3 166 146 125
3 147 110 146
3 167 126 147
3 167 127 126
3 167 148 127
3 168 128 148
3 169 149 128
3 170 111 149
3 170 150 111
3 130 129 150
3 171 131 130
3 172 151 131
3 172 132 151
3 172 152 132
3 173 100 152
3 173 153 100
3 174 133 153
3 175 134 133
3 154 135 134
3 155 115 154
3 176 136 155
3 177 156 136
3 178 137 156
3 179 138 137
3 180 157 138
3 181 117 157
3 181 158 117
3 182 139 158
3 183 159 139
3 184 140 159
3 184 141 140
3 185 142 141
3 186 160 142
3 187 143 160
3 187 161 143
3 188 144 161
3 188 162 144
3 145 109 162
3 189 163 145
3 164 122 163
3 190 124 164
3 190 165 124
3 166 125 165
3 191 146 166
3 192 147 146
3 193 167 147
3 168 148 167
3 169 128 168
3 194 149 169
3 195 170 149
3 195 150 170
3 195 130 150
3 196 171 130
3 197 131 171
3 198 172 131
3 199 152 172
3 199 173 152
3 200 153 173
3 200 174 153
3 201 133 174
3 201 175 133
3 154 134 175
3 202 155 154
3 203 176 155
3 204 136 176
3 204 177 136
3 178 156 177
3 179 137 178
3 180 138 179
3 205 157 180
3 206 181 157
3 207 158 181
3 207 182 158
3 207 139 182
3 207 183 139
3 208 159 183
3 208 184 159
3 209 141 184
3 209 185 141
3 210 142 185
3 210 186 142
3 211 160 186
3 212 161 187
3 213 188 161
3 214 162 188
3 215 145 162
3 216 163 189
3 217 164 163
3 217 190 164
3 166 165 190
3 218 191 166
3 219 146 191
3 220 192 146
3 221 147 192
3 221 193 147
3 168 167 193
3 193 169 168
3 222 194 169
3 195 149 194
3 194 130 195
3 194 196 130
3 223 171 196
3 224 197 171
3 198 131 197
3 225 172 198
3 226 199 172
3 200 173 199
3 227 174 200
3 228 201 174
3 154 175 201
3 228 202 154
3 203 155 202
3 229 204 176
3 230 177 204
3 179 178 177
3 231 180 179
3 232 205 180
3 206 157 205
3 207 181 206
3 233 183 207
3 234 208 183
3 235 184 208
3 236 209 184
3 236 185 209
3 237 210 185
3 238 186 210
3 187 160 211
3 211 212 187
3 213 161 212
3 214 188 213
3 239 162 214
3 189 145 215
3 215 216 189
3 240 163 216
3 241 217 163
3 242 190 217
3 243 166 190
3 244 218 166
3 245 191 218
3 246 219 191
3 220 146 219
3 247 192 220
3 247 221 192
3 169 193 221
3 221 222 169
3 248 194 222
3 248 196 194
3 249 223 196
3 250 171 223
3 251 224 171
3 252 197 224
3 225 198 197
3 253 172 225
3 254 226 172
3 255 199 226
3 256 200 199
3 256 227 200
3 257 174 227
3 258 228 174
3 228 154 201
3 259 202 228
3 259 203 202
3 260 204 229
3 260 230 204
3 261 177 230
3 231 179 177
3 262 180 231
3 262 232 180
3 263 205 232
3 264 206 205
3 265 207 206
3 234 233 207
3 234 183 233
3 266 208 234
3 267 235 208
3 268 184 235
3 268 236 184
3 269 185 236
3 269 237 185
3 270 210 237
3 271 238 210
3 211 186 238
3 272 212 211
3 272 213 212
3 273 214 213
3 215 162 239
3 274 216 215
3 275 240 216
3 241 163 240
3 276 217 241
3 277 242 217
3 278 190 242
3 279 243 190
3 244 166 243
3 245 218 244
3 280 191 245
3 280 246 191
3 281 219 246
3 247 220 219
3 282 221 247
3 282 222 221
3 283 248 222
3 249 196 248
3 284 223 249
3 284 250 223
3 285 171 250
3 285 251 171
3 286 224 251
3 286 252 224
3 287 197 252
3 287 225 197
3 288 253 225
3 254 172 253
3 255 226 254
3 289 199 255
3 289 256 199
3 290 227 256
3 290 257 227
3 259 228 258
3 291 260 229
3 292 230 260
3 262 261 230
3 231 177 261
3 261 262 231
3 293 232 262
3 294 263 232
3 264 205 263
3 295 206 264
3 295 265 206
3 296 207 265
3 296 234 207
3 297 266 234
3 267 208 266
3 298 235 267
3 299 268 235
3 299 236 268
3 300 269 236
3 301 237 269
3 246 270 237
3 271 210 270
3 302 238 271
3 302 211 238
3 302 272 211
3 302 213 272
3 303 273 213
3 239 214 273
3 304 215 239
3 305 216 274
3 306 275 216
3 276 240 275
3 276 241 240
3 277 217 276
3 278 242 277
3 279 190 278
3 278 243 279
3 307 244 243
3 307 245 244
3 270 280 245
3 301 281 246
3 247 219 281
3 308 282 247
3 283 222 282
3 309 248 283
3 309 249 248
3 309 284 249
3 285 250 284
3 284 251 285
3 310 286 251
3 311 252 286
3 312 287 252
3 288 225 287
3 313 253 288
3 313 254 253
3 313 255 254
3 314 289 255
3 315 256 289
3 315 290 256
3 293 260 291
3 293 292 260
3 262 230 292
3 292 293 262
3 316 232 293
3 316 294 232
3 317 263 294
3 317 264 263
3 318 295 264
3 319 265 295
3 320 296 265
3 297 234 296
3 267 266 297
3 321 298 267
3 322 235 298
3 322 299 235
3 300 236 299
3 301 269 300
3 246 237 301
3 280 270 246
3 323 271 270
3 324 302 271
3 325 213 302
3 325 303 213
3 326 273 303
3 327 239 273
3 274 215 304
3 304 305 274
3 306 216 305
3 276 275 306
3 328 277 276
3 329 278 277
3 330 243 278
3 331 307 243
3 332 245 307
3 323 270 245
3 300 281 301
3 333 247 281
3 334 308 247
3 283 282 308
3 335 309 283
3 335 284 309
3 310 251 284
3 336 286 310
3 336 311 286
3 312 252 311
3 288 287 312
3 337 313 288
3 338 255 313
3 338 314 255
3 315 289 314
3 339 290 315
3 340 293 291
3 341 316 293
3 341 294 316
3 342 317 294
3 318 264 317
3 319 295 318
3 320 265 319
3 343 296 320
3 344 297 296
3 345 267 297
3 346 321 267
3 347 298 321
3 347 322 298
3 348 299 322
3 281 300 299
3 332 271 323
3 332 324 271
3 325 302 324
3 324 303 325
3 349 326 303
3 350 273 326
3 304 239 327
3 351 305 304
3 352 306 305
3 328 276 306
3 353 277 328
3 354 329 277
3 330 278 329
3 355 243 330
3 356 331 243
3 324 307 331
3 324 332 307
3 323 245 332
3 299 333 281
3 334 247 333
3 357 308 334
3 335 283 308
3 358 284 335
3 359 310 284
3 360 336 310
3 361 311 336
3 362 312 311
3 363 288 312
3 364 337 288
3 365 313 337
3 365 338 313
3 366 314 338
3 339 315 314
3 367 340 291
3 368 293 340
3 369 341 293
3 342 294 341
3 341 317 342
3 370 318 317
3 371 319 318
3 371 320 319
3 371 343 320
3 344 296 343
3 372 297 344
3 373 345 297
3 346 267 345
3 374 321 346
3 374 347 321
3 348 322 347
3 375 299 348
3 349 303 324
3 376 326 349
3 376 350 326
3 327 273 350
3 351 304 327
3 377 305 351
3 377 352 305
3 378 306 352
3 378 328 306
3 379 353 328
3 353 354 277
3 380 329 354
3 381 330 329
3 382 355 330
3 356 243 355
3 349 331 356
3 349 324 331
3 383 333 299
3 375 334 333
3 375 357 334
3 335 308 357
3 384 358 335
3 385 284 358
3 386 359 284
3 387 310 359
3 387 360 310
3 388 336 360
3 389 361 336
3 362 311 361
3 390 312 362
3 390 363 312
3 364 288 363
3 363 337 364
3 391 365 337
3 366 338 365
3 392 314 366
3 393 340 367
3 369 293 368
3 368 341 369
3 394 317 341
3 395 370 317
3 396 318 370
3 396 371 318
3 397 343 371
3 398 344 343
3 398 372 344
3 399 297 372
3 399 373 297
3 346 345 373
3 400 374 346
3 401 347 374
3 402 348 347
3 402 375 348
3 383 299 375
3 356 376 349
3 403 350 376
3 404 327 350
3 404 351 327
3 405 377 351
3 406 352 377
3 407 378 352
3 408 328 378
3 408 379 328
3 354 353 379
3 409 380 354
3 410 329 380
3 411 381 329
3 381 382 330
3 403 355 382
3 376 356 355
3 375 333 383
3 412 357 375
3 384 335 357
3 385 358 384
3 386 284 385
3 413 359 386
3 413 387 359
3 413 360 387
3 414 388 360
3 389 336 388
3 415 361 389
3 416 362 361
3 417 390 362
3 418 363 390
3 419 337 363
3 420 391 337
3 421 365 391
3 422 366 365
3 422 392 366
3 423 393 367
3 368 340 393
3 393 341 368
3 424 394 341
3 425 317 394
3 425 395 317
3 426 370 395
3 427 396 370
3 397 371 396
3 428 343 397
3 428 398 343
3 429 372 398
3 429 399 372
3 430 373 399
3 431 346 373
3 432 400 346
3 433 374 400
3 434 401 374
3 435 347 401
3 435 402 347
3 436 375 402
3 355 403 376
3 404 350 403
3 405 351 404
3 406 377 405
3 437 352 406
3 438 378 407
3 439 408 378
3 440 379 408
3 440 354 379
3 440 409 354
3 410 380 409
3 411 329 410
3 382 381 411
3 441 403 382
3 436 412 375
3 384 357 412
3 386 385 384
3 442 413 386
3 443 360 413
3 443 414 360
3 444 388 414
3 445 389 388
3 446 415 389
3 416 361 415
3 417 362 416
3 447 390 417
3 448 418 390
3 448 363 418
3 449 419 363
3 420 337 419
3 450 391 420
3 451 421 391
3 422 365 421
3 452 393 423
3 453 341 393
3 454 424 341
3 455 394 424
3 455 425 394
3 456 395 425
3 457 426 395
3 427 370 426
3 426 396 427
3 458 397 396
3 459 428 397
3 460 398 428
3 460 429 398
3 430 399 429
3 431 373 430
3 430 346 431
3 430 432 346
3 461 400 432
3 461 433 400
3 434 374 433
3 462 401 434
3 462 435 401
3 436 402 435
3 441 404 403
3 463 405 404
3 464 406 405
3 407 352 437
3 465 438 407
3 466 378 438
3 466 439 378
3 467 408 439
3 468 440 408
3 469 409 440
3 470 410 409
3 471 411 410
3 471 382 411
3 471 441 382
3 472 412 436
3 473 384 412
3 474 386 384
3 474 442 386
3 443 413 442
3 475 414 443
3 445 444 414
3 445 388 444
3 446 389 445
3 476 415 446
3 477 416 415
3 478 417 416
3 479 447 417
3 448 390 447
3 480 363 448
3 480 449 363
3 450 419 449
3 450 420 419
3 451 391 450
3 481 393 452
3 482 453 393
3 454 341 453
3 483 424 454
3 484 455 424
3 456 425 455
3 485 395 456
3 486 457 395
3 487 426 457
3 458 396 426
3 488 397 458
3 488 459 397
3 489 428 459
3 490 460 428
3 490 429 460
3 490 430 429
3 461 432 430
3 491 433 461
3 491 434 433
3 492 462 434
3 493 435 462
3 493 436 435
3 494 404 441
3 494 463 404
3 464 405 463
3 437 406 464
3 465 407 437
3 495 438 465
3 496 466 438
3 467 439 466
3 497 408 467
3 497 468 408
3 468 469 440
3 470 409 469
3 471 410 470
3 494 441 471
3 493 472 436
3 473 412 472
3 474 384 473
3 498 442 474
3 498 443 442
3 499 475 443
3 500 414 475
3 501 445 414
3 502 446 445
3 503 476 446
3 477 415 476
3 504 416 477
3 505 478 416
3 506 417 478
3 506 479 417
3 448 447 479
3 479 480 448
3 507 449 480
3 508 450 449
3 509 451 450
3 482 393 481
3 481 453 482
3 481 454 453
3 510 483 454
3 511 424 483
3 512 455 484
3 513 456 455
3 514 485 456
3 486 395 485
3 487 457 486
3 515 426 487
3 515 458 426
3 516 488 458
3 516 459 488
3 517 489 459
3 490 428 489
3 518 430 490
3 519 461 430
3 520 491 461
3 521 434 491
3 521 492 434
3 493 462 492
3 522 463 494
3 522 464 463
3 465 437 464
3 523 495 465
3 495 496 438
3 467 466 496
3 524 497 467
3 469 468 497
3 525 470 469
3 494 471 470
3 492 472 493
3 492 473 472
3 498 474 473
3 526 443 498
3 526 499 443
3 500 475 499
3 527 414 500
3 527 501 414
3 528 445 501
3 528 502 445
3 503 446 502
3 529 476 503
3 530 477 476
3 530 504 477
3 505 416 504
3 531 478 505
3 531 506 478
3 532 479 506
3 533 480 479
3 534 507 480
3 508 449 507
3 535 450 508
3 536 509 450
3 510 454 481
3 538 483 510
3 538 511 483
3 484 424 511
3 511 512 484
3 539 455 512
3 514 513 455
3 514 456 513
3 540 485 514
3 540 486 485
3 541 487 486
3 542 515 487
3 516 458 515
3 517 459 516
3 518 489 517
3 518 490 489
3 519 430 518
3 543 461 519
3 544 520 461
3 545 491 520
3 546 521 491
3 547 492 521
3 470 522 494
3 548 464 522
3 548 465 464
3 549 523 465
3 550 495 523
3 551 496 495
3 524 467 496
3 552 497 524
3 553 469 497
3 553 525 469
3 554 470 525
3 555 473 492
3 526 498 473
3 556 499 526
3 556 500 499
3 557 527 500
3 528 501 527
3 558 502 528
3 558 503 502
3 558 529 503
3 530 476 529
3 559 504 530
3 559 505 504
3 560 531 505
3 561 506 531
3 562 532 506
3 533 479 532
3 534 480 533
3 563 507 534
3 535 508 507
3 564 450 535
3 565 536 450
3 566 509 536
3 510 481 537
3 567 538 510
3 568 511 538
3 569 512 511
3 570 539 512
3 514 455 539
3 571 540 514
3 572 486 540
3 573 541 486
3 516 515 542
3 574 517 516
3 575 518 517
3 543 519 518
3 576 461 543
3 576 544 461
3 577 520 544
3 577 545 520
3 546 491 545
3 578 521 546
3 578 547 521
3 579 492 547
3 554 522 470
3 554 548 522
3 580 465 548
3 580 549 465
3 581 523 549
3 581 550 523
3 550 551 495
3 524 496 551
3 582 552 524
3 583 497 552
3 583 553 497
3 554 525 553
3 579 555 492
3 584 473 555
3 584 526 473
3 585 556 526
3 586 500 556
3 586 557 500
3 528 527 557
3 586 558 528
3 587 529 558
3 559 530 529
3 560 505 559
3 588 531 560
3 588 561 531
3 589 506 561
3 590 562 506
3 533 532 562
3 591 534 533
3 591 563 534
3 535 507 563
3 592 564 535
3 593 450 564
3 593 565 450
3 594 536 565
3 595 566 536
3 597 510 537
3 597 567 510
3 598 538 567
3 598 568 538
3 569 511 568
3 570 512 569
3 599 539 570
3 600 514 539
3 601 571 514
3 572 540 571
3 602 486 572
3 602 573 486
3 604 516 542
3 605 574 516
3 575 517 574
3 574 518 575
3 574 543 518
3 606 576 543
3 607 544 576
3 607 577 544
3 608 545 577
3 608 546 545
3 609 547 578
3 610 579 547
3 580 548 554
3 554 549 580
3 611 581 549
3 612 550 581
3 613 551 550
3 613 524 551
3 614 582 524
3 583 552 582
3 554 553 583
3 526 555 579
3 615 585 526
3 616 556 585
3 616 586 556
3 528 557 586
3 617 558 586
3 617 587 558
3 618 529 587
3 619 559 529
3 619 560 559
3 620 588 560
3 621 561 588
3 622 589 561
3 590 506 589
3 623 562 590
3 591 533 562
3 624 563 591
3 625 535 563
3 625 592 535
3 593 564 592
3 626 565 593
3 626 594 565
3 595 536 594
3 596 566 595
3 627 568 598
3 570 569 568
3 628 599 570
3 629 539 599
3 630 600 539
3 601 514 600
3 631 571 601
3 631 572 571
3 632 602 572
3 633 573 602
3 635 542 603
3 635 604 542
3 604 605 516
3 635 574 605
3 636 543 574
3 636 606 543
3 607 576 606
3 637 577 607
3 637 608 577
3 638 546 608
3 639 609 578
3 640 547 609
3 641 610 547
3 615 579 610
3 642 549 554
3 643 611 549
3 644 581 611
3 644 612 581
3 613 550 612
3 645 524 613
3 645 614 524
3 646 582 614
3 646 583 582
3 646 554 583
3 647 526 579
3 584 555 526
3 647 615 526
3 648 585 615
3 649 616 585
3 650 586 616
3 650 617 586
3 651 587 617
3 652 618 587
3 653 529 618
3 654 619 529
3 620 560 619
3 655 588 620
3 656 621 588
3 622 561 621
3 623 589 622
3 623 590 589
3 657 562 623
3 657 591 562
3 658 624 591
3 659 563 624
3 660 625 563
3 661 592 625
3 626 593 592
3 662 594 626
3 663 595 594
3 665 568 627
3 628 570 568
3 629 599 628
3 629 630 539
3 601 600 630
3 666 631 601
3 631 632 572
3 633 602 632
3 667 573 633
3 667 634 573
3 668 635 603
3 605 604 635
3 669 574 635
3 670 636 574
3 670 606 636
3 671 607 606
3 672 609 639
3 672 640 609
3 641 547 640
3 615 610 641
3 647 579 615
3 643 642 554
3 643 549 642
3 673 611 643
3 673 644 611
3 613 612 644
3 644 645 613
3 673 614 645
3 643 646 614
3 643 554 646
3 674 648 615
3 675 585 648
3 675 649 585
3 650 616 649
3 651 617 650
3 652 587 651
3 651 618 652
3 676 653 618
3 676 529 653
3 677 654 529
3 620 619 654
3 678 588 655
3 678 656 588
3 679 621 656
3 680 622 621
3 681 623 622
3 658 657 623
3 658 591 657
3 682 624 658
3 683 659 624
3 683 563 659
3 683 660 563
3 661 625 660
3 626 592 661
3 684 662 626
3 663 594 662
3 664 595 663
3 686 665 627
3 686 568 665
3 686 628 568
3 687 629 628
3 687 630 629
3 688 601 630
3 688 666 601
3 632 631 666
3 689 633 632
3 685 667 633
3 690 635 668
3 690 669 635
3 670 574 669
3 691 606 670
3 692 671 606
3 641 640 672
3 674 615 641
3 614 673 643
3 645 644 673
3 693 648 674
3 694 675 648
3 695 649 675
3 696 650 649
3 697 651 650
3 698 618 651
3 699 676 618
3 700 678 655
3 701 656 678
3 701 679 656
3 680 621 679
3 702 622 680
3 682 623 681
3 703 624 682
3 703 683 624
3 704 660 683
3 705 661 660
3 706 626 661
3 707 684 626
3 708 662 684
3 708 663 662
3 709 664 663
3 689 627 685
3 687 628 686
3 688 630 687
3 710 666 688
3 710 632 666
3 710 689 632
3 685 633 689
3 712 690 668
3 713 669 690
3 714 670 669
3 714 691 670
3 692 606 691
3 716 641 672
3 693 674 641
3 694 648 693
3 695 675 694
3 717 649 695
3 717 696 649
3 697 650 696
3 698 651 697
3 718 618 698
3 719 699 618
3 720 676 699
3 721 700 655
3 722 678 700
3 723 679 701
3 724 680 679
3 681 622 702
3 702 682 681
3 658 623 682
3 725 703 682
3 725 683 703
3 726 704 683
3 727 660 704
3 727 705 660
3 728 661 705
3 728 706 661
3 707 626 706
3 729 684 707
3 730 708 684
3 709 663 708
3 686 627 689
3 689 687 686
3 710 688 687
3 687 689 710
3 712 668 711
3 713 690 712
3 714 669 713
3 731 691 714
3 716 672 715
3 693 641 716
3 732 694 693
3 732 695 694
3 733 717 695
3 734 696 717
3 734 697 696
3 718 698 697
3 735 618 718
3 735 719 618
3 720 699 719
3 737 700 721
3 737 722 700
3 701 678 722
3 722 723 701
3 724 679 723
3 702 680 724
3 725 682 702
3 724 683 725
3 724 726 683
3 738 704 726
3 739 727 704
3 740 705 727
3 741 728 705
3 707 706 728
3 728 729 707
3 730 684 729
3 742 708 730
3 743 709 708
3 731 713 712
3 713 731 714
3 693 716 715
3 745 732 693
3 733 695 732
3 746 717 733
3 747 734 717
3 718 697 734
3 748 735 718
3 749 719 735
3 749 720 719
3 751 721 736
3 751 722 737
3 752 723 722
3 753 724 723
3 725 702 724
3 753 726 724
3 753 738 726
3 739 704 738
3 754 727 739
3 754 740 727
3 755 705 740
3 755 741 705
3 756 728 741
3 756 729 728
3 757 730 729
3 757 742 730
3 758 708 742
3 759 743 708
3 760 731 712
3 761 715 744
3 745 693 715
3 761 732 745
3 762 733 732
3 763 746 733
3 747 717 746
3 764 734 747
3 764 718 734
3 765 748 718
3 749 735 748
3 750 720 749
3 737 721 751
3 766 722 751
3 766 752 722
3 753 723 752
3 767 738 753
3 767 739 738
3 768 754 739
3 769 740 754
3 770 755 740
3 756 741 755
3 757 729 756
3 770 742 757
3 769 758 742
3 759 708 758
3 771 743 759
3 774 761 744
3 745 715 761
3 775 732 761
3 775 762 732
3 763 733 762
3 776 746 763
3 777 747 746
3 778 764 747
3 765 718 764
3 779 748 765
3 780 749 748
3 781 750 749
3 782 766 751
3 783 752 766
3 784 753 752
3 785 767 753
3 768 739 767
3 769 754 768
3 770 740 769
3 757 755 770
3 757 756 755
3 769 742 770
3 786 758 769
3 786 759 758
3 786 771 759
3 772 743 771
3 775 761 774
3 787 762 775
3 788 763 762
3 788 776 763
3 777 746 776
3 778 747 777
3 789 764 778
3 790 765 764
3 791 779 765
3 780 748 779
3 792 749 780
3 792 781 749
3 783 766 782
3 784 752 783
3 785 753 784
3 793 767 785
3 793 768 767
3 786 769 768
3 793 771 786
3 773 772 771
3 795 775 774
3 795 787 775
3 788 762 787
3 796 776 788
3 796 777 776
3 789 778 777
3 790 764 789
3 791 765 790
3 780 779 791
3 797 792 780
3 798 781 792
3 799 783 782
3 799 784 783
3 799 785 784
3 799 793 785
3 786 768 793
3 773 771 793
3 799 782 773
3 800 774 794
3 800 795 774
3 801 787 795
3 801 788 787
3 802 796 788
3 803 777 796
3 790 789 777
3 804 791 790
3 805 780 791
3 805 797 780
3 806 792 797
3 807 798 792
3 773 793 799
3 808 800 794
3 809 795 800
3 810 801 795
3 802 788 801
3 811 796 802
3 811 803 796
3 812 777 803
3 812 790 777
3 813 804 790
3 813 791 804
3 813 805 791
3 813 797 805
3 814 806 797
3 815 792 806
3 815 807 792
3 809 800 808
3 816 795 809
3 817 810 795
3 802 801 810
3 818 811 802
3 819 803 811
3 820 812 803
3 813 790 812
3 821 797 813
3 822 814 797
3 823 806 814
3 823 815 806
3 823 807 815
3 824 809 808
3 825 816 809
3 817 795 816
3 818 810 817
3 818 802 810
3 826 811 818
3 826 819 811
3 827 803 819
3 828 820 803
3 813 812 820
3 829 821 813
3 822 797 821
3 830 814 822
3 830 823 814
3 825 809 824
3 831 816 825
3 832 817 816
3 826 818 817
3 833 819 826
3 833 827 819
3 828 803 827
3 834 820 828
3 829 813 820
3 835 821 829
3 836 822 821
3 836 830 822
3 837 823 830
3 839 825 824
3 840 831 825
3 841 816 831
3 842 832 816
3 843 817 832
3 844 826 817
3 845 833 826
3 828 827 833
3 846 834 828
3 829 820 834
3 834 835 829
3 847 821 835
3 848 836 821
3 848 830 836
3 849 837 830
3 838 823 837
3 840 825 839
3 841 831 840
3 842 816 841
3 851 832 842
3 844 817 843
3 845 826 844
3 852 833 845
3 846 828 833
3 853 834 846
3 847 835 834
3 854 821 847
3 855 848 821
3 849 830 848
3 850 837 849
3 850 838 837
3 857 840 839
3 858 841 840
3 851 842 841
3 843 832 851
3 859 844 843
3 860 845 844
3 861 852 845
3 862 833 852
3 863 846 833
3 864 853 846
3 847 834 853
3 865 854 847
3 855 821 854
3 866 848 855
3 866 849 848
3 867 850 849
3 867 856 850
3 858 840 857
3 869 841 858
3 870 851 841
3 871 843 851
3 871 859 843
3 860 844 859
3 861 845 860
3 872 852 861
3 873 862 852
3 863 833 862
3 864 846 863
3 874 853 864
3 874 847 853
3 874 865 847
3 855 854 865
3 875 866 855
3 876 849 866
3 876 867 849
3 876 856 867
3 877 868 856
3 879 858 857
3 880 869 858
3 870 841 869
3 881 851 870
3 882 859 871
3 882 860 859
3 883 861 860
3 883 872 861
3 873 852 872
3 884 862 873
3 885 863 862
3 886 864 863
3 886 874 864
3 887 865 874
3 887 855 865
3 887 875 855
3 876 866 875
3 888 856 876
3 889 877 856
3 879 857 878
3 891 858 879
3 891 880 858
3 892 869 880
3 881 870 869
3 871 851 881
3 893 882 871
3 894 860 882
3 894 883 860
3 895 872 883
3 884 873 872
3 896 862 884
3 897 885 862
3 898 863 885
3 898 886 863
3 887 874 886
3 886 875 887
3 899 876 875
3 900 888 876
3 889 856 888
3 901 877 889
3 879 878 890
3 903 891 879
3 904 880 891
3 905 892 880
3 906 869 892
3 906 881 869
3 893 871 881
3 907 882 893
3 907 894 882
3 895 883 894
3 884 872 895
3 908 896 884
3 897 862 896
3 909 885 897
3 909 898 885
3 910 886 898
3 911 875 886
3 911 899 875
3 900 876 899
3 912 888 900
3 913 889 888
3 913 901 889
3 914 877 901
3 914 902 877
3 903 879 890
3 904 891 903
3 917 880 904
3 917 905 880
3 906 892 905
3 905 881 906
3 905 893 881
3 918 907 893
3 919 894 907
3 920 895 894
3 921 884 895
3 921 908 884
3 897 896 908
3 922 909 897
3 910 898 909
3 923 886 910
3 923 911 886
3 924 899 911
3 924 900 899
3 924 912 900
3 913 888 912
3 925 901 913
3 926 914 901
3 915 902 914
3 928 890 916
3 929 903 890
3 930 904 903
3 931 917 904
3 893 905 917
3 917 918 893
3 919 907 918
3 920 894 919
3 932 895 920
3 932 921 895
3 933 908 921
3 934 897 908
3 935 922 897
3 910 909 922
3 922 923 910
3 924 911 923
3 936 912 924
3 936 913 912
3 937 925 913
3 938 901 925
3 939 926 901
3 940 914 926
3 927 915 914
3 942 890 928
3 942 929 890
3 943 903 929
3 944 930 903
3 945 904 930
3 945 931 904
3 946 917 931
3 947 918 917
3 948 919 918
3 948 920 919
3 949 932 920
3 949 921 932
3 950 933 921
3 951 908 933
3 952 934 908
3 935 897 934
3 953 922 935
3 954 923 922
3 954 924 923
3 955 936 924
3 937 913 936
3 938 925 937
3 939 901 938
3 938 926 939
3 956 940 926
3 957 914 940
3 957 927 914
3 957 941 927
3 943 942 928
3 943 929 942
3 960 903 943
3 961 944 903
3 945 930 944
3 962 931 945
3 947 917 946
3 948 918 947
3 963 920 948
3 963 949 920
3 950 921 949
3 964 933 950
3 964 951 933
3 952 908 951
3 965 934 952
3 966 935 934
3 967 953 935
3 968 922 953
3 969 954 922
3 970 924 954
3 970 955 924
3 971 936 955
3 972 937 936
3 972 938 937
3 956 926 938
3 973 940 956
3 974 957 940
3 975 941 957
3 975 958 941
3 978 943 928
3 979 960 943
3 961 903 960
3 962 944 961
3 962 945 944
3 946 931 962
3 980 947 946
3 980 948 947
3 980 963 948
3 981 949 963
3 981 950 949
3 981 964 950
3 952 951 964
3 982 965 952
3 966 934 965
3 983 935 966
3 984 967 935
3 968 953 967
3 985 922 968
3 985 969 922
3 986 954 969
3 986 970 954
3 971 955 970
3 987 936 971
3 988 972 936
3 989 938 972
3 989 956 938
3 990 973 956
3 991 940 973
3 991 974 940
3 992 957 974
3 992 975 957
3 993 958 975
3 993 976 958
3 977 959 976
3 995 943 978
3 995 979 943
3 961 960 979
3 996 962 961
3 996 946 962
3 996 980 946
3 996 963 980
3 996 981 963
3 979 964 981
3 997 952 964
3 997 982 952
3 998 965 982
3 983 966 965
3 984 935 983
3 968 967 984
3 999 985 968
3 1000 969 985
3 1001 986 969
3 971 970 986
3 1002 987 971
3 988 936 987
3 1003 972 988
3 1003 989 972
3 1004 956 989
3 1004 990 956
3 1005 973 990
3 1005 991 973
3 1006 974 991
3 1007 992 974
3 993 975 992
3 1008 976 993
3 1009 977 976
3 1010 978 994
3 998 995 978
3 964 979 995
3 1011 961 979
3 1012 996 961
3 1012 981 996
3 1011 979 981
3 995 997 964
3 995 982 997
3 995 998 982
3 1013 965 998
3 1014 983 965
3 1015 984 983
3 1015 968 984
3 1016 999 968
3 1000 985 999
3 1017 969 1000
3 1017 1001 969
3 1018 986 1001
3 1019 971 986
3 1019 1002 971
3 1020 987 1002
3 1003 988 987
3 1021 989 1003
3 1021 1004 989
3 1022 990 1004
3 1022 1005 990
3 1006 991 1005
3 1023 974 1006
3 1023 1007 974
3 1008 992 1007
3 1024 976 1008
3 1024 1009 976
3 998 978 1010
3 1012 961 1011
3 1011 981 1012
3 1014 1013 998
3 1014 965 1013
3 1015 983 1014
3 1025 968 1015
3 1026 1016 968
3 1027 999 1016
3 1017 1000 999
3 1028 1001 1017
3 1029 1018 1001
3 1019 986 1018
3 1030 1002 1019
3 1031 1020 1002
3 1032 987 1020
3 1032 1003 987
3 1032 1021 1003
3 1033 1004 1021
3 1033 1022 1004
3 1034 1005 1022
3 1034 1006 1005
3 1034 1023 1006
3 1035 1007 1023
3 1035 1008 1007
3 993 992 1008
3 1036 1024 1008
3 1037 1009 1024
3 1010 994 998
3 1038 1014 998
3 1025 1015 1014
3 1026 968 1025
3 1040 1016 1026
3 1040 1027 1016
3 1041 999 1027
3 1041 1017 999
3 1041 1028 1017
3 1029 1001 1028
3 1042 1018 1029
3 1030 1019 1018
3 1043 1002 1030
3 1043 1031 1002
3 1021 1020 1031
3 1044 1033 1021
3 1045 1022 1033
3 1046 1034 1022
3 1047 1023 1034
3 1048 1035 1023
3 1049 1008 1035
3 1050 1036 1008
3 1037 1024 1036
3 1038 998 1039
3 1051 1014 1038
3 1052 1025 1014
3 1052 1026 1025
3 1053 1040 1026
3 1053 1027 1040
3 1028 1041 1027
3 1054 1029 1028
3 1055 1042 1029
3 1056 1018 1042
3 1057 1030 1018
3 1058 1043 1030
3 1058 1031 1043
3 1059 1021 1031
3 1032 1020 1021
3 1060 1044 1021
3 1045 1033 1044
3 1046 1022 1045
3 1061 1034 1046
3 1062 1047 1034
3 1048 1023 1047
3 1063 1035 1048
3 1063 1049 1035
3 1050 1008 1049
3 1064 1036 1050
3 1064 1037 1036
3 1065 1014 1051
3 1065 1052 1014
3 1066 1026 1052
3 1066 1053 1026
3 1067 1027 1053
3 1054 1028 1027
3 1055 1029 1054
3 1068 1042 1055
3 1069 1056 1042
3 1057 1018 1056
3 1058 1030 1057
3 1070 1031 1058
3 1070 1059 1031
3 1060 1021 1059
3 1071 1044 1060
3 1071 1045 1044
3 1072 1046 1045
3 1073 1061 1046
3 1062 1034 1061
3 1074 1047 1062
3 1074 1048 1047
3 1075 1063 1048
3 1076 1049 1063
3 1075 1050 1049
3 1077 1064 1050
3 1078 1065 1051
3 1079 1052 1065
3 1080 1066 1052
3 1081 1053 1066
3 1082 1067 1053
3 1083 1027 1067
3 1084 1054 1027
3 1085 1055 1054
3 1085 1068 1055
3 1086 1042 1068
3 1086 1069 1042
3 1057 1056 1069
3 1087 1058 1057
3 1087 1070 1058
3 1088 1059 1070
3 1089 1060 1059
3 1089 1071 1060
3 1072 1045 1071
3 1073 1046 1072
3 1090 1061 1073
3 1074 1062 1061
3 1091 1048 1074
3 1092 1075 1048
3 1076 1063 1075
3 1075 1049 1076
3 1093 1050 1075
3 1093 1077 1050
3 1096 1052 1079
3 1096 1080 1052
3 1097 1066 1080
3 1097 1081 1066
3 1098 1053 1081
3 1098 1082 1053
3 1099 1067 1082
3 1100 1083 1067
3 1084 1027 1083
3 1101 1054 1084
3 1101 1085 1054
3 1101 1068 1085
3 1102 1086 1068
3 1103 1069 1086
3 1104 1057 1069
3 1104 1087 1057
3 1105 1070 1087
3 1105 1088 1070
3 1106 1059 1088
3 1106 1089 1059
3 1106 1071 1089
3 1107 1072 1071
3 1090 1073 1072
3 1108 1061 1090
3 1109 1074 1061
3 1110 1091 1074
3 1111 1048 1091
3 1111 1092 1048
3 1112 1075 1092
3 1112 1093 1075
3 1112 1077 1093
3 1080 1096 1079
3 1114 1097 1080
3 1114 1081 1097
3 1115 1098 1081
3 1116 1082 1098
3 1117 1099 1082
3 1100 1067 1099
3 1101 1083 1100
3 1101 1084 1083
3 1118 1068 1101
3 1119 1102 1068
3 1103 1086 1102
3 1120 1069 1103
3 1120 1104 1069
3 1121 1087 1104
3 1121 1105 1087
3 1121 1088 1105
3 1122 1106 1088
3 1123 1071 1106
3 1124 1107 1071
3 1125 1072 1107
3 1125 1090 1072
3 1126 1108 1090
3 1109 1061 1108
3 1127 1074 1109
3 1128 1110 1074
3 1129 1091 1110
3 1092 1111 1091
3 1130 1112 1092
3 1131 1077 1112
3 1133 1095 1094
3 1133 1079 1095
3 1133 1080 1079
3 1133 1114 1080
3 1115 1081 1114
3 1116 1098 1115
3 1134 1082 1116
3 1134 1117 1082
3 1135 1099 1117
3 1136 1100 1099
3 1136 1101 1100
3 1137 1118 1101
3 1119 1068 1118
3 1118 1102 1119
3 1138 1103 1102
3 1138 1120 1103
3 1121 1104 1120
3 1122 1088 1121
3 1139 1106 1122
3 1139 1123 1106
3 1124 1071 1123
3 1123 1107 1124
3 1140 1125 1107
3 1126 1090 1125
3 1141 1108 1126
3 1141 1109 1108
3 1141 1127 1109
3 1128 1074 1127
3 1142 1110 1128
3 1143 1129 1110
3 1144 1091 1129
3 1144 1092 1091
3 1144 1130 1092
3 1145 1112 1130
3 1146 1131 1112
3 1147 1132 1113
3 1148 1094 1132
3 1148 1133 1094
3 1148 1114 1133
3 1149 1115 1114
3 1150 1116 1115
3 1151 1134 1116
3 1135 1117 1134
3 1152 1099 1135
3 1153 1136 1099
3 1137 1101 1136
3 1102 1118 1137
3 1154 1138 1102
3 1155 1120 1138
3 1156 1121 1120
3 1156 1122 1121
3 1157 1139 1122
3 1158 1123 1139
3 1158 1107 1123
3 1159 1140 1107
3 1126 1125 1140
3 1160 1141 1126
3 1128 1127 1141
3 1161 1142 1128
3 1161 1110 1142
3 1161 1143 1110
3 1162 1129 1143
3 1163 1144 1129
3 1164 1130 1144
3 1164 1145 1130
3 1146 1112 1145
3 1166 1147 1113
3 1148 1132 1147
3 1147 1114 1148
3 1147 1149 1114
3 1150 1115 1149
3 1151 1116 1150
3 1135 1134 1151
3 1167 1152 1135
3 1153 1099 1152
3 1137 1136 1153
3 1154 1102 1137
3 1168 1138 1154
3 1169 1155 1138
3 1156 1120 1155
3 1157 1122 1156
3 1158 1139 1157
3 1170 1107 1158
3 1170 1159 1107
3 1160 1140 1159
3 1160 1126 1140
3 1128 1141 1160
3 1171 1161 1128
3 1162 1143 1161
3 1172 1129 1162
3 1172 1163 1129
3 1173 1144 1163
3 1173 1164 1144
3 1174 1145 1164
3 1177 1147 1166
3 1177 1149 1147
3 1178 1150 1149
3 1178 1151 1150
3 1179 1135 1151
3 1180 1167 1135
3 1181 1152 1167
3 1181 1153 1152
3 1182 1137 1153
3 1182 1154 1137
3 1183 1168 1154
3 1184 1138 1168
3 1185 1169 1138
3 1156 1155 1169
3 1185 1157 1156
3 1186 1158 1157
3 1187 1170 1158
3 1187 1159 1170
3 1188 1160 1159
3 1189 1128 1160
3 1190 1161 1171
3 1190 1162 1161
3 1191 1172 1162
3 1192 1163 1172
3 1192 1173 1163
3 1193 1164 1173
3 1177 1176 1165
3 1177 1166 1176
3 1197 1149 1177
3 1198 1178 1149
3 1199 1151 1178
3 1200 1179 1151
3 1180 1135 1179
3 1201 1167 1180
3 1201 1181 1167
3 1182 1153 1181
3 1183 1154 1182
3 1202 1168 1183
3 1202 1184 1168
3 1185 1138 1184
3 1156 1169 1185
3 1203 1157 1185
3 1204 1186 1157
3 1204 1158 1186
3 1205 1187 1158
3 1188 1159 1187
3 1189 1160 1188
3 1188 1128 1189
3 1206 1190 1171
3 1191 1162 1190
3 1207 1172 1191
3 1207 1192 1172
3 1208 1173 1192
3 1209 1193 1173
3 1174 1164 1193
3 1213 1165 1196
3 1213 1177 1165
3 1198 1197 1177
3 1198 1149 1197
3 1214 1178 1198
3 1214 1199 1178
3 1215 1151 1199
3 1215 1200 1151
3 1216 1179 1200
3 1217 1180 1179
3 1217 1201 1180
3 1218 1181 1201
3 1218 1182 1181
3 1218 1183 1182
3 1218 1202 1183
3 1203 1184 1202
3 1203 1185 1184
3 1204 1157 1203
3 1205 1158 1204
3 1219 1187 1205
3 1219 1188 1187
3 1171 1128 1188
3 1219 1206 1171
3 1220 1190 1206
3 1221 1191 1190
3 1222 1207 1191
3 1223 1192 1207
3 1224 1208 1192
3 1225 1173 1208
3 1225 1209 1173
3 1227 1195 1194
3 1228 1196 1212
3 1229 1213 1196
3 1230 1177 1213
3 1231 1198 1177
3 1232 1214 1198
3 1233 1199 1214
3 1233 1215 1199
3 1233 1200 1215
3 1234 1216 1200
3 1217 1179 1216
3 1235 1201 1217
3 1236 1218 1201
3 1236 1202 1218
3 1237 1203 1202
3 1238 1204 1203
3 1238 1205 1204
3 1239 1219 1205
3 1171 1188 1219
3 1240 1206 1219
3 1241 1220 1206
3 1221 1190 1220
3 1221 1222 1191
3 1242 1207 1222
3 1242 1223 1207
3 1224 1192 1223
3 1243 1208 1224
3 1243 1225 1208
3 1244 1209 1225
3 1245 1194 1226
3 1245 1227 1194
3 1246 1211 1210
3 1247 1212 1211
3 1247 1228 1212
3 1229 1196 1228
3 1230 1213 1229
3 1248 1177 1230
3 1249 1231 1177
3 1232 1198 1231
3 1250 1214 1232
3 1250 1233 1214
3 1250 1200 1233
3 1251 1234 1200
3 1252 1216 1234
3 1252 1217 1216
3 1253 1235 1217
3 1254 1201 1235
3 1254 1236 1201
3 1255 1202 1236
3 1255 1237 1202
3 1256 1203 1237
3 1256 1238 1203
3 1239 1205 1238
3 1256 1219 1239
3 1237 1240 1219
3 1241 1206 1240
3 1257 1220 1241
3 1222 1221 1220
3 1258 1242 1222
3 1259 1223 1242
3 1243 1224 1223
3 1244 1225 1243
3 1260 1227 1245
3 1263 1246 1210
3 1247 1211 1246
3 1264 1228 1247
3 1265 1229 1228
3 1266 1230 1229
3 1267 1248 1230
3 1249 1177 1248
3 1268 1231 1249
3 1268 1232 1231
3 1269 1250 1232
3 1251 1200 1250
3 1270 1234 1251
3 1271 1252 1234
3 1253 1217 1252
3 1257 1235 1253
3 1272 1254 1235
3 1255 1236 1254
3 1272 1237 1255
3 1219 1256 1237
3 1239 1238 1256
3 1272 1240 1237
3 1257 1241 1240
3 1258 1220 1257
3 1258 1222 1220
3 1273 1242 1258
3 1274 1259 1242
3 1275 1223 1259
3 1275 1243 1223
3 1276 1244 1243
3 1277 1260 1245
3 1263 1210 1262
3 1278 1246 1263
3 1279 1247 1246
3 1279 1264 1247
3 1265 1228 1264
3 1266 1229 1265
3 1267 1230 1266
3 1280 1248 1267
3 1280 1249 1248
3 1280 1268 1249
3 1269 1232 1268
3 1270 1250 1269
3 1270 1251 1250
3 1271 1234 1270
3 1281 1252 1271
3 1281 1253 1252
3 1258 1257 1253
3 1272 1235 1257
3 1255 1254 1272
3 1257 1240 1272
3 1281 1273 1258
3 1270 1242 1273
3 1282 1274 1242
3 1275 1259 1274
3 1276 1243 1275
3 1284 1277 1245
3 1278 1263 1262
3 1279 1246 1278
3 1278 1264 1279
3 1285 1265 1264
3 1267 1266 1265
3 1286 1280 1267
3 1287 1268 1280
3 1287 1269 1268
3 1287 1270 1269
3 1281 1271 1270
3 1258 1253 1281
3 1270 1273 1281
3 1288 1242 1270
3 1288 1282 1242
3 1289 1274 1282
3 1290 1275 1274
3 1291 1276 1275
3 1284 1245 1283
3 1293 1278 1262
3 1285 1264 1278
3 1294 1265 1285
3 1294 1267 1265
3 1295 1286 1267
3 1287 1280 1286
3 1288 1270 1287
3 1295 1282 1288
3 1295 1289 1282
3 1296 1274 1289
3 1296 1290 1274
3 1297 1275 1290
3 1298 1291 1275
3 1298 1276 1291
3 1301 1283 1292
3 1301 1284 1283
3 1299 1278 1293
3 1303 1285 1278
3 1303 1294 1285
3 1303 1267 1294
3 1289 1295 1267
3 1288 1286 1295
3 1288 1287 1286
3 1303 1296 1289
3 1303 1290 1296
3 1299 1297 1290
3 1298 1275 1297
3 1299 1276 1298
3 1301 1292 1300
3 1302 1284 1301
3 1305 1278 1299
3 1305 1303 1278
3 1289 1267 1303
3 1305 1290 1303
3 1305 1299 1290
3 1298 1297 1299
3 1301 1300 1302
3 1309 1307 1306
3 1309 1306 1308
3 1311 1307 1309
3 1312 1308 1310
3 1312 1309 1308
3 1313 1311 1309
3 1314 1307 1311
3 1317 1312 1310
3 1317 1309 1312
3 1318 1313 1309
3 1319 1311 1313
3 1320 1314 1311
3 1320 1307 1314
3 1318 1309 1317
3 1319 1313 1318
3 1320 1311 1319
3 1330 1316 1323
3 1331 1324 1316
3 1334 1318 1317
3 1335 1319 1318
3 1336 1320 1319
3 1336 1321 1325
3 1337 1326 1321
3 1338 1315 1326
3 1338 1327 1315
3 1339 1322 1328
3 1340 1329 1322
3 1343 1330 1323
3 1344 1316 1330
3 1344 1331 1316
3 1345 1324 1331
3 1346 1332 1324
3 1349 1318 1334
3 1349 1335 1318
3 1350 1319 1335
3 1337 1336 1319
3 1325 1320 1336
3 1337 1321 1336
3 1351 1326 1337
3 1352 1338 1326
3 1353 1327 1338
3 1353 1339 1327
3 1354 1322 1339
3 1342 1340 1322
3 1341 1329 1340
3 1355 1330 1343
3 1356 1344 1330
3 1345 1331 1344
3 1357 1324 1345
3 1358 1346 1324
3 1359 1332 1346
3 1359 1333 1332
3 1360 1347 1333
3 1350 1335 1349
3 1337 1319 1350
3 1350 1351 1337
3 1352 1326 1351
3 1362 1338 1352
3 1363 1353 1338
3 1354 1339 1353
3 1342 1322 1354
3 1341 1340 1342
3 1365 1355 1343
3 1366 1356 1330
3 1345 1344 1356
3 1367 1357 1345
3 1358 1324 1357
3 1368 1346 1358
3 1369 1359 1346
3 1359 1360 1333
3 1361 1347 1360
3 1370 1348 1361
3 1371 1350 1349
3 1352 1351 1350
3 1350 1362 1352
3 1363 1338 1362
3 1372 1353 1363
3 1372 1354 1353
3 1355 1342 1354
3 1365 1343 1364
3 1373 1355 1365
3 1374 1366 1330
3 1375 1356 1366
3 1367 1345 1356
3 1376 1357 1367
3 1376 1358 1357
3 1376 1368 1358
3 1369 1346 1368
3 1360 1359 1369
3 1370 1361 1360
3 1377 1348 1370
3 1379 1350 1371
3 1379 1362 1350
3 1380 1363 1362
3 1380 1372 1363
3 1355 1354 1372
3 1373 1342 1355
3 1342 1373 1365
3 1381 1366 1374
3 1381 1375 1366
3 1367 1356 1375
3 1382 1376 1367
3 1383 1368 1376
3 1384 1369 1368
3 1385 1360 1369
3 1386 1370 1360
3 1387 1377 1370
3 1388 1348 1377
3 1389 1378 1348
3 1362 1379 1371
3 1391 1380 1362
3 1355 1372 1380
3 1380 1381 1374
3 1392 1375 1381
3 1382 1367 1375
3 1393 1376 1382
3 1394 1383 1376
3 1384 1368 1383
3 1385 1369 1384
3 1385 1386 1360
3 1386 1387 1370
3 1388 1377 1387
3 1388 1389 1348
3 1390 1378 1389
3 1396 1391 1362
3 1397 1380 1391
3 1397 1381 1380
3 1398 1392 1381
3 1382 1375 1392
3 1392 1393 1382
3 1399 1376 1393
3 1399 1394 1376
3 1400 1383 1394
3 1400 1384 1383
3 1401 1385 1384
3 1402 1386 1385
3 1402 1387 1386
3 1403 1388 1387
3 1404 1389 1388
3 1405 1390 1389
3 1396 1362 1395
3 1398 1391 1396
3 1398 1397 1391
3 1398 1381 1397
3 1408 1392 1398
3 1399 1393 1392
3 1409 1394 1399
3 1410 1400 1394
3 1401 1384 1400
3 1402 1385 1401
3 1411 1387 1402
3 1411 1403 1387
3 1403 1404 1388
3 1412 1389 1404
3 1412 1405 1389
3 1406 1390 1405
3 1415 1395 1407
3 1415 1396 1395
3 1416 1398 1396
3 1417 1408 1398
3 1418 1392 1408
3 1418 1399 1392
3 1419 1409 1399
3 1420 1394 1409
3 1420 1410 1394
3 1421 1400 1410
3 1421 1401 1400
3 1421 1402 1401
3 1422 1411 1402
3 1404 1403 1411
3 1423 1412 1404
3 1406 1405 1412
3 1414 1413 1406
3 1425 1415 1407
3 1416 1396 1415
3 1426 1398 1416
3 1426 1417 1398
3 1427 1408 1417
3 1428 1418 1408
3 1419 1399 1418
3 1429 1409 1419
3 1430 1420 1409
3 1431 1410 1420
3 1431 1421 1410
3 1431 1402 1421
3 1432 1422 1402
3 1423 1411 1422
3 1423 1404 1411
3 1433 1412 1423
3 1434 1406 1412
3 1435 1414 1406
3 1425 1407 1424
3 1438 1415 1425
3 1426 1416 1415
3 1439 1417 1426
3 1440 1427 1417
3 1428 1408 1427
3 1419 1418 1428
3 1441 1429 1419
3 1430 1409 1429
3 1442 1420 1430
3 1443 1431 1420
3 1443 1402 1431
3 1444 1432 1402
3 1445 1422 1432
3 1433 1423 1422
3 1445 1412 1433
3 1446 1434 1412
3 1435 1406 1434
3 1436 1414 1435
3 1448 1438 1425
3 1426 1415 1438
3 1449 1439 1426
3 1440 1417 1439
3 1450 1427 1440
3 1450 1428 1427
3 1441 1419 1428
3 1451 1429 1441
3 1442 1430 1429
3 1443 1420 1442
3 1444 1402 1443
3 1443 1432 1444
3 1452 1445 1432
3 1433 1422 1445
3 1446 1412 1445
3 1453 1434 1446
3 1454 1435 1434
3 1455 1436 1435
3 1455 1437 1436
3 1455 1447 1437
3 1457 1448 1425
3 1449 1438 1448
3 1438 1449 1426
3 1458 1439 1449
3 1458 1440 1439
3 1458 1450 1440
3 1459 1428 1450
3 1460 1441 1428
3 1460 1451 1441
3 1461 1429 1451
3 1462 1442 1429
3 1462 1443 1442
3 1463 1432 1443
3 1464 1452 1432
3 1446 1445 1452
3 1465 1453 1446
3 1454 1434 1453
3 1466 1435 1454
3 1467 1455 1435
3 1468 1447 1455
3 1457 1425 1456
3 1472 1448 1457
3 1473 1449 1448
3 1473 1458 1449
3 1474 1459 1450
3 1460 1428 1459
3 1475 1451 1460
3 1475 1461 1451
3 1476 1429 1461
3 1476 1462 1429
3 1477 1443 1462
3 1478 1463 1443
3 1478 1432 1463
3 1478 1464 1432
3 1479 1452 1464
3 1480 1446 1452
3 1481 1465 1446
3 1482 1453 1465
3 1482 1454 1453
3 1482 1466 1454
3 1483 1435 1466
3 1483 1467 1435
3 1468 1455 1467
3 1469 1447 1468
3 1485 1457 1456
3 1486 1472 1457
3 1473 1448 1472
3 1487 1458 1473
3 1488 1474 1450
3 1489 1459 1474
3 1490 1460 1459
3 1490 1475 1460
3 1491 1461 1475
3 1492 1476 1461
3 1492 1462 1476
3 1493 1477 1462
3 1494 1443 1477
3 1495 1464 1478
3 1496 1479 1464
3 1497 1452 1479
3 1497 1480 1452
3 1480 1481 1446
3 1498 1465 1481
3 1498 1482 1465
3 1498 1466 1482
3 1467 1483 1466
3 1499 1468 1467
3 1500 1469 1468
3 1502 1470 1484
3 1485 1471 1470
3 1486 1457 1485
3 1503 1472 1486
3 1503 1473 1472
3 1503 1487 1473
3 1504 1458 1487
3 1505 1488 1450
3 1506 1474 1488
3 1507 1489 1474
3 1490 1459 1489
3 1508 1475 1490
3 1508 1491 1475
3 1509 1461 1491
3 1509 1492 1461
3 1510 1462 1492
3 1511 1493 1462
3 1512 1477 1493
3 1513 1494 1477
3 1513 1443 1494
3 1514 1495 1478
3 1496 1464 1495
3 1515 1479 1496
3 1515 1497 1479
3 1481 1480 1497
3 1516 1498 1481
3 1517 1466 1498
3 1518 1467 1466
3 1518 1499 1467
3 1500 1468 1499
3 1501 1469 1500
3 1522 1502 1484
3 1523 1470 1502
3 1486 1485 1470
3 1524 1503 1486
3 1525 1487 1503
3 1526 1504 1487
3 1527 1458 1504
3 1528 1505 1450
3 1529 1488 1505
3 1529 1506 1488
3 1507 1474 1506
3 1530 1489 1507
3 1508 1490 1489
3 1531 1491 1508
3 1532 1509 1491
3 1533 1492 1509
3 1533 1510 1492
3 1534 1462 1510
3 1535 1511 1462
3 1536 1493 1511
3 1537 1477 1512
3 1538 1513 1477
3 1539 1514 1478
3 1540 1495 1514
3 1541 1496 1495
3 1542 1515 1496
3 1516 1497 1515
3 1516 1481 1497
3 1543 1498 1516
3 1544 1517 1498
3 1518 1466 1517
3 1545 1499 1518
3 1546 1500 1499
3 1547 1501 1500
3 1547 1519 1501
3 1522 1484 1521
3 1548 1502 1522
3 1549 1523 1502
3 1486 1470 1523
3 1523 1524 1486
3 1525 1503 1524
3 1550 1487 1525
3 1551 1526 1487
3 1527 1504 1526
3 1552 1505 1528
3 1553 1529 1505
3 1553 1506 1529
3 1554 1507 1506
3 1554 1530 1507
3 1508 1489 1530
3 1530 1531 1508
3 1532 1491 1531
3 1533 1509 1532
3 1555 1510 1533
3 1556 1534 1510
3 1557 1462 1534
3 1557 1535 1462
3 1558 1511 1535
3 1559 1536 1511
3 1512 1493 1536
3 1560 1537 1512
3 1539 1477 1537
3 1539 1538 1477
3 1478 1513 1538
3 1538 1539 1478
3 1561 1514 1539
3 1562 1540 1514
3 1563 1495 1540
3 1563 1541 1495
3 1542 1496 1541
3 1564 1515 1542
3 1564 1516 1515
3 1564 1543 1516
3 1544 1498 1543
3 1543 1517 1544
3 1565 1518 1517
3 1565 1545 1518
3 1546 1499 1545
3 1547 1500 1546
3 1566 1519 1547
3 1522 1521 1520
3 1568 1548 1522
3 1549 1502 1548
3 1569 1523 1549
3 1570 1524 1523
3 1571 1525 1524
3 1572 1550 1525
3 1551 1487 1550
3 1573 1526 1551
3 1574 1527 1526
3 1575 1505 1552
3 1575 1553 1505
3 1576 1506 1553
3 1577 1554 1506
3 1578 1530 1554
3 1578 1531 1530
3 1579 1532 1531
3 1580 1533 1532
3 1581 1555 1533
3 1582 1510 1555
3 1583 1556 1510
3 1583 1534 1556
3 1584 1557 1534
3 1584 1535 1557
3 1585 1558 1535
3 1586 1511 1558
3 1586 1559 1511
3 1587 1536 1559
3 1588 1512 1536
3 1589 1560 1512
3 1539 1537 1560
3 1560 1561 1539
3 1590 1514 1561
3 1590 1562 1514
3 1563 1540 1562
3 1591 1541 1563
3 1592 1542 1541
3 1593 1564 1542
3 1593 1543 1564
3 1565 1517 1543
3 1594 1545 1565
3 1595 1546 1545
3 1566 1547 1546
3 1596 1519 1566
3 1596 1567 1519
3 1598 1522 1520
3 1598 1568 1522
3 1599 1548 1568
3 1569 1549 1548
3 1570 1523 1569
3 1600 1524 1570
3 1600 1571 1524
3 1572 1525 1571
3 1601 1550 1572
3 1602 1551 1550
3 1603 1573 1551
3 1604 1526 1573
3 1605 1527 1574
3 1606 1575 1552
3 1607 1553 1575
3 1608 1576 1553
3 1608 1506 1576
3 1609 1577 1506
3 1578 1554 1577
3 1579 1531 1578
3 1610 1532 1579
3 1611 1580 1532
3 1581 1533 1580
3 1612 1555 1581
3 1613 1582 1555
3 1583 1510 1582
3 1584 1534 1583
3 1585 1535 1584
3 1614 1558 1585
3 1615 1586 1558
3 1616 1559 1586
3 1617 1587 1559
3 1588 1536 1587
3 1589 1512 1588
3 1618 1560 1589
3 1619 1561 1560
3 1619 1590 1561
3 1620 1562 1590
3 1620 1563 1562
3 1621 1591 1563
3 1592 1541 1591
3 1593 1542 1592
3 1622 1543 1593
3 1623 1565 1543
3 1624 1594 1565
3 1595 1545 1594
3 1625 1546 1595
3 1626 1566 1546
3 1627 1596 1566
3 1628 1567 1596
3 1630 1520 1597
3 1631 1598 1520
3 1631 1568 1598
3 1632 1599 1568
3 1569 1548 1599
3 1633 1570 1569
3 1634 1600 1570
3 1634 1571 1600
3 1635 1572 1571
3 1636 1601 1572
3 1602 1550 1601
3 1603 1551 1602
3 1637 1573 1603
3 1638 1604 1573
3 1639 1606 1552
3 1640 1575 1606
3 1640 1607 1575
3 1641 1553 1607
3 1641 1608 1553
3 1609 1506 1608
3 1579 1577 1609
3 1579 1578 1577
3 1609 1610 1579
3 1611 1532 1610
3 1642 1580 1611
3 1642 1581 1580
3 1642 1612 1581
3 1613 1555 1612
3 1643 1584 1583
3 1643 1585 1584
3 1644 1614 1585
3 1615 1558 1614
3 1616 1586 1615
3 1617 1559 1616
3 1645 1587 1617
3 1645 1588 1587
3 1646 1589 1588
3 1647 1618 1589
3 1619 1560 1618
3 1620 1590 1619
3 1648 1563 1620
3 1648 1621 1563
3 1649 1591 1621
3 1593 1592 1591
3 1649 1622 1593
3 1650 1543 1622
3 1651 1623 1543
3 1624 1565 1623
3 1652 1594 1624
3 1652 1595 1594
3 1653 1625 1595
3 1626 1546 1625
3 1627 1566 1626
3 1628 1596 1627
3 1656 1597 1629
3 1631 1630 1597
3 1631 1520 1630
3 1656 1568 1631
3 1657 1632 1568
3 1658 1599 1632
3 1659 1569 1599
3 1660 1633 1569
3 1634 1570 1633
3 1635 1571 1634
3 1636 1572 1635
3 1661 1601 1636
3 1662 1602 1601
3 1638 1573 1637
3 1663 1606 1639
3 1663 1640 1606
3 1664 1608 1641
3 1664 1609 1608
3 1665 1610 1609
3 1666 1611 1610
3 1667 1642 1611
3 1668 1612 1642
3 1668 1613 1612
3 1644 1585 1643
3 1669 1614 1644
3 1669 1615 1614
3 1669 1616 1615
3 1670 1617 1616
3 1671 1645 1617
3 1646 1588 1645
3 1647 1589 1646
3 1672 1618 1647
3 1673 1619 1618
3 1674 1620 1619
3 1674 1648 1620
3 1675 1621 1648
3 1676 1649 1621
3 1593 1591 1649
3 1677 1622 1649
3 1651 1650 1622
3 1651 1543 1650
3 1678 1623 1651
3 1679 1624 1623
3 1679 1652 1624
3 1680 1595 1652
3 1680 1653 1595
3 1626 1625 1653
3 1681 1627 1626
3 1654 1628 1627
3 1683 1656 1629
3 1631 1597 1656
3 1657 1568 1656
3 1684 1632 1657
3 1685 1658 1632
3 1659 1599 1658
3 1686 1569 1659
3 1686 1660 1569
3 1687 1633 1660
3 1635 1634 1633
3 1661 1636 1635
3 1635 1601 1661
3 1688 1602 1662
3 1690 1663 1639
3 1691 1664 1641
3 1665 1609 1664
3 1692 1610 1665
3 1692 1666 1610
3 1693 1611 1666
3 1694 1667 1611
3 1668 1642 1667
3 1695 1613 1668
3 1696 1644 1643
3 1697 1669 1644
3 1698 1616 1669
3 1698 1670 1616
3 1671 1617 1670
3 1699 1645 1671
3 1672 1646 1645
3 1672 1647 1646
3 1673 1618 1672
3 1674 1619 1673
3 1700 1648 1674
3 1700 1675 1648
3 1676 1621 1675
3 1677 1649 1676
3 1651 1622 1677
3 1701 1678 1651
3 1702 1623 1678
3 1702 1679 1623
3 1680 1652 1679
3 1703 1653 1680
3 1704 1626 1653
3 1704 1681 1626
3 1654 1627 1681
3 1708 1682 1655
3 1683 1629 1682
3 1709 1656 1683
3 1710 1657 1656
3 1710 1684 1657
3 1685 1632 1684
3 1711 1658 1685
3 1686 1659 1658
3 1712 1660 1686
3 1713 1687 1660
3 1714 1633 1687
3 1715 1601 1635
3 1716 1688 1662
3 1717 1602 1688
3 1639 1605 1689
3 1689 1690 1639
3 1718 1691 1641
3 1718 1664 1691
3 1692 1665 1664
3 1693 1666 1692
3 1719 1611 1693
3 1720 1694 1611
3 1721 1667 1694
3 1722 1668 1667
3 1723 1695 1668
3 1724 1613 1695
3 1725 1696 1643
3 1726 1644 1696
3 1727 1697 1644
3 1728 1669 1697
3 1729 1698 1669
3 1730 1670 1698
3 1730 1671 1670
3 1731 1699 1671
3 1672 1645 1699
3 1731 1673 1672
3 1732 1674 1673
3 1733 1700 1674
3 1733 1675 1700
3 1734 1676 1675
3 1735 1677 1676
3 1701 1651 1677
3 1736 1678 1701
3 1737 1702 1678
3 1738 1679 1702
3 1738 1680 1679
3 1739 1703 1680
3 1740 1653 1703
3 1741 1704 1653
3 1742 1681 1704
3 1705 1654 1681
3 1745 1655 1707
3 1745 1708 1655
3 1709 1682 1708
3 1709 1683 1682
3 1746 1656 1709
3 1684 1710 1656
3 1747 1685 1684
3 1748 1711 1685
3 1686 1658 1711
3 1749 1712 1686
3 1713 1660 1712
3 1714 1687 1713
3 1750 1715 1635
3 1751 1716 1662
3 1752 1688 1716
3 1752 1717 1688
3 1753 1602 1717
3 1755 1690 1689
3 1719 1693 1692
3 1720 1611 1719
3 1756 1694 1720
3 1757 1721 1694
3 1757 1667 1721
3 1758 1722 1667
3 1759 1668 1722
3 1759 1723 1668
3 1760 1695 1723
3 1583 1725 1643
3 1761 1696 1725
3 1761 1726 1696
3 1762 1644 1726
3 1762 1727 1644
3 1728 1697 1727
3 1729 1669 1728
3 1763 1698 1729
3 1764 1671 1730
3 1765 1731 1671
3 1672 1699 1731
3 1732 1673 1731
3 1733 1674 1732
3 1766 1675 1733
3 1766 1734 1675
3 1767 1676 1734
3 1767 1735 1676
3 1701 1677 1735
3 1768 1736 1701
3 1737 1678 1736
3 1769 1702 1737
3 1769 1738 1702
3 1770 1680 1738
3 1770 1739 1680
3 1771 1703 1739
3 1772 1740 1703
3 1741 1653 1740
3 1742 1704 1741
3 1705 1681 1742
3 1775 1706 1744
3 1776 1707 1706
3 1776 1745 1707
3 1777 1708 1745
3 1777 1709 1708
3 1777 1746 1709
3 1684 1656 1746
3 1778 1747 1684
3 1779 1685 1747
3 1780 1748 1685
3 1686 1711 1748
3 1748 1749 1686
3 1781 1712 1749
3 1782 1713 1712
3 1783 1714 1713
3 1784 1715 1750
3 1785 1716 1751
3 1786 1717 1752
3 1787 1753 1717
3 1755 1689 1754
3 1788 1690 1755
3 1720 1719 1692
3 1789 1694 1756
3 1790 1757 1694
3 1758 1667 1757
3 1791 1722 1758
3 1792 1759 1722
3 1793 1723 1759
3 1793 1760 1723
3 1724 1695 1760
3 1794 1725 1583
3 1794 1761 1725
3 1795 1726 1761
3 1796 1762 1726
3 1797 1727 1762
3 1798 1728 1727
3 1799 1729 1728
3 1730 1698 1763
3 1800 1764 1730
3 1801 1671 1764
3 1801 1765 1671
3 1802 1731 1765
3 1802 1732 1731
3 1766 1733 1732
3 1803 1734 1766
3 1803 1767 1734
3 1804 1735 1767
3 1804 1701 1735
3 1804 1768 1701
3 1737 1736 1768
3 1805 1769 1737
3 1805 1738 1769
3 1806 1770 1738
3 1807 1739 1770
3 1807 1771 1739
3 1772 1703 1771
3 1771 1740 1772
3 1742 1741 1740
3 1740 1705 1742
3 1740 1773 1705
3 1811 1744 1774
3 1811 1775 1744
3 1812 1706 1775
3 1812 1776 1706
3 1813 1745 1776
3 1813 1777 1745
3 1814 1746 1777
3 1778 1684 1746
3 1779 1747 1778
3 1815 1685 1779
3 1816 1780 1685
3 1816 1748 1780
3 1781 1749 1748
3 1817 1712 1781
3 1818 1782 1712
3 1783 1713 1782
3 1786 1714 1783
3 1819 1785 1751
3 1820 1717 1786
3 1820 1787 1717
3 1821 1753 1787
3 1823 1789 1756
3 1790 1694 1789
3 1824 1757 1790
3 1791 1758 1757
3 1792 1722 1791
3 1825 1759 1792
3 1826 1793 1759
3 1827 1760 1793
3 1828 1724 1760
3 1829 1761 1794
3 1830 1795 1761
3 1831 1726 1795
3 1832 1796 1726
3 1833 1762 1796
3 1833 1797 1762
3 1834 1727 1797
3 1835 1798 1727
3 1836 1728 1798
3 1836 1799 1728
3 1763 1729 1799
3 1800 1730 1763
3 1801 1764 1800
3 1837 1765 1801
3 1838 1802 1765
3 1839 1732 1802
3 1840 1766 1732
3 1841 1803 1766
3 1842 1767 1803
3 1843 1804 1767
3 1844 1768 1804
3 1845 1737 1768
3 1846 1805 1737
3 1847 1738 1805
3 1848 1806 1738
3 1807 1770 1806
3 1849 1771 1807
3 1850 1740 1771
3 1851 1773 1740
3 1809 1743 1808
3 1856 1811 1774
3 1857 1775 1811
3 1858 1812 1775
3 1859 1776 1812
3 1859 1813 1776
3 1860 1777 1813
3 1778 1746 1814
3 1861 1779 1778
3 1862 1815 1779
3 1863 1685 1815
3 1863 1816 1685
3 1781 1748 1816
3 1864 1817 1781
3 1865 1712 1817
3 1865 1818 1712
3 1866 1782 1818
3 1866 1783 1782
3 1820 1786 1783
3 1868 1819 1751
3 1869 1787 1820
3 1870 1821 1787
3 1871 1756 1822
3 1872 1823 1756
3 1873 1789 1823
3 1873 1790 1789
3 1874 1824 1790
3 1875 1757 1824
3 1875 1791 1757
3 1876 1792 1791
3 1876 1825 1792
3 1826 1759 1825
3 1877 1793 1826
3 1877 1827 1793
3 1878 1760 1827
3 1878 1828 1760
3 1761 1724 1828
3 1724 1761 1829
3 1879 1830 1761
3 1879 1795 1830
3 1879 1831 1795
3 1832 1726 1831
3 1880 1796 1832
3 1880 1833 1796
3 1834 1797 1833
3 1835 1727 1834
3 1836 1798 1835
3 1881 1799 1836
3 1800 1763 1799
3 1837 1801 1800
3 1838 1765 1837
3 1882 1802 1838
3 1882 1839 1802
3 1840 1732 1839
3 1841 1766 1840
3 1839 1803 1841
3 1883 1842 1803
3 1884 1767 1842
3 1884 1843 1767
3 1884 1804 1843
3 1885 1844 1804
3 1845 1768 1844
3 1846 1737 1845
3 1886 1805 1846
3 1887 1847 1805
3 1848 1738 1847
3 1849 1806 1848
3 1849 1807 1806
3 1888 1771 1849
3 1889 1850 1771
3 1890 1740 1850
3 1891 1808 1852
3 1892 1809 1808
3 1895 1810 1854
3 1899 1774 1855
3 1899 1856 1774
3 1900 1811 1856
3 1900 1857 1811
3 1858 1775 1857
3 1857 1812 1858
3 1901 1859 1812
3 1860 1813 1859
3 1814 1777 1860
3 1861 1778 1814
3 1902 1779 1861
3 1903 1862 1779
3 1903 1815 1862
3 1904 1863 1815
3 1904 1816 1863
3 1905 1781 1816
3 1905 1864 1781
3 1906 1817 1864
3 1907 1865 1817
3 1908 1818 1865
3 1908 1866 1818
3 1908 1783 1866
3 1909 1820 1783
3 1635 1819 1868
3 1909 1869 1820
3 1870 1787 1869
3 1910 1821 1870
3 1911 1871 1822
3 1872 1756 1871
3 1912 1823 1872
3 1912 1873 1823
3 1913 1790 1873
3 1913 1874 1790
3 1914 1824 1874
3 1915 1791 1875
3 1916 1876 1791
3 1826 1825 1876
3 1917 1877 1826
3 1917 1827 1877
3 1917 1878 1827
3 1918 1828 1878
3 1919 1761 1828
3 1920 1879 1761
3 1832 1831 1879
3 1879 1880 1832
3 1921 1833 1880
3 1921 1835 1834
3 1922 1836 1835
3 1923 1881 1836
3 1800 1799 1881
3 1881 1837 1800
3 1924 1838 1837
3 1924 1882 1838
3 1883 1839 1882
3 1840 1839 1841
3 1883 1803 1839
3 1925 1842 1883
3 1925 1884 1842
3 1885 1804 1884
3 1845 1844 1885
3 1926 1846 1845
3 1926 1886 1846
3 1927 1805 1886
3 1928 1887 1805
3 1929 1847 1887
3 1929 1848 1847
3 1929 1849 1848
3 1930 1888 1849
3 1889 1771 1888
3 1931 1850 1889
3 1931 1890 1850
3 1851 1740 1890
3 1934 1808 1891
3 1935 1892 1808
3 1936 1809 1892
3 1936 1893 1809
3 1854 1853 1894
3 1894 1895 1854
3 1896 1810 1895
3 1944 1855 1898
3 1944 1899 1855
3 1900 1856 1899
3 1945 1857 1900
3 1946 1812 1857
3 1947 1901 1812
3 1948 1859 1901
3 1861 1860 1859
3 1861 1814 1860
3 1903 1902 1861
3 1903 1779 1902
3 1949 1815 1903
3 1950 1904 1815
3 1905 1816 1904
3 1951 1864 1905
3 1951 1906 1864
3 1907 1817 1906
3 1952 1865 1907
3 1953 1908 1865
3 1909 1783 1908
3 1750 1635 1868
3 1953 1869 1909
3 1954 1870 1869
3 1955 1910 1870
3 1958 1871 1911
3 1959 1872 1871
3 1959 1912 1872
3 1960 1873 1912
3 1961 1913 1873
3 1962 1874 1913
3 1962 1914 1874
3 1875 1824 1914
3 1916 1915 1875
3 1963 1791 1915
3 1963 1916 1791
3 1964 1876 1916
3 1964 1826 1876
3 1918 1917 1826
3 1918 1878 1917
3 1919 1828 1918
3 1965 1761 1919
3 1965 1920 1761
3 1965 1879 1920
3 1966 1880 1879
3 1967 1921 1880
3 1834 1833 1921
3 1922 1835 1921
3 1923 1836 1922
3 1968 1881 1923
3 1969 1837 1881
3 1969 1924 1837
3 1970 1882 1924
3 1970 1883 1882
3 1970 1925 1883
3 1971 1884 1925
3 1972 1885 1884
3 1973 1845 1885
3 1973 1926 1845
3 1927 1886 1926
3 1974 1805 1927
3 1974 1928 1805
3 1975 1887 1928
3 1975 1929 1887
3 1976 1849 1929
3 1977 1930 1849
3 1889 1888 1930
3 1978 1931 1889
3 1981 1934 1891
3 1935 1808 1934
3 1982 1892 1935
3 1982 1936 1892
3 1983 1894 1938
3 1984 1895 1894
3 1985 1896 1895
3 1986 1939 1896
3 1987 1897 1941
3 1989 1944 1898
3 1990 1899 1944
3 1991 1900 1899
3 1991 1945 1900
3 1946 1857 1945
3 1947 1812 1946
3 1948 1901 1947
3 1992 1859 1948
3 1993 1861 1859
3 1994 1903 1861
3 1995 1949 1903
3 1950 1815 1949
3 1996 1904 1950
3 1996 1905 1904
3 1997 1951 1905
3 1998 1906 1951
3 1999 1907 1906
3 2000 1952 1907
3 2001 1865 1952
3 2001 1953 1865
3 1908 1953 1909
3 2002 1869 1953
3 2002 1954 1869
3 2003 1870 1954
3 2003 1955 1870
3 1956 1910 1955
3 1958 1911 1957
3 2006 1871 1958
3 2006 1959 1871
3 2007 1912 1959
3 2007 1960 1912
3 2008 1873 1960
3 2008 1961 1873
3 1962 1913 1961
3 2009 1914 1962
3 2010 1875 1914
3 2011 1916 1875
3 1963 1915 1916
3 2012 1964 1916
3 2013 1826 1964
3 1919 1918 1826
3 1826 1965 1919
3 1826 1879 1965
3 2014 1966 1879
3 2015 1880 1966
3 2015 1967 1880
3 2016 1921 1967
3 2017 1922 1921
3 2018 1923 1922
3 2019 1968 1923
3 1969 1881 1968
3 2019 1924 1969
3 2020 1970 1924
3 1971 1925 1970
3 2021 1884 1971
3 2021 1972 1884
3 1973 1885 1972
3 1972 1926 1973
3 2022 1927 1926
3 2023 1974 1927
3 1975 1928 1974
3 1976 1929 1975
3 2024 1849 1976
3 2025 1977 1849
3 1889 1930 1977
3 2026 1978 1889
3 2027 1932 1978
3 2028 1979 1932
3 2030 1933 1980
3 2031 1891 1933
3 2032 1981 1891
3 1935 1934 1981
3 2033 1982 1935
3 2034 1936 1982
3 2035 1937 1936
3 2036 1938 1937
3 2036 1983 1938
3 2037 1894 1983
3 2037 1984 1894
3 1985 1895 1984
3 2038 1896 1985
3 2038 1986 1896
3 2039 1939 1986
3 2039 1940 1939
3 2039 1941 1940
3 2039 1987 1941
3 2040 1897 1987
3 2040 1942 1897
3 2041 1988 1942
3 2042 1943 1988
3 2047 1989 1898
3 1990 1944 1989
3 1991 1899 1990
3 2048 1945 1991
3 1948 1946 1945
3 1948 1947 1946
3 2049 1992 1948
3 1993 1859 1992
3 1994 1861 1993
3 1995 1903 1994
3 2050 1949 1995
3 2050 1950 1949
3 2051 1996 1950
3 2052 1905 1996
3 2052 1997 1905
3 2053 1951 1997
3 2053 1998 1951
3 1999 1906 1998
3 2000 1907 1999
3 2054 1952 2000
3 1953 2001 1952
3 1952 2002 1953
3 2003 1954 2002
3 2055 1955 2003
3 2055 1956 1955
3 2004 1957 2005
3 2057 1958 1957
3 2058 2006 1958
3 2059 1959 2006
3 2059 2007 1959
3 2060 1960 2007
3 2060 2008 1960
3 2061 1961 2008
3 2062 1962 1961
3 2063 2009 1962
3 2064 1914 2009
3 2064 2010 1914
3 2011 1875 2010
3 2010 1916 2011
3 2016 2012 1916
3 2013 1964 2012
3 2065 1826 2013
3 2014 1879 1826
3 2065 1966 2014
3 2013 2015 1966
3 2013 1967 2015
3 2012 2016 1967
3 2066 1921 2016
3 2066 2017 1921
3 2018 1922 2017
3 2067 1923 2018
3 2067 2019 1923
3 1969 1968 2019
3 2068 1924 2019
3 2068 2020 1924
3 1971 1970 2020
3 2020 2021 1971
3 2022 1972 2021
3 2022 1926 1972
3 2069 1927 2022
3 2069 2023 1927
3 1975 1974 2023
3 2070 1976 1975
3 2070 2024 1976
3 2025 1849 2024
3 2071 1977 2025
3 2026 1889 1977
3 2072 1978 2026
3 2072 2027 1978
3 2027 2028 1932
3 2029 1979 2028
3 2074 2030 1980
3 2031 1933 2030
3 2032 1891 2031
3 2075 1981 2032
3 2033 1935 1981
3 2076 1982 2033
3 2077 2034 1982
3 2035 1936 2034
3 2036 1937 2035
3 2035 1983 2036
3 2078 2037 1983
3 2079 1984 2037
3 2080 1985 1984
3 2081 2038 1985
3 2039 1986 2038
3 2082 1987 2039
3 2082 2040 1987
3 2083 1942 2040
3 2083 2041 1942
3 2084 1988 2041
3 2084 2042 1988
3 2043 1943 2042
3 2047 1898 2046
3 2087 1989 2047
3 2088 1990 1989
3 2088 1991 1990
3 2088 2048 1991
3 2089 1945 2048
3 2089 1948 1945
3 2090 2049 1948
3 1993 1992 2049
3 1995 1994 1993
3 1950 2050 1995
3 2091 1996 2051
3 2091 2052 1996
3 2092 1997 2052
3 2093 2053 1997
3 2094 1998 2053
3 2095 1999 1998
3 2095 2000 1999
3 2096 2054 2000
3 2097 1952 2054
3 2098 2002 1952
3 2098 2003 2002
3 2099 2055 2003
3 2057 2004 2056
3 2057 1957 2004
3 2100 1958 2057
3 2101 2058 1958
3 2059 2006 2058
3 2102 2007 2059
3 2103 2060 2007
3 2061 2008 2060
3 2062 1961 2061
3 2104 1962 2062
3 2104 2063 1962
3 2105 2009 2063
3 2106 2064 2009
3 2107 2010 2064
3 2016 1916 2010
3 1967 2013 2012
3 1966 2065 2013
3 2014 1826 2065
3 2108 2066 2016
3 2108 2017 2066
3 2109 2018 2017
3 2110 2067 2018
3 2068 2019 2067
3 2111 2020 2068
3 2111 2021 2020
3 2112 2022 2021
3 2112 2069 2022
3 2113 2023 2069
3 2114 1975 2023
3 2115 2070 1975
3 2115 2024 2070
3 2116 2025 2024
3 2117 2071 2025
3 2026 1977 2071
3 2118 2072 2026
3 2119 2027 2072
3 2119 2028 2027
3 2120 2029 2028
3 2124 2030 2074
3 2075 2031 2030
3 2075 2032 2031
3 2125 1981 2075
3 2076 2033 1981
3 2126 1982 2076
3 2126 2077 1982
3 2127 2034 2077
3 1983 2035 2034
3 2034 2078 1983
3 2128 2037 2078
3 2128 2079 2037
3 2129 1984 2079
3 2130 2080 1984
3 2081 1985 2080
3 2131 2038 2081
3 2132 2039 2038
3 2132 2082 2039
3 2083 2040 2082
3 2133 2041 2083
3 2134 2084 2041
3 2135 2042 2084
3 2044 2043 2042
3 2085 2045 2044
3 2139 2046 2086
3 2139 2047 2046
3 2139 2087 2047
3 2140 1989 2087
3 2141 2088 1989
3 2142 2048 2088
3 2143 2089 2048
3 2144 1948 2089
3 2144 2090 1948
3 2145 2049 2090
3 2145 1993 2049
3 2146 1995 1993
3 2147 1950 1995
3 2148 2091 2051
3 2149 2052 2091
3 2149 2092 2052
3 2093 1997 2092
3 2150 2053 2093
3 2150 2094 2053
3 2151 1998 2094
3 2151 2095 1998
3 2095 2096 2000
3 2152 2054 2096
3 2153 2097 2054
3 2154 1952 2097
3 2155 2098 1952
3 2099 2003 2098
3 2056 2055 2099
3 2156 2057 2056
3 2156 2100 2057
3 2101 1958 2100
3 2153 2058 2101
3 2157 2059 2058
3 2158 2102 2059
3 2103 2007 2102
3 2159 2060 2103
3 2160 2061 2060
3 2161 2062 2061
3 2161 2104 2062
3 2105 2063 2104
3 2106 2009 2105
3 2107 2064 2106
3 2162 2010 2107
3 2162 2016 2010
3 2163 2108 2016
3 2164 2017 2108
3 2164 2109 2017
3 2165 2018 2109
3 2165 2110 2018
3 2166 2067 2110
3 2111 2068 2067
3 2167 2021 2111
3 2168 2112 2021
3 2169 2069 2112
3 2169 2113 2069
3 2170 2023 2113
3 2170 2114 2023
3 2115 1975 2114
3 2171 2024 2115
3 2172 2116 2024
3 2117 2025 2116
3 2173 2071 2117
3 2118 2026 2071
3 2119 2072 2118
3 2120 2028 2119
3 2174 2029 2120
3 2175 2121 2029
3 2179 2073 2123
3 2124 2074 2073
3 2180 2030 2124
3 2181 2075 2030
3 2182 2125 2075
3 2183 1981 2125
3 2183 2076 1981
3 2184 2126 2076
3 2185 2077 2126
3 2186 2127 2077
3 2078 2034 2127
3 2187 2128 2078
3 2188 2079 2128
3 2188 2129 2079
3 2130 1984 2129
3 2189 2080 2130
3 2189 2081 2080
3 2190 2131 2081
3 2191 2038 2131
3 2191 2132 2038
3 2192 2082 2132
3 2192 2083 2082
3 2193 2133 2083
3 2194 2041 2133
3 2195 2134 2041
3 2135 2084 2134
3 2196 2042 2135
3 2196 2044 2042
3 2197 2085 2044
3 2139 2086 2138
3 2200 2087 2139
3 2201 2140 2087
3 2201 1989 2140
3 2201 2141 1989
3 2201 2088 2141
3 2201 2142 2088
3 2143 2048 2142
3 2202 2089 2143
3 2203 2144 2089
3 2204 2090 2144
3 2204 2145 2090
3 2146 1993 2145
3 2205 1995 2146
3 2206 2147 1995
3 2051 1950 2147
3 2147 2148 2051
3 2207 2091 2148
3 2208 2149 2091
3 2209 2092 2149
3 2209 2093 2092
3 2210 2150 2093
3 2211 2094 2150
3 2212 2151 2094
3 2096 2095 2151
3 2213 2152 2096
3 2214 2054 2152
3 2214 2153 2054
3 2101 2097 2153
3 2101 2154 2097
3 2155 1952 2154
3 2099 2098 2155
3 2156 2056 2099
3 2154 2100 2156
3 2154 2101 2100
3 2157 2058 2153
3 2215 2059 2157
3 2215 2158 2059
3 2216 2102 2158
3 2217 2103 2102
3 2218 2159 2103
3 2218 2060 2159
3 2218 2160 2060
3 2161 2061 2160
3 2160 2104 2161
3 2219 2105 2104
3 2219 2106 2105
3 2162 2107 2106
3 2220 2016 2162
3 2221 2163 2016
3 2164 2108 2163
3 2222 2109 2164
3 2222 2165 2109
3 2223 2110 2165
3 2224 2166 2110
3 2225 2067 2166
3 2167 2111 2067
3 2226 2021 2167
3 2226 2168 2021
3 2169 2112 2168
3 2227 2113 2169
3 2228 2170 2113
3 2228 2114 2170
3 2171 2115 2114
3 2172 2024 2171
3 2229 2116 2172
3 2230 2117 2116
3 2231 2173 2117
3 2119 2071 2173
3 2119 2118 2071
3 2232 2120 2119
3 2232 2174 2120
3 2174 2175 2029
3 2233 2121 2175
3 2235 2122 2178
3 2235 2123 2122
3 2235 2179 2123
3 2236 2073 2179
3 2236 2124 2073
3 2237 2180 2124
3 2181 2030 2180
3 2238 2075 2181
3 2239 2182 2075
3 2183 2125 2182
3 2240 2076 2183
3 2185 2126 2184
3 2186 2077 2185
3 2187 2127 2186
3 2187 2078 2127
3 2241 2128 2187
3 2241 2188 2128
3 2242 2129 2188
3 2243 2130 2129
3 2243 2189 2130
3 2244 2081 2189
3 2244 2190 2081
3 2245 2131 2190
3 2245 2191 2131
3 2192 2132 2191
3 2192 2193 2083
3 2246 2133 2193
3 2246 2194 2133
3 2247 2041 2194
3 2247 2195 2041
3 2247 2134 2195
3 2247 2135 2134
3 2248 2196 2135
3 2197 2044 2196
3 2249 2085 2197
3 2249 2198 2085
3 2250 2136 2199
3 2250 2137 2136
3 2251 2138 2137
3 2251 2139 2138
3 2251 2200 2139
3 2252 2087 2200
3 2253 2201 2087
3 2254 2142 2201
3 2255 2143 2142
3 2256 2202 2143
3 2257 2089 2202
3 2258 2203 2089
3 2259 2144 2203
3 2259 2204 2144
3 2259 2145 2204
3 2260 2146 2145
3 2260 2205 2146
3 2261 1995 2205
3 2262 2206 1995
3 2207 2147 2206
3 2207 2148 2147
3 2263 2091 2207
3 2264 2208 2091
3 2265 2149 2208
3 2265 2209 2149
3 2210 2093 2209
3 2211 2150 2210
3 2266 2094 2211
3 2213 2212 2094
3 2096 2151 2212
3 2212 2213 2096
3 2267 2152 2213
3 2267 2214 2152
3 2157 2153 2214
3 2156 2155 2154
3 2156 2099 2155
3 2268 2215 2157
3 2269 2158 2215
3 2270 2216 2158
3 2217 2102 2216
3 2218 2103 2217
3 2271 2160 2218
3 2272 2104 2160
3 2273 2219 2104
3 2274 2106 2219
3 2274 2162 2106
3 2275 2220 2162
3 2221 2016 2220
3 2164 2163 2221
3 2276 2222 2164
3 2223 2165 2222
3 2224 2110 2223
3 2277 2166 2224
3 2278 2225 2166
3 2167 2067 2225
3 2168 2226 2167
3 2225 2169 2168
3 2279 2227 2169
3 2280 2113 2227
3 2281 2228 2113
3 2282 2114 2228
3 2282 2171 2114
3 2283 2172 2171
3 2283 2229 2172
3 2230 2116 2229
3 2231 2117 2230
3 2232 2173 2231
3 2232 2119 2173
3 2175 2174 2232
3 2284 2233 2175
3 2285 2176 2234
3 2286 2178 2177
3 2287 2235 2178
3 2288 2179 2235
3 2289 2236 2179
3 2289 2124 2236
3 2290 2237 2124
3 2181 2180 2237
3 2237 2238 2181
3 2291 2075 2238
3 2291 2239 2075
3 2292 2182 2239
3 2240 2183 2182
3 2184 2076 2240
3 2293 2185 2184
3 2294 2186 2185
3 2295 2187 2186
3 2296 2241 2187
3 2242 2188 2241
3 2243 2129 2242
3 2297 2189 2243
3 2298 2244 2189
3 2299 2190 2244
3 2300 2245 2190
3 2193 2191 2245
3 2193 2192 2191
3 2245 2246 2193
3 2301 2194 2246
3 2302 2247 2194
3 2303 2135 2247
3 2303 2248 2135
3 2304 2196 2248
3 2304 2197 2196
3 2305 2249 2197
3 2306 2198 2249
3 2307 2199 2198
3 2308 2250 2199
3 2308 2137 2250
3 2308 2251 2137
3 2252 2200 2251
3 2309 2087 2252
3 2309 2253 2087
3 2310 2201 2253
3 2311 2254 2201
3 2255 2142 2254
3 2256 2143 2255
3 2312 2202 2256
3 2312 2257 2202
3 2258 2089 2257
3 2313 2203 2258
3 2313 2259 2203
3 2260 2145 2259
3 2261 2205 2260
3 2262 1995 2261
3 2314 2206 2262
3 2314 2207 2206
3 2315 2263 2207
3 2314 2091 2263
3 2314 2264 2091
3 2316 2208 2264
3 2317 2265 2208
3 2210 2209 2265
3 2318 2211 2210
3 2318 2266 2211
3 2319 2094 2266
3 2320 2213 2094
3 2320 2267 2213
3 2157 2214 2267
3 2267 2268 2157
3 2269 2215 2268
3 2270 2158 2269
3 2321 2216 2270
3 2322 2217 2216
3 2323 2218 2217
3 2324 2271 2218
3 2272 2160 2271
3 2273 2104 2272
3 2325 2219 2273
3 2162 2274 2219
3 2219 2275 2162
3 2221 2220 2275
3 2276 2164 2221
3 2223 2222 2276
3 2326 2224 2223
3 2327 2277 2224
3 2278 2166 2277
3 2279 2225 2278
3 2168 2167 2225
3 2279 2169 2225
3 2328 2227 2279
3 2329 2280 2227
3 2281 2113 2280
3 2282 2228 2281
3 2330 2171 2282
3 2331 2283 2171
3 2332 2229 2283
3 2333 2230 2229
3 2334 2231 2230
3 2334 2232 2231
3 2335 2175 2232
3 2336 2284 2175
3 2337 2233 2284
3 2338 2176 2285
3 2338 2286 2176
3 2287 2178 2286
3 2288 2235 2287
3 2289 2179 2288
3 2290 2124 2289
3 2339 2237 2290
3 2340 2238 2237
3 2340 2291 2238
3 2340 2239 2291
3 2340 2292 2239
3 2341 2182 2292
3 2341 2240 2182
3 2342 2184 2240
3 2342 2293 2184
3 2294 2185 2293
3 2295 2186 2294
3 2296 2187 2295
3 2343 2241 2296
3 2344 2242 2241
3 2345 2243 2242
3 2345 2297 2243
3 2346 2189 2297
3 2346 2298 2189
3 2347 2244 2298
3 2347 2299 2244
3 2300 2190 2299
3 2348 2245 2300
3 2348 2246 2245
3 2348 2301 2246
3 2349 2194 2301
3 2349 2302 2194
3 2303 2247 2302
3 2306 2249 2305
3 2350 2198 2306
3 2350 2307 2198
3 2351 2199 2307
3 2351 2308 2199
3 2252 2251 2308
3 2310 2309 2252
3 2310 2253 2309
3 2352 2201 2310
3 2352 2311 2201
3 2255 2254 2311
3 2353 2256 2255
3 2353 2312 2256
3 2354 2257 2312
3 2313 2258 2257
3 2260 2259 2313
3 2313 2261 2260
3 2355 2262 2261
3 2356 2314 2262
3 2315 2207 2314
3 2314 2263 2315
3 2357 2264 2314
3 2357 2316 2264
3 2358 2208 2316
3 2358 2317 2208
3 2359 2265 2317
3 2359 2210 2265
3 2360 2318 2210
3 2361 2266 2318
3 2362 2319 2266
3 2320 2094 2319
3 2268 2267 2320
3 2363 2269 2268
3 2363 2270 2269
3 2364 2321 2270
3 2321 2322 2216
3 2365 2217 2322
3 2324 2323 2217
3 2324 2218 2323
3 2366 2271 2324
3 2367 2272 2271
3 2367 2273 2272
3 2367 2325 2273
3 2368 2219 2325
3 2369 2275 2219
3 2370 2221 2275
3 2371 2276 2221
3 2372 2223 2276
3 2372 2326 2223
3 2373 2224 2326
3 2373 2327 2224
3 2374 2277 2327
3 2374 2278 2277
3 2328 2279 2278
3 2329 2227 2328
3 2375 2280 2329
3 2375 2281 2280
3 2375 2282 2281
3 2376 2330 2282
3 2377 2171 2330
3 2377 2331 2171
3 2332 2283 2331
3 2333 2229 2332
3 2334 2230 2333
3 2336 2232 2334
3 2336 2335 2232
3 2336 2175 2335
3 2378 2284 2336
3 2379 2337 2284
3 2382 2338 2285
3 2383 2286 2338
3 2383 2287 2286
3 2384 2288 2287
3 2385 2289 2288
3 2339 2290 2289
3 2386 2237 2339
3 2387 2340 2237
3 2387 2292 2340
3 2388 2341 2292
3 2342 2240 2341
3 2389 2293 2342
3 2390 2294 2293
3 2391 2295 2294
3 2391 2296 2295
3 2391 2343 2296
3 2392 2241 2343
3 2392 2344 2241
3 2393 2242 2344
3 2394 2345 2242
3 2395 2297 2345
3 2396 2346 2297
3 2396 2298 2346
3 2397 2347 2298
3 2398 2299 2347
3 2398 2300 2299
3 2398 2348 2300
3 2399 2301 2348
3 2400 2349 2301
3 2401 2302 2349
3 2402 2303 2302
3 2403 2350 2306
3 2404 2307 2350
3 2404 2351 2307
3 2405 2308 2351
3 2406 2252 2308
3 2406 2310 2252
3 2407 2352 2310
3 2408 2311 2352
3 2409 2255 2311
3 2410 2353 2255
3 2410 2312 2353
3 2411 2354 2312
3 2412 2257 2354
3 2412 2313 2257
3 2355 2261 2313
3 2413 2262 2355
3 2413 2356 2262
3 2414 2314 2356
3 2316 2357 2314
3 2415 2358 2316
3 2415 2317 2358
3 2416 2359 2317
3 2360 2210 2359
3 2417 2318 2360
3 2417 2361 2318
3 2362 2266 2361
3 2363 2319 2362
3 2363 2320 2319
3 2363 2268 2320
3 2362 2270 2363
3 2362 2364 2270
3 2418 2321 2364
3 2419 2322 2321
3 2420 2365 2322
3 2324 2217 2365
3 2421 2366 2324
3 2422 2271 2366
3 2368 2367 2271
3 2368 2325 2367
3 2369 2219 2368
3 2370 2275 2369
3 2371 2221 2370
3 2423 2276 2371
3 2423 2372 2276
3 2373 2326 2372
3 2372 2327 2373
3 2424 2374 2327
3 2328 2278 2374
3 2424 2329 2328
3 2425 2375 2329
3 2425 2282 2375
3 2425 2376 2282
3 2426 2330 2376
3 2427 2377 2330
3 2428 2331 2377
3 2428 2332 2331
3 2429 2333 2332
3 2336 2334 2333
3 2430 2378 2336
3 2379 2284 2378
3 2431 2337 2379
3 2432 2285 2381
3 2432 2382 2285
3 2433 2338 2382
3 2433 2383 2338
3 2384 2287 2383
3 2434 2288 2384
3 2434 2385 2288
3 2435 2289 2385
3 2435 2339 2289
3 2436 2386 2339
3 2437 2237 2386
3 2437 2387 2237
3 2388 2292 2387
3 2389 2341 2388
3 2389 2342 2341
3 2390 2293 2389
3 2438 2294 2390
3 2439 2343 2391
3 2440 2392 2343
3 2393 2344 2392
3 2394 2242 2393
3 2441 2345 2394
3 2442 2395 2345
3 2443 2297 2395
3 2443 2396 2297
3 2444 2298 2396
3 2445 2397 2298
3 2398 2347 2397
3 2446 2348 2398
3 2446 2399 2348
3 2400 2301 2399
3 2447 2349 2400
3 2447 2401 2349
3 2448 2302 2401
3 2448 2402 2302
3 2448 2303 2402
3 2450 2350 2403
3 2450 2404 2350
3 2451 2351 2404
3 2451 2405 2351
3 2452 2308 2405
3 2452 2406 2308
3 2453 2310 2406
3 2454 2407 2310
3 2408 2352 2407
3 2407 2311 2408
3 2455 2409 2311
3 2410 2255 2409
3 2411 2312 2410
3 2456 2354 2411
3 2457 2412 2354
3 2355 2313 2412
3 2457 2413 2355
3 2458 2356 2413
3 2458 2414 2356
3 2459 2314 2414
3 2460 2316 2314
3 2461 2415 2316
3 2416 2317 2415
3 2462 2359 2416
3 2463 2360 2359
3 2464 2417 2360
3 2465 2361 2417
3 2364 2362 2361
3 2466 2418 2364
3 2418 2419 2321
3 2419 2420 2322
3 2467 2365 2420
3 2467 2324 2365
3 2467 2421 2324
3 2468 2366 2421
3 2469 2422 2366
3 2368 2271 2422
3 2370 2369 2368
3 2470 2371 2370
3 2471 2423 2371
3 2426 2372 2423
3 2472 2327 2372
3 2425 2424 2327
3 2424 2328 2374
3 2425 2329 2424
3 2327 2376 2425
3 2472 2426 2376
3 2473 2330 2426
3 2474 2427 2330
3 2475 2377 2427
3 2475 2428 2377
3 2429 2332 2428
3 2336 2333 2429
3 2476 2430 2336
3 2477 2378 2430
3 2478 2379 2378
3 2478 2431 2379
3 2432 2381 2380
3 2480 2382 2432
3 2481 2433 2382
3 2482 2383 2433
3 2482 2384 2383
3 2482 2434 2384
3 2483 2385 2434
3 2436 2435 2385
3 2436 2339 2435
3 2484 2386 2436
3 2484 2437 2386
3 2485 2387 2437
3 2486 2388 2387
3 2487 2389 2388
3 2487 2390 2389
3 2487 2438 2390
3 2391 2294 2438
3 2438 2439 2391
3 2488 2343 2439
3 2489 2440 2343
3 2393 2392 2440
3 2440 2394 2393
3 2440 2441 2394
3 2442 2345 2441
3 2443 2395 2442
3 2490 2396 2443
3 2491 2444 2396
3 2445 2298 2444
3 2492 2397 2445
3 2446 2398 2397
3 2493 2399 2446
3 2494 2400 2399
3 2495 2447 2400
3 2448 2401 2447
3 2449 2303 2448
3 2496 2450 2403
3 2497 2404 2450
3 2498 2451 2404
3 2499 2405 2451
3 2499 2452 2405
3 2500 2406 2452
3 2500 2453 2406
3 2501 2310 2453
3 2501 2454 2310
3 2502 2407 2454
3 2503 2311 2407
3 2503 2455 2311
3 2410 2409 2455
3 2504 2411 2410
3 2504 2456 2411
3 2457 2354 2456
3 2355 2412 2457
3 2505 2413 2457
3 2505 2458 2413
3 2506 2414 2458
3 2460 2459 2414
3 2460 2314 2459
3 2461 2316 2460
3 2507 2415 2461
3 2508 2416 2415
3 2509 2462 2416
3 2510 2359 2462
3 2510 2463 2359
3 2464 2360 2463
3 2511 2417 2464
3 2512 2465 2417
3 2364 2361 2465
3 2513 2466 2364
3 2514 2418 2466
3 2514 2419 2418
3 2514 2420 2419
3 2515 2467 2420
3 2515 2421 2467
3 2515 2468 2421
3 2469 2366 2468
3 2368 2422 2469
3 2516 2370 2368
3 2517 2470 2370
3 2471 2371 2470
3 2426 2423 2471
3 2472 2372 2426
3 2376 2327 2472
3 2518 2473 2426
3 2474 2330 2473
3 2477 2427 2474
3 2430 2475 2427
3 2476 2428 2475
3 2476 2429 2428
3 2476 2336 2429
3 2519 2378 2477
3 2519 2478 2378
3 2520 2431 2478
3 2521 2380 2479
3 2522 2432 2380
3 2523 2480 2432
3 2524 2382 2480
3 2525 2481 2382
3 2526 2433 2481
3 2526 2434 2482
3 2526 2483 2434
3 2527 2385 2483
3 2527 2436 2385
3 2528 2484 2436
3 2529 2437 2484
3 2529 2485 2437
3 2486 2387 2485
3 2530 2388 2486
3 2530 2487 2388
3 2531 2438 2487
3 2488 2439 2438
3 2489 2343 2488
3 2532 2440 2489
3 2533 2441 2440
3 2533 2442 2441
3 2534 2443 2442
3 2534 2490 2443
3 2491 2396 2490
3 2445 2444 2491
3 2491 2492 2445
3 2446 2397 2492
3 2535 2493 2446
3 2535 2399 2493
3 2536 2494 2399
3 2537 2400 2494
3 2537 2495 2400
3 2538 2447 2495
3 2539 2448 2447
3 2497 2450 2496
3 2498 2404 2497
3 2540 2451 2498
3 2540 2499 2451
3 2500 2452 2499
3 2541 2453 2500
3 2541 2501 2453
3 2542 2454 2501
3 2543 2502 2454
3 2544 2407 2502
3 2544 2503 2407
3 2545 2455 2503
3 2504 2410 2455
3 2546 2456 2504
3 2547 2457 2456
3 2548 2505 2457
3 2549 2458 2505
3 2550 2506 2458
3 2460 2414 2506
3 2506 2461 2460
3 2551 2507 2461
3 2508 2415 2507
3 2509 2416 2508
3 2510 2462 2509
3 2552 2463 2510
3 2511 2464 2463
3 2512 2417 2511
3 2513 2465 2512
3 2513 2364 2465
3 2512 2466 2513
3 2553 2514 2466
3 2554 2420 2514
3 2555 2515 2420
3 2556 2468 2515
3 2557 2469 2468
3 2516 2368 2469
3 2517 2370 2516
3 2558 2470 2517
3 2558 2471 2470
3 2559 2426 2471
3 2560 2518 2426
3 2561 2473 2518
3 2561 2474 2473
3 2562 2477 2474
3 2430 2427 2477
3 2476 2475 2430
3 2563 2519 2477
3 2564 2478 2519
3 2564 2520 2478
3 2566 2521 2479
3 2566 2380 2521
3 2566 2522 2380
3 2523 2432 2522
3 2524 2480 2523
3 2567 2382 2524
3 2567 2525 2382
3 2568 2481 2525
3 2482 2433 2526
3 2568 2483 2526
3 2569 2527 2483
3 2528 2436 2527
3 2570 2484 2528
3 2570 2529 2484
3 2571 2485 2529
3 2530 2486 2485
3 2572 2487 2530
3 2572 2531 2487
3 2488 2438 2531
3 2532 2489 2488
3 2573 2440 2532
3 2573 2533 2440
3 2574 2442 2533
3 2575 2534 2442
3 2576 2490 2534
3 2576 2491 2490
3 2577 2492 2491
3 2578 2446 2492
3 2579 2535 2446
3 2536 2399 2535
3 2580 2494 2536
3 2580 2537 2494
3 2580 2495 2537
3 2581 2538 2495
3 2582 2447 2538
3 2582 2539 2447
3 2584 2497 2496
3 2584 2498 2497
3 2585 2540 2498
3 2586 2499 2540
3 2541 2500 2499
3 2587 2501 2541
3 2587 2542 2501
3 2588 2454 2542
3 2589 2543 2454
3 2590 2544 2502
3 2591 2455 2545
3 2591 2504 2455
3 2591 2546 2504
3 2592 2456 2546
3 2592 2547 2456
3 2548 2457 2547
3 2593 2505 2548
3 2594 2549 2505
3 2550 2458 2549
3 2595 2506 2550
3 2596 2461 2506
3 2597 2551 2461
3 2598 2507 2551
3 2599 2508 2507
3 2600 2509 2508
3 2601 2510 2509
3 2601 2552 2510
3 2602 2463 2552
3 2603 2511 2463
3 2466 2512 2511
3 2604 2553 2466
3 2605 2514 2553
3 2605 2554 2514
3 2555 2420 2554
3 2606 2515 2555
3 2607 2556 2515
3 2608 2468 2556
3 2608 2557 2468
3 2609 2469 2557
3 2610 2516 2469
3 2610 2517 2516
3 2610 2558 2517
3 2559 2471 2558
3 2560 2426 2559
3 2611 2518 2560
3 2612 2561 2518
3 2561 2562 2474
3 2613 2477 2562
3 2613 2563 2477
3 2564 2519 2563
3 2565 2520 2564
3 2615 2566 2479
3 2523 2522 2566
3 2616 2524 2523
3 2617 2567 2524
3 2617 2525 2567
3 2618 2568 2525
3 2526 2481 2568
3 2569 2483 2568
3 2619 2527 2569
3 2620 2528 2527
3 2621 2570 2528
3 2571 2529 2570
3 2622 2485 2571
3 2623 2530 2485
3 2623 2572 2530
3 2624 2531 2572
3 2532 2488 2531
3 2625 2573 2532
3 2625 2533 2573
3 2626 2574 2533
3 2575 2442 2574
3 2627 2534 2575
3 2627 2576 2534
3 2628 2491 2576
3 2628 2577 2491
3 2629 2492 2577
3 2579 2578 2492
3 2579 2446 2578
3 2630 2535 2579
3 2631 2536 2535
3 2631 2580 2536
3 2580 2581 2495
3 2632 2538 2581
3 2633 2582 2538
3 2633 2539 2582
3 2585 2498 2584
3 2586 2540 2585
3 2638 2499 2586
3 2638 2541 2499
3 2639 2587 2541
3 2640 2542 2587
3 2640 2588 2542
3 2641 2454 2588
3 2641 2589 2454
3 2641 2543 2589
3 2642 2592 2546
3 2642 2547 2592
3 2643 2548 2547
3 2644 2593 2548
3 2645 2505 2593
3 2646 2594 2505
3 2647 2549 2594
3 2647 2595 2550
3 2596 2506 2595
3 2597 2461 2596
3 2598 2551 2597
3 2648 2507 2598
3 2648 2599 2507
3 2649 2600 2508
3 2601 2509 2600
3 2650 2552 2601
3 2651 2602 2552
3 2603 2463 2602
3 2652 2511 2603
3 2604 2466 2511
3 2653 2553 2604
3 2654 2605 2553
3 2654 2554 2605
3 2606 2555 2554
3 2655 2515 2606
3 2655 2607 2515
3 2656 2556 2607
3 2657 2608 2556
3 2657 2557 2608
3 2658 2609 2557
3 2610 2469 2609
3 2611 2558 2610
3 2611 2559 2558
3 2611 2560 2559
3 2659 2518 2611
3 2659 2612 2518
3 2660 2561 2612
3 2661 2562 2561
3 2662 2613 2562
3 2662 2563 2613
3 2565 2564 2563
3 2563 2614 2565
3 2664 2566 2615
3 2665 2523 2566
3 2666 2616 2523
3 2667 2524 2616
3 2667 2617 2524
3 2668 2525 2617
3 2668 2618 2525
3 2669 2568 2618
3 2669 2569 2568
3 2669 2619 2569
3 2670 2527 2619
3 2670 2620 2527
3 2670 2528 2620
3 2670 2621 2528
3 2671 2570 2621
3 2671 2571 2570
3 2671 2622 2571
3 2623 2485 2622
3 2624 2572 2623
3 2672 2531 2624
3 2673 2532 2531
3 2674 2625 2532
3 2675 2533 2625
3 2676 2626 2533
3 2677 2574 2626
3 2677 2627 2575
3 2628 2576 2627
3 2678 2577 2628
3 2678 2629 2577
3 2579 2492 2629
3 2679 2630 2579
3 2680 2535 2630
3 2680 2631 2535
3 2680 2580 2631
3 2681 2581 2580
3 2681 2632 2581
3 2682 2538 2632
3 2683 2633 2538
3 2684 2539 2633
3 2684 2634 2539
3 2684 2583 2635
3 2687 2584 2637
3 2688 2585 2584
3 2689 2586 2585
3 2689 2638 2586
3 2639 2541 2638
3 2690 2587 2639
3 2690 2640 2587
3 2691 2588 2640
3 2691 2641 2588
3 2643 2547 2642
3 2644 2548 2643
3 2646 2505 2645
3 2692 2594 2646
3 2693 2647 2594
3 2550 2549 2647
3 2694 2595 2647
3 2695 2596 2595
3 2695 2597 2596
3 2648 2598 2597
3 2696 2599 2648
3 2697 2649 2508
3 2698 2600 2649
3 2699 2601 2600
3 2699 2650 2601
3 2651 2552 2650
3 2700 2602 2651
3 2652 2603 2602
3 2700 2511 2652
3 2700 2604 2511
3 2700 2653 2604
3 2701 2553 2653
3 2702 2654 2553
3 2606 2554 2654
3 2703 2655 2606
3 2704 2607 2655
3 2705 2656 2607
3 2706 2556 2656
3 2706 2657 2556
3 2707 2557 2657
3 2707 2658 2557
3 2610 2609 2658
3 2612 2611 2610
3 2612 2659 2611
3 2658 2660 2612
3 2661 2561 2660
3 2708 2562 2661
3 2709 2662 2562
3 2710 2563 2662
3 2711 2614 2563
3 2615 2479 2663
3 2713 2664 2615
3 2714 2566 2664
3 2715 2665 2566
3 2716 2523 2665
3 2716 2666 2523
3 2716 2616 2666
3 2717 2667 2616
3 2718 2617 2667
3 2719 2668 2617
3 2720 2618 2668
3 2720 2669 2618
3 2721 2619 2669
3 2722 2670 2619
3 2723 2621 2670
3 2723 2671 2621
3 2724 2622 2671
3 2725 2623 2622
3 2726 2624 2623
3 2727 2672 2624
3 2728 2531 2672
3 2674 2673 2531
3 2674 2532 2673
3 2531 2625 2674
3 2729 2675 2625
3 2729 2533 2675
3 2729 2676 2533
3 2730 2626 2676
3 2730 2677 2626
3 2575 2574 2677
3 2730 2627 2677
3 2731 2628 2627
3 2731 2678 2628
3 2732 2629 2678
3 2733 2579 2629
3 2733 2679 2579
3 2734 2630 2679
3 2734 2680 2630
3 2681 2580 2680
3 2682 2632 2681
3 2735 2538 2682
3 2736 2683 2538
3 2684 2633 2683
3 2634 2684 2635
3 2737 2583 2684
3 2740 2685 2636
3 2687 2637 2686
3 2741 2584 2687
3 2742 2688 2584
3 2689 2585 2688
3 2743 2638 2689
3 2743 2639 2638
3 2744 2690 2639
3 2691 2640 2690
3 2745 2641 2691
3 2747 2646 2645
3 2747 2692 2646
3 2693 2594 2692
3 2694 2647 2693
3 2748 2595 2694
3 2748 2695 2595
3 2749 2597 2695
3 2750 2648 2597
3 2751 2696 2648
3 2752 2599 2696
3 2599 2697 2508
3 2753 2649 2697
3 2754 2698 2649
3 2699 2600 2698
3 2755 2650 2699
3 2756 2651 2650
3 2756 2700 2651
3 2652 2602 2700
3 2756 2653 2700
3 2757 2701 2653
3 2758 2553 2701
3 2759 2702 2553
3 2760 2654 2702
3 2760 2606 2654
3 2761 2703 2606
3 2704 2655 2703
3 2705 2607 2704
3 2762 2656 2705
3 2763 2706 2656
3 2764 2657 2706
3 2764 2707 2657
3 2660 2658 2707
3 2612 2610 2658
3 2765 2661 2660
3 2766 2708 2661
3 2709 2562 2708
3 2710 2662 2709
3 2767 2563 2710
3 2768 2711 2563
3 2771 2663 2712
3 2713 2615 2663
3 2772 2664 2713
3 2772 2714 2664
3 2715 2566 2714
3 2716 2665 2715
3 2717 2616 2716
3 2773 2667 2717
3 2773 2718 2667
3 2719 2617 2718
3 2774 2668 2719
3 2774 2720 2668
3 2775 2669 2720
3 2775 2721 2669
3 2722 2619 2721
3 2776 2670 2722
3 2776 2723 2670
3 2724 2671 2723
3 2725 2622 2724
3 2726 2623 2725
3 2777 2624 2726
3 2777 2727 2624
3 2728 2672 2727
3 2625 2531 2728
3 2778 2729 2625
3 2779 2676 2729
3 2780 2730 2676
3 2731 2627 2730
3 2780 2678 2731
3 2780 2732 2678
3 2781 2629 2732
3 2782 2733 2629
3 2782 2679 2733
3 2782 2734 2679
3 2681 2680 2734
3 2783 2682 2681
3 2783 2735 2682
3 2736 2538 2735
3 2784 2683 2736
3 2737 2684 2683
3 2784 2583 2737
3 2785 2738 2583
3 2787 2636 2739
3 2686 2685 2740
3 2740 2687 2686
3 2740 2741 2687
3 2742 2584 2741
3 2788 2688 2742
3 2788 2689 2688
3 2744 2743 2689
3 2744 2639 2743
3 2691 2690 2744
3 2789 2745 2691
3 2790 2641 2745
3 2790 2746 2641
3 2643 2642 2644
3 2791 2693 2692
3 2792 2694 2693
3 2793 2748 2694
3 2794 2695 2748
3 2795 2749 2695
3 2750 2597 2749
3 2796 2648 2750
3 2797 2751 2648
3 2752 2696 2751
3 2697 2599 2752
3 2798 2753 2697
3 2754 2649 2753
3 2799 2698 2754
3 2800 2699 2698
3 2800 2755 2699
3 2801 2650 2755
3 2801 2756 2650
3 2757 2653 2756
3 2802 2701 2757
3 2759 2758 2701
3 2759 2553 2758
3 2760 2702 2759
3 2803 2606 2760
3 2803 2761 2606
3 2804 2703 2761
3 2805 2704 2703
3 2805 2705 2704
3 2806 2762 2705
3 2763 2656 2762
3 2764 2706 2763
3 2765 2707 2764
3 2765 2660 2707
3 2807 2661 2765
3 2807 2766 2661
3 2808 2708 2766
3 2710 2709 2708
3 2809 2767 2710
3 2768 2563 2767
3 2810 2711 2768
3 2816 2771 2712
3 2713 2663 2771
3 2771 2772 2713
3 2715 2714 2772
3 2817 2716 2715
3 2818 2717 2716
3 2819 2773 2717
3 2820 2718 2773
3 2821 2719 2718
3 2822 2774 2719
3 2775 2720 2774
3 2823 2721 2775
3 2824 2722 2721
3 2825 2776 2722
3 2826 2723 2776
3 2826 2724 2723
3 2827 2725 2724
3 2827 2726 2725
3 2828 2777 2726
3 2829 2727 2777
3 2830 2728 2727
3 2830 2625 2728
3 2831 2778 2625
3 2779 2729 2778
3 2832 2676 2779
3 2833 2780 2676
3 2731 2730 2780
3 2781 2732 2780
3 2834 2629 2781
3 2835 2782 2629
3 2836 2734 2782
3 2837 2681 2734
3 2838 2783 2681
3 2839 2735 2783
3 2784 2736 2735
3 2737 2683 2784
3 2785 2583 2784
3 2840 2738 2785
3 2787 2739 2786
3 2740 2636 2787
3 2787 2741 2740
3 2841 2742 2741
3 2842 2788 2742
3 2843 2689 2788
3 2843 2744 2689
3 2789 2691 2744
3 2792 2693 2791
3 2793 2694 2792
3 2794 2748 2793
3 2844 2695 2794
3 2844 2795 2695
3 2845 2749 2795
3 2796 2750 2749
3 2797 2648 2796
3 2846 2751 2797
3 2847 2752 2751
3 2847 2697 2752
3 2847 2798 2697
3 2848 2753 2798
3 2849 2754 2753
3 2849 2799 2754
3 2800 2698 2799
3 2850 2755 2800
3 2851 2801 2755
3 2851 2756 2801
3 2852 2757 2756
3 2853 2802 2757
3 2854 2701 2802
3 2854 2759 2701
3 2855 2760 2759
3 2856 2803 2760
3 2804 2761 2803
3 2857 2703 2804
3 2857 2805 2703
3 2806 2705 2805
3 2858 2762 2806
3 2859 2763 2762
3 2807 2764 2763
3 2807 2765 2764
3 2860 2766 2807
3 2860 2808 2766
3 2710 2708 2808
3 2808 2809 2710
3 2810 2767 2809
3 2810 2768 2767
3 2861 2711 2810
3 2862 2769 2812
3 2862 2813 2769
3 2816 2712 2770
3 2865 2771 2816
3 2866 2772 2771
3 2867 2715 2772
3 2868 2716 2817
3 2868 2818 2716
3 2819 2717 2818
3 2869 2773 2819
3 2870 2820 2773
3 2821 2718 2820
3 2822 2719 2821
3 2871 2774 2822
3 2823 2775 2774
3 2824 2721 2823
3 2825 2722 2824
3 2872 2776 2825
3 2872 2826 2776
3 2873 2724 2826
3 2873 2827 2724
3 2874 2726 2827
3 2874 2828 2726
3 2829 2777 2828
3 2830 2727 2829
3 2831 2625 2830
3 2875 2778 2831
3 2876 2779 2778
3 2877 2832 2779
3 2833 2676 2832
3 2878 2780 2833
3 2879 2781 2780
3 2880 2834 2781
3 2881 2629 2834
3 2882 2835 2629
3 2836 2782 2835
3 2837 2734 2836
3 2883 2681 2837
3 2883 2838 2681
3 2884 2783 2838
3 2884 2839 2783
3 2885 2735 2839
3 2886 2784 2735
3 2886 2785 2784
3 2887 2840 2785
3 2888 2738 2840
3 2889 2787 2786
3 2841 2741 2787
3 2842 2742 2841
3 2889 2788 2842
3 2890 2843 2788
3 2891 2744 2843
3 2891 2789 2744
3 2892 2792 2791
3 2893 2793 2792
3 2894 2794 2793
3 2895 2844 2794
3 2896 2795 2844
3 2896 2845 2795
3 2897 2749 2845
3 2897 2796 2749
3 2898 2797 2796
3 2898 2846 2797
3 2847 2751 2846
3 2848 2798 2847
3 2899 2753 2848
3 2899 2849 2753
3 2900 2799 2849
3 2901 2800 2799
3 2901 2850 2800
3 2851 2755 2850
3 2852 2756 2851
3 2902 2757 2852
3 2903 2853 2757
3 2854 2802 2853
3 2853 2759 2854
3 2856 2855 2759
3 2856 2760 2855
3 2904 2803 2856
3 2905 2804 2803
3 2905 2857 2804
3 2806 2805 2857
3 2857 2858 2806
3 2859 2762 2858
3 2906 2763 2859
3 2906 2807 2763
3 2906 2860 2807
3 2809 2808 2860
3 2907 2810 2809
3 2907 2861 2810
3 2911 2812 2811
3 2912 2862 2812
3 2863 2813 2862
3 2864 2814 2863
3 2913 2815 2864
3 2914 2865 2816
3 2866 2771 2865
3 2867 2772 2866
3 2817 2715 2867
3 2915 2868 2817
3 2915 2818 2868
3 2916 2819 2818
3 2917 2869 2819
3 2918 2773 2869
3 2918 2870 2773
3 2919 2820 2870
3 2919 2821 2820
3 2920 2822 2821
3 2921 2871 2822
3 2823 2774 2871
3 2922 2824 2823
3 2923 2825 2824
3 2924 2872 2825
3 2925 2826 2872
3 2925 2873 2826
3 2926 2827 2873
3 2926 2874 2827
3 2927 2828 2874
3 2928 2829 2828
3 2929 2830 2829
3 2875 2831 2830
3 2876 2778 2875
3 2877 2779 2876
3 2930 2832 2877
3 2930 2833 2832
3 2931 2878 2833
3 2932 2780 2878
3 2932 2879 2780
3 2880 2781 2879
3 2933 2834 2880
3 2933 2881 2834
3 2882 2629 2881
3 2836 2835 2882
3 2883 2837 2836
3 2934 2838 2883
3 2935 2884 2838
3 2936 2839 2884
3 2937 2885 2839
3 2886 2735 2885
3 2887 2785 2886
3 2938 2840 2887
3 2939 2888 2840
3 2940 2889 2786
3 2841 2787 2889
3 2889 2842 2841
3 2891 2843 2890
3 2893 2792 2892
3 2894 2793 2893
3 2895 2794 2894
3 2896 2844 2895
3 2941 2845 2896
3 2942 2897 2845
3 2898 2796 2897
3 2942 2846 2898
3 2943 2847 2846
3 2944 2848 2847
3 2945 2899 2848
3 2946 2849 2899
3 2946 2900 2849
3 2901 2799 2900
3 2947 2850 2901
3 2852 2851 2850
3 2948 2757 2902
3 2948 2903 2757
3 2949 2853 2903
3 2950 2759 2853
3 2904 2856 2759
3 2951 2803 2904
3 2952 2905 2803
3 2953 2857 2905
3 2954 2858 2857
3 2955 2859 2858
3 2955 2906 2859
3 2956 2860 2906
3 2956 2809 2860
3 2956 2907 2809
3 2911 2811 2910
3 2962 2812 2911
3 2962 2912 2812
3 2963 2862 2912
3 2964 2863 2862
3 2965 2864 2863
3 2966 2913 2864
3 2967 2815 2913
3 2969 2865 2914
3 2970 2866 2865
3 2971 2867 2866
3 2972 2817 2867
3 2973 2915 2817
3 2916 2818 2915
3 2974 2819 2916
3 2975 2917 2819
3 2975 2869 2917
3 2976 2918 2869
3 2919 2870 2918
3 2920 2821 2919
3 2921 2822 2920
3 2977 2871 2921
3 2977 2823 2871
3 2978 2922 2823
3 2979 2824 2922
3 2979 2923 2824
3 2980 2825 2923
3 2981 2924 2825
3 2925 2872 2924
3 2926 2873 2925
3 2927 2874 2926
3 2982 2828 2927
3 2982 2928 2828
3 2929 2829 2928
3 2983 2830 2929
3 2984 2875 2830
3 2877 2876 2875
3 2985 2930 2877
3 2986 2833 2930
3 2986 2931 2833
3 2987 2878 2931
3 2988 2932 2878
3 2989 2879 2932
3 2990 2880 2879
3 2991 2933 2880
3 2836 2881 2933
3 2836 2882 2881
3 2934 2883 2836
3 2992 2838 2934
3 2992 2935 2838
3 2993 2884 2935
3 2993 2936 2884
3 2937 2839 2936
3 2887 2885 2937
3 2887 2886 2885
3 2994 2938 2887
3 2995 2840 2938
3 2995 2939 2840
3 2997 2889 2940
3 2998 2893 2892
3 2999 2894 2893
3 3000 2895 2894
3 2941 2896 2895
3 2942 2845 2941
3 2898 2897 2942
3 2943 2846 2942
3 3001 2847 2943
3 3001 2944 2847
3 3002 2848 2944
3 3003 2945 2848
3 2946 2899 2945
3 3004 2900 2946
3 3005 2901 2900
3 3005 2947 2901
3 2852 2850 2947
3 3007 2948 2902
3 3008 2903 2948
3 3009 2949 2903
3 3010 2853 2949
3 3011 2950 2853
3 3012 2759 2950
3 2951 2904 2759
3 3013 2803 2951
3 3014 2952 2803
3 3015 2905 2952
3 3016 2953 2905
3 3016 2857 2953
3 3016 2954 2857
3 3017 2858 2954
3 3018 2955 2858
3 2956 2906 2955
3 2955 2907 2956
3 2858 2957 2907
3 3019 2908 2959
3 3019 2960 2908
3 3020 2909 2960
3 2910 2961 2909
3 2909 2911 2910
3 3021 2962 2911
3 3022 2912 2962
3 2964 2963 2912
3 2964 2862 2963
3 2965 2863 2964
3 3023 2864 2965
3 3023 2966 2864
3 3024 2913 2966
3 2968 2967 2913
3 3025 2969 2914
3 2969 2970 2865
3 3026 2866 2970
3 2972 2971 2866
3 2972 2867 2971
3 2973 2817 2972
3 3027 2915 2973
3 2974 2916 2915
3 3028 2819 2974
3 3028 2975 2819
3 3029 2869 2975
3 3030 2976 2869
3 3031 2918 2976
3 2920 2919 2918
3 3032 2921 2920
3 3033 2977 2921
3 2978 2823 2977
3 3034 2922 2978
3 3034 2979 2922
3 3035 2923 2979
3 3035 2980 2923
3 3036 2825 2980
3 3037 2981 2825
3 2982 2924 2981
3 2927 2925 2924
3 2924 2982 2927
3 3038 2928 2982
3 3038 2929 2928
3 3039 2983 2929
3 2984 2830 2983
3 3040 2875 2984
3 3041 2877 2875
3 3042 2985 2877
3 3043 2930 2985
3 3044 2986 2930
3 3044 2931 2986
3 3045 2987 2931
3 2988 2878 2987
3 2989 2932 2988
3 2990 2879 2989
3 2991 2880 2990
3 2935 2933 2991
3 2934 2836 2933
3 2933 2992 2934
3 2933 2935 2992
3 3046 2993 2935
3 3047 2936 2993
3 3047 2937 2936
3 2994 2887 2937
3 3048 2938 2994
3 3048 2995 2938
3 3049 2939 2995
3 3050 2940 2996
3 3051 2997 2940
3 2999 2893 2998
3 3000 2894 2999
3 2941 2895 3000
3 2943 2942 2941
3 2941 3001 2943
3 3052 2944 3001
3 3053 3002 2944
3 3003 2848 3002
3 3054 2945 3003
3 3055 2946 2945
3 3055 3004 2946
3 3005 2900 3004
3 3056 2902 3006
3 3057 3007 2902
3 3058 2948 3007
3 3059 3008 2948
3 3060 2903 3008
3 3061 3009 2903
3 3010 2949 3009
3 3062 2853 3010
3 3062 3011 2853
3 3063 2950 3011
3 3064 3012 2950
3 3064 2759 3012
3 3064 2951 2759
3 3065 3013 2951
3 3014 2803 3013
3 3066 2952 3014
3 3067 3015 2952
3 3016 2905 3015
3 3017 2954 3016
3 3068 2858 3017
3 2907 3018 2858
3 2907 2955 3018
3 3069 2957 2858
3 3070 2959 2958
3 3070 3019 2959
3 3071 2960 3019
3 3072 3020 2960
3 3021 2909 3020
3 3021 2911 2909
3 3022 2962 3021
3 3073 2912 3022
3 3073 2964 2912
3 3074 2965 2964
3 3074 3023 2965
3 3024 2966 3023
3 3075 2913 3024
3 3075 2968 2913
3 3077 2969 3025
3 3077 2970 2969
3 3078 3026 2970
3 2972 2866 3026
3 3079 2973 2972
3 3080 3027 2973
3 3081 2915 3027
3 3081 2974 2915
3 2975 3028 2974
3 3082 3029 2975
3 3083 2869 3029
3 3083 3030 2869
3 3084 2976 3030
3 3085 3031 2976
3 2920 2918 3031
3 3031 3032 2920
3 3086 2921 3032
3 3087 3033 2921
3 3088 2977 3033
3 3088 2978 2977
3 3089 3034 2978
3 3090 2979 3034
3 3090 3035 2979
3 3032 2980 3035
3 3032 3036 2980
3 3037 2825 3036
3 3091 2981 3037
3 3092 2982 2981
3 2926 2925 2927
3 3092 3038 2982
3 3093 2929 3038
3 3094 3039 2929
3 3040 2983 3039
3 3041 2875 3040
3 3042 2877 3041
3 3095 2985 3042
3 3096 3043 2985
3 3044 2930 3043
3 3097 2931 3044
3 3097 3045 2931
3 3098 2987 3045
3 3098 2988 2987
3 3046 2989 2988
3 2991 2990 2989
3 3046 2935 2991
3 3098 2993 3046
3 3098 3047 2993
3 3099 2937 3047
3 3100 2994 2937
3 3100 3048 2994
3 3101 2995 3048
3 3101 3049 2995
3 3051 2940 3050
3 3053 3000 2999
3 3052 2941 3000
3 3052 3001 2941
3 3053 2944 3052
3 3102 3003 3002
3 3103 3054 3003
3 3055 2945 3054
3 3104 3004 3055
3 3058 3007 3057
3 3059 2948 3058
3 3105 3008 3059
3 3105 3060 3008
3 3106 2903 3060
3 3106 3061 2903
3 3107 3009 3061
3 3062 3010 3009
3 3108 3011 3062
3 3109 3063 3011
3 3110 2950 3063
3 3110 3064 2950
3 3111 2951 3064
3 3110 3065 2951
3 3066 3013 3065
3 3066 3014 3013
3 3067 2952 3066
3 3112 3015 3067
3 3113 3016 3015
3 3113 3017 3016
3 3069 3068 3017
3 3069 2858 3068
3 3115 3070 2958
3 3116 3019 3070
3 3117 3071 3019
3 3072 2960 3071
3 3021 3020 3072
3 3118 3022 3021
3 3118 3073 3022
3 3119 2964 3073
3 3119 3074 2964
3 3120 3023 3074
3 3121 3024 3023
3 3122 3075 3024
3 3125 3077 3025
3 3078 2970 3077
3 3126 3026 3078
3 3079 2972 3026
3 3127 2973 3079
3 3127 3080 2973
3 3128 3027 3080
3 3128 3081 3027
3 3128 2974 3081
3 3129 2975 2974
3 3129 3082 2975
3 3130 3029 3082
3 3131 3083 3029
3 3084 3030 3083
3 3132 2976 3084
3 3132 3085 2976
3 3133 3031 3085
3 3133 3032 3031
3 3134 3086 3032
3 3086 3087 2921
3 3135 3033 3087
3 3136 3088 3033
3 3137 2978 3088
3 3137 3089 2978
3 3138 3034 3089
3 3138 3090 3034
3 3134 3035 3090
3 3134 3032 3035
3 3133 3036 3032
3 3133 3037 3036
3 3085 3091 3037
3 3084 2981 3091
3 3084 3092 2981
3 3139 3038 3092
3 3139 3093 3038
3 3094 2929 3093
3 3140 3039 3094
3 3140 3040 3039
3 2984 2983 3040
3 3141 3041 3040
3 3141 3042 3041
3 3142 3095 3042
3 3096 2985 3095
3 3143 3043 3096
3 3144 3044 3043
3 3145 3097 3044
3 3146 3045 3097
3 3147 3098 3045
3 3046 2988 3098
3 2991 2989 3046
3 3148 3047 3098
3 3148 3099 3047
3 3149 2937 3099
3 3149 3100 2937
3 3150 3048 3100
3 3150 3101 3048
3 3151 3049 3101
3 3152 3051 3050
3 3052 3000 3053
3 3103 3003 3102
3 3153 3054 3103
3 3153 3055 3054
3 3153 3104 3055
3 3154 3058 3057
3 3154 3059 3058
3 3155 3105 3059
3 3156 3060 3105
3 3157 3106 3060
3 3157 3061 3106
3 3157 3107 3061
3 3158 3009 3107
3 3159 3062 3009
3 3160 3108 3062
3 3109 3011 3108
3 3161 3063 3109
3 3161 3110 3063
3 3111 3064 3110
3 3110 2951 3111
3 3161 3065 3110
3 3161 3066 3065
3 3112 3067 3066
3 3162 3015 3112
3 3162 3113 3015
3 3163 3017 3113
3 3163 3069 3017
3 3165 2958 3114
3 3165 3115 2958
3 3166 3070 3115
3 3167 3116 3070
3 3117 3019 3116
3 3072 3071 3117
3 3168 3021 3072
3 3169 3118 3021
3 3170 3073 3118
3 3170 3119 3073
3 3171 3074 3119
3 3171 3120 3074
3 3121 3023 3120
3 3172 3024 3121
3 3172 3122 3024
3 3123 3075 3122
3 3151 3125 3076
3 3078 3077 3125
3 3173 3126 3078
3 3079 3026 3126
3 3174 3127 3079
3 3174 3080 3127
3 3175 3128 3080
3 3129 2974 3128
3 3128 3082 3129
3 3176 3130 3082
3 3131 3029 3130
3 3177 3083 3131
3 3092 3084 3083
3 3091 3132 3084
3 3037 3133 3085
3 3087 3086 3134
3 3134 3135 3087
3 3136 3033 3135
3 3089 3088 3136
3 3135 3138 3089
3 3134 3090 3138
3 3132 3091 3085
3 3083 3139 3092
3 3178 3093 3139
3 3142 3094 3093
3 3142 3140 3094
3 3141 3040 3140
3 3142 3042 3141
3 3096 3095 3142
3 3179 3143 3096
3 3144 3043 3143
3 3180 3044 3144
3 3180 3145 3044
3 3181 3097 3145
3 3181 3146 3097
3 3175 3045 3146
3 3174 3147 3045
3 3148 3098 3147
3 3149 3099 3148
3 3150 3100 3149
3 3182 3101 3150
3 3182 3151 3101
3 3076 3049 3151
3 3183 3152 3050
3 3184 3059 3154
3 3184 3155 3059
3 3156 3105 3155
3 3185 3060 3156
3 3185 3157 3060
3 3186 3107 3157
3 3187 3158 3107
3 3159 3009 3158
3 3188 3062 3159
3 3189 3160 3062
3 3190 3108 3160
3 3161 3109 3108
3 3191 3113 3162
3 3191 3163 3113
3 3193 3115 3165
3 3193 3166 3115
3 3167 3070 3166
3 3194 3116 3167
3 3195 3117 3116
3 3196 3072 3117
3 3196 3168 3072
3 3196 3021 3168
3 3196 3169 3021
3 3197 3118 3169
3 3198 3170 3118
3 3171 3119 3170
3 3199 3120 3171
3 3199 3121 3120
3 3199 3172 3121
3 3200 3122 3172
3 3200 3123 3122
3 3200 3124 3123
3 3202 3125 3151
3 3202 3078 3125
3 3182 3173 3078
3 3203 3126 3173
3 3203 3079 3126
3 3204 3174 3079
3 3045 3080 3174
3 3045 3175 3080
3 3205 3128 3175
3 3176 3082 3128
3 3206 3130 3176
3 3177 3131 3130
3 3207 3083 3177
3 3138 3135 3134
3 3089 3136 3135
3 3137 3088 3089
3 3207 3139 3083
3 3208 3178 3139
3 3209 3093 3178
3 3210 3142 3093
3 3141 3140 3142
3 3142 3179 3096
3 3211 3143 3179
3 3211 3144 3143
3 3212 3180 3144
3 3181 3145 3180
3 3206 3146 3181
3 3148 3147 3174
3 3213 3149 3148
3 3214 3150 3149
3 3214 3182 3150
3 3202 3151 3182
3 3215 3152 3183
3 3216 3184 3154
3 3217 3155 3184
3 3218 3156 3155
3 3218 3185 3156
3 3218 3157 3185
3 3218 3186 3157
3 3187 3107 3186
3 3219 3158 3187
3 3219 3159 3158
3 3220 3188 3159
3 3221 3062 3188
3 3222 3189 3062
3 3223 3160 3189
3 3224 3190 3160
3 3225 3161 3108
3 3226 3191 3162
3 3228 3164 3192
3 3230 3166 3193
3 3230 3167 3166
3 3230 3194 3167
3 3195 3116 3194
3 3196 3117 3195
3 3197 3169 3196
3 3198 3118 3197
3 3199 3170 3198
3 3198 3172 3199
3 3231 3200 3172
3 3232 3124 3200
3 3232 3201 3124
3 3182 3078 3202
3 3203 3173 3182
3 3204 3079 3203
3 3148 3174 3204
3 3146 3205 3175
3 3176 3128 3205
3 3205 3206 3176
3 3233 3130 3206
3 3233 3177 3130
3 3234 3207 3177
3 3235 3139 3207
3 3235 3208 3139
3 3236 3178 3208
3 3210 3209 3178
3 3210 3093 3209
3 3179 3142 3210
3 3237 3211 3179
3 3238 3144 3211
3 3238 3212 3144
3 3239 3180 3212
3 3240 3181 3180
3 3241 3206 3181
3 3205 3146 3206
3 3203 3213 3148
3 3214 3149 3213
3 3203 3182 3214
3 3242 3184 3216
3 3243 3217 3184
3 3244 3155 3217
3 3244 3218 3155
3 3245 3186 3218
3 3245 3187 3186
3 3246 3219 3187
3 3247 3159 3219
3 3247 3220 3159
3 3248 3188 3220
3 3248 3221 3188
3 3249 3062 3221
3 3250 3222 3062
3 3251 3189 3222
3 3252 3223 3189
3 3253 3160 3223
3 3254 3224 3160
3 3253 3192 3227
3 3253 3228 3192
3 3223 3164 3228
3 3257 3230 3193
3 3258 3194 3230
3 3259 3195 3194
3 3260 3196 3195
3 3261 3197 3196
3 3171 3170 3199
3 3197 3172 3198
3 3197 3231 3172
3 3262 3200 3231
3 3262 3232 3200
3 3263 3201 3232
3 3203 3148 3204
3 3265 3233 3206
3 3234 3177 3233
3 3266 3207 3234
3 3266 3235 3207
3 3267 3208 3235
3 3268 3236 3208
3 3210 3178 3236
3 3269 3179 3210
3 3269 3237 3179
3 3270 3211 3237
3 3271 3238 3211
3 3272 3212 3238
3 3273 3239 3212
3 3240 3180 3239
3 3239 3181 3240
3 3239 3241 3181
3 3274 3206 3241
3 3214 3213 3203
3 3276 3184 3242
3 3276 3243 3184
3 3277 3217 3243
3 3246 3244 3217
3 3245 3218 3244
3 3246 3187 3245
3 3277 3219 3246
3 3277 3247 3219
3 3243 3220 3247
3 3278 3248 3220
3 3250 3062 3249
3 3251 3222 3250
3 3279 3189 3251
3 3279 3252 3189
3 3280 3223 3252
3 3228 3253 3223
3 3227 3160 3253
3 3227 3254 3160
3 3280 3164 3223
3 3281 3255 3229
3 3257 3193 3256
3 3284 3230 3257
3 3284 3258 3230
3 3285 3194 3258
3 3285 3259 3194
3 3260 3195 3259
3 3261 3196 3260
3 3260 3197 3261
3 3260 3231 3197
3 3286 3262 3231
3 3287 3232 3262
3 3287 3263 3232
3 3288 3201 3263
3 3288 3264 3201
3 3274 3265 3206
3 3290 3233 3265
3 3290 3234 3233
3 3291 3266 3234
3 3292 3235 3266
3 3292 3267 3235
3 3293 3208 3267
3 3293 3268 3208
3 3294 3236 3268
3 3269 3210 3236
3 3295 3237 3269
3 3295 3270 3237
3 3271 3211 3270
3 3296 3238 3271
3 3296 3272 3238
3 3273 3212 3272
3 3241 3239 3273
3 3273 3274 3241
3 3278 3276 3242
3 3278 3243 3276
3 3247 3277 3243
3 3246 3217 3277
3 3245 3244 3246
3 3278 3220 3243
3 3298 3250 3249
3 3299 3251 3250
3 3300 3279 3251
3 3301 3252 3279
3 3302 3280 3252
3 3303 3164 3280
3 3304 3281 3229
3 3305 3255 3281
3 3257 3256 3283
3 3283 3284 3257
3 3307 3258 3284
3 3308 3285 3258
3 3309 3259 3285
3 3286 3260 3259
3 3286 3231 3260
3 3310 3262 3286
3 3309 3287 3262
3 3311 3263 3287
3 3311 3288 3263
3 3312 3264 3288
3 3312 3289 3264
3 3290 3265 3274
3 3291 3234 3290
3 3292 3266 3291
3 3314 3267 3292
3 3315 3293 3267
3 3316 3294 3268
3 3317 3236 3294
3 3295 3269 3236
3 3317 3270 3295
3 3318 3271 3270
3 3319 3296 3271
3 3320 3272 3296
3 3321 3273 3272
3 3321 3274 3273
3 3298 3249 3297
3 3324 3250 3298
3 3325 3299 3250
3 3326 3251 3299
3 3326 3300 3251
3 3301 3279 3300
3 3302 3252 3301
3 3327 3280 3302
3 3327 3303 3280
3 3328 3164 3303
3 3328 3304 3229
3 3329 3281 3304
3 3330 3305 3281
3 3330 3282 3305
3 3335 3284 3283
3 3335 3307 3284
3 3307 3308 3258
3 3309 3285 3308
3 3310 3259 3309
3 3310 3286 3259
3 3309 3262 3310
3 3311 3287 3309
3 3336 3288 3311
3 3336 3312 3288
3 3337 3289 3312
3 3337 3313 3289
3 3321 3290 3274
3 3338 3291 3290
3 3339 3292 3291
3 3339 3314 3292
3 3340 3267 3314
3 3340 3315 3267
3 3268 3293 3315
3 3315 3316 3268
3 3317 3294 3316
3 3295 3236 3317
3 3318 3270 3317
3 3341 3271 3318
3 3342 3319 3271
3 3320 3296 3319
3 3321 3272 3320
3 3298 3297 3323
3 3343 3324 3298
3 3344 3250 3324
3 3344 3325 3250
3 3345 3299 3325
3 3345 3326 3299
3 3346 3300 3326
3 3346 3301 3300
3 3347 3302 3301
3 3347 3327 3302
3 3348 3303 3327
3 3348 3328 3303
3 3164 3328 3229
3 3349 3304 3328
3 3349 3329 3304
3 3330 3281 3329
3 3331 3282 3330
3 3350 3306 3332
3 3350 3333 3306
3 3335 3283 3334
3 3311 3307 3335
3 3311 3308 3307
3 3311 3309 3308
3 3335 3336 3311
3 3334 3312 3336
3 3333 3337 3312
3 3351 3313 3337
3 3353 3290 3321
3 3353 3338 3290
3 3354 3291 3338
3 3354 3339 3291
3 3355 3314 3339
3 3356 3340 3314
3 3316 3315 3340
3 3318 3317 3316
3 3316 3341 3318
3 3342 3271 3341
3 3357 3319 3342
3 3358 3320 3319
3 3353 3321 3320
3 3323 3343 3298
3 3362 3324 3343
3 3362 3344 3324
3 3363 3325 3344
3 3363 3345 3325
3 3364 3326 3345
3 3365 3346 3326
3 3347 3301 3346
3 3348 3327 3347
3 3349 3328 3348
3 3366 3329 3349
3 3366 3330 3329
3 3367 3331 3330
3 3370 3350 3332
3 3371 3333 3350
3 3312 3334 3333
3 3336 3335 3334
3 3351 3337 3333
3 3372 3313 3351
3 3358 3338 3353
3 3378 3354 3338
3 3379 3339 3354
3 3379 3355 3339
3 3380 3314 3355
3 3380 3356 3314
3 3381 3340 3356
3 3381 3316 3340
3 3382 3341 3316
3 3383 3342 3341
3 3383 3357 3342
3 3384 3319 3357
3 3384 3358 3319
3 3353 3320 3358
3 3360 3322 3359
3 3343 3323 3361
3 3387 3362 3343
3 3388 3344 3362
3 3389 3363 3344
3 3390 3345 3363
3 3391 3364 3345
3 3365 3326 3364
3 3366 3346 3365
3 3366 3347 3346
3 3366 3348 3347
3 3366 3349 3348
3 3367 3330 3366
3 3368 3331 3367
3 3392 3332 3369
3 3392 3370 3332
3 3371 3350 3370
3 3393 3333 3371
3 3393 3351 3333
3 3393 3372 3351
3 3373 3313 3372
3 3394 3352 3373
3 3395 3374 3352
3 3378 3338 3358
3 3401 3354 3378
3 3401 3379 3354
3 3402 3355 3379
3 3403 3380 3355
3 3404 3356 3380
3 3405 3381 3356
3 3382 3316 3381
3 3406 3341 3382
3 3407 3383 3341
3 3408 3357 3383
3 3409 3384 3357
3 3410 3358 3384
3 3411 3360 3359
3 3343 3361 3386
3 3412 3387 3343
3 3388 3362 3387
3 3413 3390 3363
3 3391 3345 3390
3 3365 3364 3391
3 3391 3366 3365
3 3391 3367 3366
3 3414 3368 3367
3 3416 3392 3369
3 3417 3370 3392
3 3418 3371 3370
3 3419 3393 3371
3 3420 3372 3393
3 3420 3373 3372
3 3420 3394 3373
3 3395 3352 3394
3 3421 3374 3395
3 3423 3376 3375
3 3423 3396 3376
3 3427 3377 3400
3 3428 3378 3358
3 3428 3401 3378
3 3402 3379 3401
3 3403 3355 3402
3 3404 3380 3403
3 3429 3356 3404
3 3429 3405 3356
3 3430 3381 3405
3 3406 3382 3381
3 3407 3341 3406
3 3431 3383 3407
3 3432 3408 3383
3 3433 3357 3408
3 3433 3409 3357
3 3410 3384 3409
3 3434 3358 3410
3 3435 3411 3359
3 3436 3385 3411
3 3386 3412 3343
3 3437 3387 3412
3 3437 3388 3387
3 3438 3390 3413
3 3368 3391 3390
3 3414 3367 3391
3 3391 3368 3414
3 3390 3415 3368
3 3439 3416 3369
3 3440 3392 3416
3 3440 3417 3392
3 3418 3370 3417
3 3419 3371 3418
3 3441 3393 3419
3 3441 3420 3393
3 3442 3394 3420
3 3421 3395 3394
3 3439 3374 3421
3 3439 3422 3374
3 3444 3423 3375
3 3445 3396 3423
3 3398 3397 3425
3 3446 3399 3398
3 3447 3426 3399
3 3427 3400 3426
3 3448 3377 3427
3 3434 3428 3358
3 3449 3401 3428
3 3449 3402 3401
3 3450 3403 3402
3 3451 3404 3403
3 3451 3429 3404
3 3452 3405 3429
3 3453 3430 3405
3 3454 3381 3430
3 3431 3407 3406
3 3432 3383 3431
3 3455 3408 3432
3 3456 3433 3408
3 3457 3409 3433
3 3458 3410 3409
3 3458 3434 3410
3 3436 3411 3435
3 3460 3385 3436
3 3462 3437 3412
3 3415 3390 3438
3 3422 3439 3369
3 3463 3416 3439
3 3463 3440 3416
3 3464 3417 3440
3 3464 3418 3417
3 3465 3419 3418
3 3466 3441 3419
3 3442 3420 3441
3 3467 3394 3442
3 3467 3421 3394
3 3468 3439 3421
3 3444 3375 3443
3 3448 3423 3444
3 3469 3445 3423
3 3424 3396 3445
3 3445 3425 3424
3 3470 3398 3425
3 3470 3446 3398
3 3447 3399 3446
3 3427 3426 3447
3 3469 3448 3427
3 3449 3428 3434
3 3450 3402 3449
3 3471 3403 3450
3 3472 3451 3403
3 3452 3429 3451
3 3473 3405 3452
3 3473 3453 3405
3 3474 3430 3453
3 3474 3454 3430
3 3406 3381 3454
3 3454 3431 3406
3 3454 3432 3431
3 3475 3455 3432
3 3456 3408 3455
3 3457 3433 3456
3 3458 3409 3457
3 3449 3434 3458
3 3436 3435 3459
3 3459 3460 3436
3 3468 3463 3439
3 3464 3440 3463
3 3465 3418 3464
3 3466 3419 3465
3 3442 3441 3466
3 3482 3467 3442
3 3468 3421 3467
3 3444 3443 3448
3 3469 3423 3448
3 3483 3445 3469
3 3484 3425 3445
3 3484 3470 3425
3 3485 3446 3470
3 3485 3447 3446
3 3485 3427 3447
3 3485 3469 3427
3 3486 3450 3449
3 3487 3471 3450
3 3472 3403 3471
3 3488 3451 3472
3 3473 3452 3451
3 3489 3453 3473
3 3489 3474 3453
3 3490 3454 3474
3 3490 3432 3454
3 3491 3475 3432
3 3492 3455 3475
3 3493 3456 3455
3 3487 3457 3456
3 3486 3458 3457
3 3498 3463 3468
3 3498 3464 3463
3 3499 3465 3464
3 3482 3466 3465
3 3482 3442 3466
3 3498 3467 3482
3 3498 3468 3467
3 3485 3483 3469
3 3500 3445 3483
3 3500 3484 3445
3 3500 3470 3484
3 3500 3485 3470
3 3458 3486 3449
3 3486 3487 3450
3 3501 3471 3487
3 3488 3472 3471
3 3502 3451 3488
3 3503 3473 3451
3 3503 3489 3473
3 3490 3474 3489
3 3491 3432 3490
3 3504 3475 3491
3 3505 3492 3475
3 3493 3455 3492
3 3501 3456 3493
3 3501 3487 3456
3 3486 3457 3487
3 3506 3476 3494
3 3507 3477 3476
3 3479 3478 3477
3 3508 3495 3478
3 3509 3480 3479
3 3510 3496 3480
3 3497 3481 3496
3 3499 3464 3498
3 3482 3465 3499
3 3499 3498 3482
3 3500 3483 3485
3 3513 3471 3501
3 3513 3488 3471
3 3513 3502 3488
3 3514 3451 3502
3 3514 3503 3451
3 3515 3489 3503
3 3491 3490 3489
3 3489 3504 3491
3 3505 3475 3504
3 3516 3492 3505
3 3517 3493 3492
3 3513 3501 3493
3 3521 3506 3494
3 3522 3476 3506
3 3522 3507 3476
3 3523 3477 3507
3 3523 3479 3477
3 3508 3478 3479
3 3523 3509 3479
3 3524 3480 3509
3 3525 3510 3480
3 3497 3496 3510
3 3510 3511 3497
3 3517 3502 3513
3 3517 3514 3502
3 3527 3503 3514
3 3504 3489 3515
3 3527 3505 3504
3 3527 3516 3505
3 3517 3492 3516
3 3513 3493 3517
3 3521 3494 3520
3 3532 3506 3521
3 3532 3522 3506
3 3533 3507 3522
3 3524 3523 3507
3 3524 3509 3523
3 3525 3480 3524
3 3511 3510 3525
3 3534 3512 3511
3 3534 3526 3512
3 3516 3514 3517
3 3516 3527 3514
3 3515 3503 3527
3 3527 3504 3515
3 3536 3519 3528
3 3536 3529 3519
3 3538 3521 3520
3 3539 3532 3521
3 3533 3522 3532
3 3524 3507 3533
3 3540 3525 3524
3 3541 3511 3525
3 3541 3534 3511
3 3529 3526 3534
3 3529 3535 3526
3 3535 3529 3536
3 3534 3537 3529
3 3543 3531 3530
3 3538 3520 3531
3 3539 3521 3538
3 3533 3532 3539
3 3539 3524 3533
3 3544 3540 3524
3 3541 3525 3540
3 3542 3534 3541
3 3541 3530 3542
3 3541 3543 3530
3 3538 3531 3543
3 3544 3539 3538
3 3544 3524 3539
3 3541 3540 3544
3 3544 3543 3541
3 3544 3538 3543
3 1355 1380 1330
3 1330 1380 1374
3 1458 1527 1639
3 1458 1639 1450
3 1450 1639 1552
3 1450 1552 1528
3 1639 1527 1605
3 1443 1513 1478
3 1613 1724 1582
3 1582 1724 1583
3 1583 1724 1829
3 1583 1829 1794
3 1633 1714 1785
3 1633 1785 1819
3 1633 1819 1635
3 1785 1714 1716
3 1716 1714 1786
3 1716 1786 1752
3 3545 2502 2543
3 3546 2503 2544
3 3546 2545 2503
3 3546 2544 2590
3 3546 2590 2502
3 3547 2591 2545
3 3548 2546 2591
3 3549 2543 2641
3 3550 2642 2546
3 3551 2593 2644
3 3551 2645 2593
3 3551 2747 2645
3 3552 2692 2747
3 3553 2745 2789
3 3554 2790 2745
3 3555 2746 2790
3 3549 2641 2746
3 3550 2644 2642
3 3552 2791 2692
3 3556 2788 2889
3 3556 2890 2788
3 3553 2789 2891
3 3557 2892 2791
3 3558 2902 2852
3 3556 2891 2890
3 3559 2889 2997
3 3560 2998 2892
3 3558 2947 3005
3 3558 2852 2947
3 3561 2997 3051
3 3562 2999 2998
3 3562 3002 3053
3 3558 3005 3004
3 3563 2902 3056
3 3558 3006 2902
3 3564 3056 3006
3 3563 3057 2902
3 3562 3053 2999
3 3565 3102 3002
3 3558 3004 3104
3 3566 3051 3152
3 3567 3103 3102
3 3568 3153 3103
3 3569 3104 3153
3 3570 3154 3057
3 3571 3152 3215
3 3570 3216 3154
3 3572 3242 3216
3 3573 3221 3248
3 3573 3249 3221
3 3574 3248 3278
3 3575 3215 3275
3 3572 3278 3242
3 3573 3297 3249
3 3576 3275 3322
3 3573 3323 3297
3 3577 3322 3360
3 3578 3361 3323
3 3385 3360 3411
3 3578 3386 3361
3 3579 3412 3386
3 3580 3385 3460
3 3581 3462 3412
3 3582 3460 3459
3 3581 3461 3462
3 3583 3494 3476
3 3584 3476 3477
3 3585 3477 3478
3 3586 3478 3495
3 3587 3459 3518
3 3583 3520 3494
3 3519 3518 3528
3 3588 3519 3529
3 3589 3537 3534
3 3588 3529 3537
3 3590 3530 3531
3 3591 3531 3520
3 3589 3534 3542
3 3592 3542 3530
3 3549 3545 2543
3 3593 2502 3545
3 3547 2545 3546
3 3593 3546 2502
3 3594 2591 3547
3 3594 3548 2591
3 3595 2546 3548
3 3595 3550 2546
3 3596 3551 2644
3 3597 2747 3551
3 3597 3552 2747
3 3598 2745 3553
3 3598 3554 2745
3 3599 2790 3554
3 3599 3555 2790
3 3600 2746 3555
3 3600 3549 2746
3 3601 2644 3550
3 3557 2791 3552
3 3559 3556 2889
3 3602 3553 2891
3 3560 2892 3557
3 3602 2891 3556
3 3561 3559 2997
3 3603 2998 3560
3 3604 3561 3051
3 3603 3562 2998
3 3565 3002 3562
3 3605 3563 3056
3 3558 3564 3006
3 3605 3056 3564
3 3570 3057 3563
3 3606 3102 3565
3 3569 3558 3104
3 3607 3566 3152
3 3604 3051 3566
3 3608 3567 3102
3 3568 3103 3567
3 3569 3153 3568
3 3607 3152 3571
3 3572 3216 3570
3 3609 3573 3248
3 3572 3574 3278
3 3609 3248 3574
3 3571 3215 3575
3 3575 3275 3576
3 3578 3323 3573
3 3385 3577 3360
3 3576 3322 3577
3 3610 3386 3578
3 3610 3579 3386
3 3581 3412 3579
3 3582 3580 3460
3 3611 3385 3580
3 3587 3582 3459
3 3612 3461 3581
3 3613 3583 3476
3 3614 3584 3477
3 3613 3476 3584
3 3586 3585 3478
3 3614 3477 3585
3 3615 3586 3495
3 3519 3587 3518
3 3616 3520 3583
3 3587 3519 3588
3 3588 3537 3589
3 3591 3590 3531
3 3619 3530 3590
3 3616 3591 3520
3 3592 3589 3542
3 3619 3592 3530
3 3600 3545 3549
3 3620 3593 3545
3 3621 3547 3546
3 3621 3546 3593
3 3621 3594 3547
3 3622 3548 3594
3 3601 3595 3548
3 3601 3550 3595
3 3623 3596 2644
3 3624 3551 3596
3 3624 3597 3551
3 3625 3552 3597
3 3602 3598 3553
3 3626 3554 3598
3 3626 3599 3554
3 3627 3555 3599
3 3628 3600 3555
3 3623 2644 3601
3 3625 3557 3552
3 3629 3556 3559
3 3630 3560 3557
3 3631 3602 3556
3 3632 3559 3561
3 3633 3603 3560
3 3632 3561 3604
3 3606 3562 3603
3 3634 3563 3605
3 3635 3564 3558
3 3636 3605 3564
3 3637 3570 3563
3 3638 3102 3606
3 3639 3566 3607
3 3640 3604 3566
3 3638 3608 3102
3 3641 3567 3608
3 3642 3568 3567
3 3635 3569 3568
3 3643 3607 3571
3 3637 3572 3570
3 3644 3573 3609
3 3645 3574 3572
3 3645 3609 3574
3 3646 3571 3575
3 3646 3575 3576
3 3646 3577 3385
3 3646 3576 3577
3 3647 3610 3578
3 3648 3579 3610
3 3612 3581 3579
3 3649 3580 3582
3 3650 3611 3580
3 3646 3385 3611
3 3588 3582 3587
3 3651 3461 3612
3 3652 3583 3613
3 3653 3584 3614
3 3654 3613 3584
3 3614 3585 3586
3 3617 3615 3495
3 3655 3586 3615
3 3656 3616 3583
3 3658 3618 3461
3 3659 3588 3589
3 3660 3590 3591
3 3661 3619 3590
3 3662 3591 3616
3 3663 3589 3592
3 3663 3592 3619
3 3664 3545 3600
3 3664 3620 3545
3 3665 3593 3620
3 3665 3621 3593
3 3622 3594 3621
3 3666 3548 3622
3 3667 3601 3548
3 3668 3596 3623
3 3668 3624 3596
3 3669 3597 3624
3 3669 3625 3597
3 3670 3598 3602
3 3671 3626 3598
3 3627 3599 3626
3 3672 3555 3627
3 3672 3628 3555
3 3664 3600 3628
3 3668 3623 3601
3 3630 3557 3625
3 3632 3629 3559
3 3631 3556 3629
3 3633 3560 3630
3 3670 3602 3631
3 3673 3603 3633
3 3674 3632 3604
3 3565 3562 3606
3 3675 3634 3605
3 3637 3563 3634
3 3569 3635 3558
3 3636 3564 3635
3 3675 3605 3636
3 3673 3638 3606
3 3643 3639 3607
3 3676 3566 3639
3 3674 3604 3640
3 3677 3608 3638
3 3678 3641 3608
3 3642 3567 3641
3 3635 3568 3642
3 3679 3643 3571
3 3680 3572 3637
3 3645 3644 3609
3 3578 3573 3644
3 3681 3645 3572
3 3679 3571 3646
3 3682 3647 3578
3 3648 3610 3647
3 3612 3579 3648
3 3588 3649 3582
3 3683 3580 3649
3 3684 3650 3580
3 3685 3611 3650
3 3686 3646 3611
3 3682 3651 3612
3 3658 3461 3651
3 3654 3652 3613
3 3656 3583 3652
3 3586 3653 3614
3 3654 3584 3653
3 3655 3615 3617
3 3687 3586 3655
3 3688 3616 3656
3 3655 3617 3657
3 3657 3618 3658
3 3663 3659 3589
3 3689 3588 3659
3 3662 3660 3591
3 3660 3661 3590
3 3690 3619 3661
3 3691 3662 3616
3 3659 3663 3619
3 3692 3620 3664
3 3692 3665 3620
3 3666 3621 3665
3 3667 3548 3666
3 3693 3601 3667
3 3694 3624 3668
3 3694 3669 3624
3 3695 3625 3669
3 3671 3598 3670
3 3696 3626 3671
3 3697 3627 3626
3 3697 3672 3627
3 3698 3628 3672
3 3699 3664 3628
3 3694 3668 3601
3 3695 3630 3625
3 3674 3629 3632
3 3670 3631 3629
3 3700 3633 3630
3 3701 3673 3633
3 3606 3603 3673
3 3637 3634 3675
3 3702 3636 3635
3 3703 3675 3636
3 3677 3638 3673
3 3679 3639 3643
3 3704 3676 3639
3 3640 3566 3676
3 3705 3674 3640
3 3706 3608 3677
3 3706 3678 3608
3 3707 3641 3678
3 3708 3642 3641
3 3702 3635 3642
3 3675 3680 3637
3 3709 3572 3680
3 3653 3644 3645
3 3682 3578 3644
3 3709 3681 3572
3 3710 3645 3681
3 3639 3679 3646
3 3648 3647 3682
3 3683 3649 3588
3 3684 3580 3683
3 3711 3650 3684
3 3711 3685 3650
3 3686 3611 3685
3 3712 3646 3686
3 3648 3682 3612
3 3687 3651 3682
3 3655 3658 3651
3 3656 3652 3654
3 3713 3653 3586
3 3714 3654 3653
3 3713 3586 3687
3 3715 3688 3656
3 3691 3616 3688
3 3658 3655 3657
3 3716 3689 3659
3 3717 3588 3689
3 3718 3660 3662
3 3719 3661 3660
3 3720 3690 3661
3 3716 3619 3690
3 3721 3662 3691
3 3716 3659 3619
3 3699 3692 3664
3 3722 3665 3692
3 3722 3666 3665
3 3622 3621 3666
3 3693 3667 3666
3 3723 3601 3693
3 3724 3669 3694
3 3724 3695 3669
3 3696 3671 3670
3 3725 3626 3696
3 3726 3697 3626
3 3726 3672 3697
3 3726 3698 3672
3 3699 3628 3698
3 3727 3694 3601
3 3700 3630 3695
3 3728 3629 3674
3 3696 3670 3629
3 3729 3633 3700
3 3730 3701 3633
3 3706 3673 3701
3 3731 3636 3702
3 3731 3703 3636
3 3732 3675 3703
3 3712 3704 3639
3 3733 3676 3704
3 3733 3640 3676
3 3733 3705 3640
3 3734 3674 3705
3 3735 3678 3706
3 3736 3707 3678
3 3708 3641 3707
3 3702 3642 3708
3 3737 3680 3675
3 3738 3709 3680
3 3710 3653 3645
3 3713 3644 3653
3 3687 3682 3644
3 3710 3681 3709
3 3712 3639 3646
3 3717 3683 3588
3 3739 3684 3683
3 3740 3711 3684
3 3740 3685 3711
3 3704 3686 3685
3 3704 3712 3686
3 3655 3651 3687
3 3715 3656 3654
3 3710 3714 3653
3 3741 3654 3714
3 3644 3713 3687
3 3742 3688 3715
3 3721 3691 3688
3 3717 3689 3716
3 3721 3718 3662
3 3718 3719 3660
3 3719 3720 3661
3 3716 3690 3720
3 3743 3692 3699
3 3744 3722 3692
3 3745 3666 3722
3 3745 3693 3666
3 3746 3723 3693
3 3727 3601 3723
3 3727 3724 3694
3 3747 3695 3724
3 3728 3725 3696
3 3748 3626 3725
3 3749 3726 3626
3 3749 3698 3726
3 3750 3699 3698
3 3747 3700 3695
3 3696 3629 3728
3 3747 3729 3700
3 3751 3633 3729
3 3752 3730 3633
3 3706 3701 3730
3 3677 3673 3706
3 3753 3731 3702
3 3732 3703 3731
3 3737 3675 3732
3 3754 3733 3704
3 3755 3705 3733
3 3725 3674 3734
3 3730 3735 3706
3 3736 3678 3735
3 3708 3707 3736
3 3753 3702 3708
3 3756 3680 3737
3 3757 3738 3680
3 3758 3709 3738
3 3758 3710 3709
3 3759 3683 3717
3 3760 3739 3683
3 3761 3684 3739
3 3762 3740 3684
3 3763 3685 3740
3 3763 3704 3685
3 3741 3715 3654
3 3741 3714 3710
3 3764 3742 3715
3 3765 3688 3742
3 3765 3721 3688
3 3759 3717 3716
3 3766 3718 3721
3 3767 3719 3718
3 3768 3720 3719
3 3759 3716 3720
3 3750 3743 3699
3 3744 3692 3743
3 3769 3722 3744
3 3769 3693 3745
3 3770 3746 3693
3 3771 3723 3746
3 3724 3727 3723
3 3772 3747 3724
3 3705 3725 3728
3 3734 3748 3725
3 3749 3626 3748
3 3773 3698 3749
3 3774 3750 3698
3 3772 3729 3747
3 3775 3751 3729
3 3752 3633 3751
3 3776 3730 3752
3 3730 3731 3753
3 3777 3732 3731
3 3756 3737 3732
3 3778 3754 3704
3 3755 3733 3754
3 3734 3705 3755
3 3753 3735 3730
3 3753 3736 3735
3 3753 3708 3736
3 3779 3680 3756
3 3780 3757 3680
3 3781 3738 3757
3 3782 3758 3738
3 3782 3710 3758
3 3760 3683 3759
3 3768 3739 3760
3 3767 3761 3739
3 3762 3684 3761
3 3783 3740 3762
3 3783 3763 3740
3 3778 3704 3763
3 3784 3715 3741
3 3782 3741 3710
3 3784 3764 3715
3 3785 3742 3764
3 3785 3765 3742
3 3786 3721 3765
3 3786 3766 3721
3 3766 3767 3718
3 3767 3768 3719
3 3759 3720 3768
3 3744 3743 3750
3 3787 3769 3744
3 3745 3722 3769
3 3770 3693 3769
3 3788 3746 3770
3 3788 3771 3746
3 3772 3723 3771
3 3772 3724 3723
3 3789 3748 3734
3 3789 3749 3748
3 3790 3773 3749
3 3774 3698 3773
3 3791 3750 3774
3 3771 3729 3772
3 3792 3775 3729
3 3793 3751 3775
3 3794 3752 3751
3 3794 3776 3752
3 3731 3730 3776
3 3795 3777 3731
3 3756 3732 3777
3 3796 3754 3778
3 3797 3755 3754
3 3798 3734 3755
3 3799 3779 3756
3 3780 3680 3779
3 3800 3757 3780
3 3801 3781 3757
3 3802 3738 3781
3 3803 3782 3738
3 3768 3760 3759
3 3767 3739 3768
3 3766 3761 3767
3 3804 3762 3761
3 3805 3783 3762
3 3778 3763 3783
3 3806 3784 3741
3 3807 3741 3782
3 3808 3764 3784
3 3808 3785 3764
3 3786 3765 3785
3 3804 3766 3786
3 3809 3744 3750
3 3809 3787 3744
3 3788 3769 3787
3 3810 3771 3788
3 3798 3789 3734
3 3790 3749 3789
3 3811 3773 3790
3 3811 3774 3773
3 3812 3791 3774
3 3813 3750 3791
3 3810 3729 3771
3 3814 3792 3729
3 3815 3775 3792
3 3815 3793 3775
3 3816 3751 3793
3 3816 3794 3751
3 3817 3776 3794
3 3795 3731 3776
3 3756 3777 3795
3 3818 3796 3778
3 3797 3754 3796
3 3798 3755 3797
3 3795 3799 3756
3 3819 3779 3799
3 3819 3780 3779
3 3820 3800 3780
3 3801 3757 3800
3 3821 3781 3801
3 3821 3802 3781
3 3803 3738 3802
3 3822 3782 3803
3 3804 3761 3766
3 3823 3762 3804
3 3823 3805 3762
3 3824 3783 3805
3 3818 3778 3783
3 3825 3806 3741
3 3822 3784 3806
3 3806 3807 3782
3 3825 3741 3807
3 3826 3808 3784
3 3826 3785 3808
3 3827 3786 3785
3 3823 3804 3786
3 3828 3809 3750
3 3829 3787 3809
3 3830 3788 3787
3 3770 3769 3788
3 3830 3810 3788
3 3831 3789 3798
3 3811 3790 3789
3 3832 3774 3811
3 3833 3812 3774
3 3828 3791 3812
3 3834 3813 3791
3 3828 3750 3813
3 3814 3729 3810
3 3835 3792 3814
3 3836 3815 3792
3 3837 3793 3815
3 3838 3816 3793
3 3839 3794 3816
3 3839 3817 3794
3 3795 3776 3817
3 3840 3796 3818
3 3840 3797 3796
3 3841 3798 3797
3 3817 3799 3795
3 3842 3819 3799
3 3820 3780 3819
3 3843 3800 3820
3 3844 3801 3800
3 3845 3821 3801
3 3846 3802 3821
3 3846 3803 3802
3 3784 3822 3803
3 3806 3782 3822
3 3827 3805 3823
3 3847 3824 3805
3 3818 3783 3824
3 3807 3806 3825
3 3848 3826 3784
3 3847 3785 3826
3 3847 3827 3785
3 3823 3786 3827
3 3829 3809 3828
3 3833 3787 3829
3 3849 3830 3787
3 3814 3810 3830
3 3850 3789 3831
3 3850 3811 3789
3 3851 3832 3811
3 3852 3774 3832
3 3852 3833 3774
3 3828 3812 3833
3 3834 3791 3828
3 3828 3813 3834
3 3830 3835 3814
3 3836 3792 3835
3 3853 3815 3836
3 3853 3837 3815
3 3854 3793 3837
3 3854 3838 3793
3 3855 3816 3838
3 3855 3839 3816
3 3842 3817 3839
3 3824 3840 3818
3 3841 3797 3840
3 3831 3798 3841
3 3842 3799 3817
3 3856 3819 3842
3 3856 3820 3819
3 3856 3843 3820
3 3843 3844 3800
3 3844 3845 3801
3 3846 3821 3845
3 3784 3803 3846
3 3847 3805 3827
3 3857 3824 3847
3 3846 3848 3784
3 3858 3826 3848
3 3859 3847 3826
3 3833 3829 3828
3 3860 3787 3833
3 3860 3849 3787
3 3835 3830 3849
3 3841 3850 3831
3 3861 3811 3850
3 3862 3851 3811
3 3863 3832 3851
3 3864 3852 3832
3 3864 3833 3852
3 3865 3836 3835
3 3866 3853 3836
3 3867 3837 3853
3 3845 3854 3837
3 3844 3838 3854
3 3843 3855 3838
3 3868 3839 3855
3 3868 3842 3839
3 3862 3840 3824
3 3862 3841 3840
3 3868 3856 3842
3 3868 3843 3856
3 3838 3844 3843
3 3869 3846 3845
3 3851 3857 3847
3 3851 3824 3857
3 3869 3848 3846
3 3870 3858 3848
3 3859 3826 3858
3 3863 3847 3859
3 3864 3860 3833
3 3871 3849 3860
3 3865 3835 3849
3 3861 3850 3841
3 3862 3811 3861
3 3824 3851 3862
3 3847 3863 3851
3 3872 3832 3863
3 3873 3864 3832
3 3866 3836 3865
3 3867 3853 3866
3 3845 3837 3867
3 3844 3854 3845
3 3868 3855 3843
3 3861 3841 3862
3 3874 3869 3845
3 3870 3848 3869
3 3872 3858 3870
3 3872 3859 3858
3 3872 3863 3859
3 3871 3860 3864
3 3865 3849 3871
3 3873 3832 3872
3 3875 3864 3873
3 3875 3866 3865
3 3874 3867 3866
3 3874 3845 3867
3 3870 3869 3874
3 3873 3872 3870
3 3875 3865 3871
3 3870 3875 3873
3 3871 3864 3875
3 3874 3866 3875
3 3875 3870 3874
3 3876 2479 2380
3 3877 2663 2479
3 3877 2712 2663
3 3878 2770 2712
3 3879 2816 2770
3 3880 3877 2479
3 3878 2712 3877
3 3881 2812 2769
3 3882 2769 2813
3 3881 2811 2812
3 3883 2813 2863
3 3884 2814 2864
3 3883 2863 2814
3 3884 2864 2815
3 3885 2910 2811
3 3885 2961 2910
3 3885 2909 2961
3 3886 3881 2769
3 3883 3882 2813
3 3886 2769 3882
3 3887 2811 3881
3 3883 2814 3884
3 3887 3885 2811
3 3888 3882 3883
3 3888 3886 3882
3 3889 3888 3883
3 3890 3883 3884
3 3890 3889 3883
3 3891 3888 3889
3 3891 3889 3890
3 3892 3397 3398
3 3893 3425 3397
3 3894 3398 3399
3 3893 3396 3424
3 3893 3424 3425
3 3894 3892 3398
3 3893 3397 3892
3 3895 3894 3399
3 3896 2815 2967
3 3897 2959 2908
3 3898 2908 2960
3 3898 2960 2909
3 3896 2967 2968
3 3897 2958 2959
3 3899 2968 3075
3 3900 3114 2958
3 3901 3165 3114
3 3899 3075 3123
3 3901 3193 3165
3 3899 3123 3124
3 3902 3124 3201
3 3901 3256 3193
3 3903 3201 3264
3 3904 3283 3256
3 3903 3264 3289
3 3905 3289 3313
3 3906 3332 3306
3 3907 3306 3333
3 3907 3334 3283
3 3907 3333 3334
3 3906 3369 3332
3 3908 3313 3373
3 3909 3373 3352
3 3910 3352 3374
3 3911 3375 3376
3 3912 3376 3396
3 3913 3400 3377
3 3914 3374 3422
3 3915 3399 3426
3 3915 3426 3400
3 3916 3377 3448
3 3914 3422 3369
3 3917 3443 3375
3 3916 3448 3443
3 3918 3884 2815
3 3898 2909 3885
3 3919 3881 3886
3 3920 3887 3881
3 3920 3885 3887
3 3918 3890 3884
3 3921 3888 3891
3 3922 3891 3890
3 3923 3892 3894
3 3924 3893 3892
3 3915 3894 3895
3 3915 3895 3399
3 3925 2815 3896
3 3898 3897 2908
3 3926 3896 2968
3 3927 2958 3897
3 3926 2968 3899
3 3928 3900 2958
3 3901 3114 3900
3 3929 3899 3124
3 3903 3902 3201
3 3929 3124 3902
3 3904 3256 3901
3 3930 3283 3904
3 3905 3903 3289
3 3931 3905 3313
3 3907 3906 3306
3 3930 3907 3283
3 3932 3369 3906
3 3909 3908 3373
3 3933 3313 3908
3 3934 3909 3352
3 3914 3910 3374
3 3934 3352 3910
3 3912 3911 3376
3 3935 3375 3911
3 3893 3912 3396
3 3936 3913 3377
3 3915 3400 3913
3 3937 3377 3916
3 3938 3914 3369
3 3939 3917 3375
3 3916 3443 3917
3 3925 3918 2815
3 3940 3898 3885
3 3941 3881 3919
3 3941 3920 3881
3 3942 3885 3920
3 3943 3890 3918
3 3944 3921 3891
3 3943 3922 3890
3 3945 3891 3922
3 3915 3923 3894
3 3946 3892 3923
3 3946 3924 3892
3 3912 3893 3924
3 3947 3925 3896
3 3948 3897 3898
3 3947 3896 3926
3 3949 3927 3897
3 3928 2958 3927
3 3929 3926 3899
3 3927 3900 3928
3 3950 3901 3900
3 3951 3902 3903
3 3951 3929 3902
3 3950 3904 3901
3 3907 3930 3904
3 3952 3903 3905
3 3933 3931 3313
3 3953 3905 3931
3 3954 3906 3907
3 3955 3932 3906
3 3938 3369 3932
3 3933 3908 3909
3 3956 3909 3934
3 3957 3910 3914
3 3958 3934 3910
3 3959 3911 3912
3 3959 3935 3911
3 3939 3375 3935
3 3937 3936 3377
3 3960 3913 3936
3 3961 3915 3913
3 3962 3937 3916
3 3957 3914 3938
3 3957 3917 3939
3 3957 3916 3917
3 3963 3918 3925
3 3964 3940 3885
3 3965 3898 3940
3 3966 3920 3941
3 3966 3942 3920
3 3964 3885 3942
3 3967 3943 3918
3 3967 3922 3943
3 3968 3945 3922
3 3969 3891 3945
3 3961 3923 3915
3 3961 3946 3923
3 3970 3924 3946
3 3971 3912 3924
3 3963 3925 3947
3 3965 3948 3898
3 3949 3897 3948
3 3972 3947 3926
3 3973 3927 3949
3 3974 3926 3929
3 3973 3900 3927
3 3975 3950 3900
3 3952 3951 3903
3 3976 3929 3951
3 3975 3904 3950
3 3954 3907 3904
3 3977 3952 3905
3 3953 3931 3933
3 3977 3905 3953
3 3955 3906 3954
3 3978 3932 3955
3 3979 3938 3932
3 3977 3933 3909
3 3958 3956 3934
3 3980 3909 3956
3 3981 3910 3957
3 3982 3958 3910
3 3971 3959 3912
3 3983 3935 3959
3 3981 3939 3935
3 3960 3936 3937
3 3961 3913 3960
3 3938 3962 3916
3 3960 3937 3962
3 3916 3957 3938
3 3981 3957 3939
3 3984 3918 3963
3 3965 3940 3964
3 3985 3966 3941
3 3964 3942 3966
3 3986 3967 3918
3 3987 3922 3967
3 3987 3968 3922
3 3988 3946 3961
3 3988 3970 3946
3 3971 3924 3970
3 3972 3963 3947
3 3964 3948 3965
3 3989 3972 3926
3 3976 3974 3929
3 3989 3926 3974
3 3990 3900 3973
3 3990 3975 3900
3 3991 3951 3952
3 3991 3976 3951
3 3954 3904 3975
3 3992 3952 3977
3 3977 3953 3933
3 3993 3955 3954
3 3994 3978 3955
3 3995 3932 3978
3 3995 3979 3932
3 3996 3938 3979
3 3997 3977 3909
3 3980 3956 3958
3 3997 3909 3980
3 3998 3910 3981
3 3998 3982 3910
3 3999 3958 3982
3 3970 3959 3971
3 3982 3983 3959
3 3982 3935 3983
3 3982 3981 3935
3 4000 3961 3960
3 3996 3962 3938
3 3996 3960 3962
3 3972 3984 3963
3 3986 3918 3984
3 3964 3966 3985
3 4001 3967 3986
3 4002 3988 3961
3 4003 3970 3988
3 4004 3972 3989
3 3989 3974 3976
3 4005 3975 3990
3 4006 3991 3952
3 3989 3976 3991
3 4007 3954 3975
3 4008 3992 3977
3 4006 3952 3992
3 3994 3993 3954
3 4009 3955 3993
3 4009 3994 3955
3 4010 3978 3994
3 4011 3995 3978
3 4012 3979 3995
3 4012 3996 3979
3 4008 3977 3997
3 4013 3980 3958
3 4008 3997 3980
3 3982 3998 3981
3 3959 3999 3982
3 4013 3958 3999
3 4014 3959 3970
3 4015 4000 3960
3 4002 3961 4000
3 4015 3960 3996
3 4004 3984 3972
3 4016 3986 3984
3 4017 3967 4001
3 4003 3988 4002
3 4018 3970 4003
3 4019 4004 3989
3 4020 4005 3990
3 4007 3975 4005
3 4021 3991 4006
3 4022 3989 3991
3 3994 3954 4007
3 4021 3992 4008
3 4021 4006 3992
3 4009 3993 3994
3 4023 4010 3994
3 4011 3978 4010
3 4012 3995 4011
3 4015 3996 4012
3 4024 3980 4013
3 4025 4008 3980
3 4026 3999 3959
3 4027 4013 3999
3 4028 4014 3970
3 4026 3959 4014
3 4029 4000 4015
3 4030 4002 4000
3 4016 3984 4004
3 4001 3986 4016
3 4031 4017 4001
3 4032 4003 4002
3 4032 4018 4003
3 4028 3970 4018
3 4033 4019 3989
3 4016 4004 4019
3 4034 4020 3990
3 4007 4005 4020
3 4035 3991 4021
3 4036 4022 3991
3 4036 3989 4022
3 4037 3994 4007
3 4038 4021 4008
3 4039 4023 3994
3 4040 4010 4023
3 4040 4011 4010
3 4041 4012 4011
3 4041 4015 4012
3 4042 4024 4013
3 4025 3980 4024
3 4038 4008 4025
3 4027 3999 4026
3 4042 4013 4027
3 4026 4014 4028
3 4041 4029 4015
3 4043 4000 4029
3 4044 4001 4016
3 4028 4018 4032
3 4036 4033 3989
3 4044 4019 4033
3 4044 4016 4019
3 4045 4020 4034
3 4037 4007 4020
3 4046 4035 4021
3 4036 3991 4035
3 4039 3994 4037
3 4047 4021 4038
3 4045 4023 4039
3 4048 4040 4023
3 4049 4041 4011
3 4050 4024 4042
3 4051 4025 4024
3 4047 4038 4025
3 4052 4027 4026
3 4052 4042 4027
3 4052 4026 4028
3 4043 4029 4041
3 4030 4000 4043
3 4031 4001 4044
3 4053 4028 4032
3 4054 4033 4036
3 4048 4045 4034
3 4037 4020 4045
3 4056 4046 4021
3 4036 4035 4046
3 4045 4039 4037
3 4056 4021 4047
3 4048 4023 4045
3 4057 4050 4042
3 4050 4051 4024
3 4058 4025 4051
3 4058 4047 4025
3 4059 4042 4052
3 4059 4052 4028
3 4060 4028 4053
3 4046 4054 4036
3 4061 4033 4054
3 4048 4034 4055
3 4062 4046 4056
3 4063 4056 4047
3 4064 4057 4042
3 4051 4050 4057
3 4063 4058 4051
3 4063 4047 4058
3 4064 4042 4059
3 4060 4059 4028
3 4065 4060 4053
3 4062 4054 4046
3 4067 4061 4054
3 4063 4062 4056
3 4068 4057 4064
3 4069 4051 4057
3 4069 4063 4051
3 4065 4064 4059
3 4065 4059 4060
3 4067 4054 4062
3 4070 4061 4067
3 4071 4062 4063
3 4072 4068 4064
3 4073 4057 4068
3 4073 4069 4057
3 4071 4063 4069
3 4072 4064 4065
3 4076 4067 4062
3 4077 4062 4071
3 4078 4068 4072
3 4079 4073 4068
3 4080 4069 4073
3 4080 4071 4069
3 4075 4066 4074
3 4077 4076 4062
3 4075 4077 4071
3 4078 4079 4068
3 4080 4073 4079
3 4075 4071 4080
3 4082 4075 4074
3 4078 4081 4075
3 4082 4076 4077
3 4082 4077 4075
3 4075 4079 4078
3 4075 4080 4079
3 4083 4082 4074
3 4083 4076 4082
3 4084 1597 1520
3 4084 1629 1597
3 1629 1655 1682
3 1706 1707 1655
3 4085 1744 1706
3 4086 1774 1744
3 1750 1868 1751
3 4087 1855 1774
3 4087 1898 1855
3 4088 2046 1898
3 4088 2086 2046
3 4089 2138 2086
3 4090 2085 2198
3 4090 2199 2136
3 4091 2136 2137
3 4089 2137 2138
3 4090 2198 2199
3 4092 1629 4084
3 4092 1655 1629
3 4093 1706 1655
3 4093 4085 1706
3 4086 1744 4085
3 4087 1774 4086
3 4094 1898 4087
3 4095 4088 1898
3 4089 2086 4088
3 4091 4090 2136
3 4089 4091 2137
3 4096 4092 4084
3 4096 1655 4092
3 4096 4093 1655
3 4097 4085 4093
3 4098 4086 4085
3 4099 4087 4086
3 4100 4094 4087
3 4095 1898 4094
3 4101 4088 4095
3 4097 4093 4096
3 4097 4098 4085
3 4099 4086 4098
3 4099 4100 4087
3 4095 4094 4100
3 4100 4101 4095
3 4102 4088 4101
3 4103 4098 4097
3 4104 4099 4098
3 4105 4100 4099
3 4105 4101 4100
3 4105 4099 4104
3 4106 1943 2043
3 4106 2043 2044
3 4107 2085 4090
3 4108 4089 4088
3 4109 4090 4091
3 4108 4091 4089
3 4108 4088 4102
3 4110 4102 4101
3 4112 4107 4090
3 4111 2085 4107
3 4113 4109 4091
3 4112 4090 4109
3 4113 4091 4108
3 4110 4108 4102
3 4105 4110 4101
3 4115 4109 4113
3 4115 4112 4109
3 4116 4113 4108
3 4117 4108 4110
3 4114 4110 4105
3 4116 4115 4113
3 4118 4116 4108
3 4119 4117 4110
3 4118 4108 4117
3 4119 4110 4114
3 4118 4117 4119
3 4120 1308 1306
3 4121 1334 1317
3 4122 1349 1334
3 4123 1371 1349
3 4123 1362 1371
3 4123 1395 1362
3 4123 1407 1395
3 4124 1424 1407
3 4125 1425 1424
3 4125 1456 1425
3 1471 1485 1456
3 4126 1484 1470
3 4127 1470 1471
3 4128 1521 1484
3 4128 1520 1521
3 4132 4084 1520
3 4133 1750 1751
3 4134 4096 4084
3 4134 4097 4096
3 4135 4098 4103
3 4135 4103 4097
3 4135 4104 4098
3 4135 4105 4104
3 4136 4114 4105
3 4138 4121 1317
3 4122 1334 4121
3 4123 1349 4122
3 4124 1407 4123
3 4139 1424 4124
3 4139 4125 1424
3 4140 1456 4125
3 4140 1471 1456
3 4127 4126 1470
3 4141 1484 4126
3 4140 4127 1471
3 4141 4128 1484
3 4142 1520 4128
3 4133 1751 4129
3 4142 4132 1520
3 4142 4084 4132
3 4131 1750 4133
3 4143 4134 4084
3 4144 4097 4134
3 4144 4135 4097
3 4136 4105 4135
3 4145 4123 4122
3 4146 4124 4123
3 4146 4139 4124
3 4140 4125 4139
3 4147 4126 4127
3 4148 4141 4126
3 4149 4127 4140
3 4150 4128 4141
3 4151 4142 4128
3 4152 4129 4131
3 4152 4133 4129
3 4153 4084 4142
3 4152 4131 4133
3 1784 1750 4131
3 4153 4143 4084
3 4144 4134 4143
3 4154 4135 4144
3 4155 4123 4145
3 4156 4146 4123
3 4147 4139 4146
3 4149 4140 4139
3 4149 4147 4127
3 4157 4126 4147
3 4157 4148 4126
3 4158 4141 4148
3 4158 4150 4141
3 4159 4128 4150
3 4159 4151 4128
3 4153 4142 4151
3 4160 4143 4153
3 4161 4144 4143
3 4156 4123 4155
3 4147 4146 4156
3 4149 4139 4147
3 4156 4157 4147
3 4162 4148 4157
3 4162 4158 4148
3 4162 4150 4158
3 4160 4151 4159
3 4160 4153 4151
3 4163 4156 4155
3 4162 4157 4156
3 4164 4150 4162
3 4162 4156 4163
3 1784 4131 1867
3 1784 1867 1715
3 1690 1788 4130
3 4130 1788 1755
3 4166 1310 1308
3 4166 1317 1310
3 4166 1308 4120
3 4167 4120 4137
3 4168 4121 4138
3 4166 4138 1317
3 4169 4122 4121
3 4169 4145 4122
3 4169 4155 4145
3 4170 4159 4150
3 4171 4143 4160
3 4172 4160 4159
3 4173 4163 4155
3 4170 4150 4164
3 4174 4164 4162
3 4173 4162 4163
3 4175 4166 4120
3 4165 4167 4137
3 4175 4120 4167
3 4166 4168 4138
3 4176 4121 4168
3 4177 4169 4121
3 4178 4155 4169
3 4179 4159 4170
3 4180 4171 4160
3 4179 4172 4159
3 4181 4173 4155
3 4174 4170 4164
3 4173 4174 4162
3 4168 4166 4175
3 4175 4167 4165
3 4183 4176 4168
3 4177 4121 4176
3 4176 4169 4177
3 4184 4178 4169
3 4181 4155 4178
3 4185 4179 4170
3 4186 4173 4181
3 4185 4170 4174
3 4187 4174 4173
3 4188 4165 4182
3 4189 4175 4165
3 4175 4183 4168
3 4190 4176 4183
3 4184 4169 4176
3 4191 4178 4184
3 4192 4181 4178
3 4193 4179 4185
3 4192 4186 4181
3 4187 4173 4186
3 4187 4185 4174
3 4189 4165 4188
3 4195 4175 4189
3 4195 4183 4175
3 4196 4190 4183
3 4197 4176 4190
3 4197 4184 4176
3 4192 4178 4191
3 4198 4193 4185
3 4198 4186 4192
3 4198 4187 4186
3 4198 4185 4187
3 4199 4188 4194
3 4200 4189 4188
3 4196 4195 4189
3 4196 4183 4195
3 4201 4190 4196
3 4202 4197 4190
3 4203 4184 4197
3 4198 4192 4191
3 4204 4188 4199
3 4204 4200 4188
3 4196 4189 4200
3 4205 4201 4196
3 4202 4190 4201
3 4203 4197 4202
3 4208 4204 4199
3 4205 4200 4204
3 4205 4196 4200
3 4209 4201 4205
3 4210 4202 4201
3 4207 4208 4199
3 4205 4204 4208
3 4208 4209 4205
3 4213 4206 4211
3 4213 4212 4206
3 4214 4207 4212
3 4214 4208 4207
3 4216 1941 1897
3 4217 1939 1940
3 4218 1940 1941
3 4219 1897 1942
3 4220 1942 1988
3 4220 1988 1943
3 4219 4216 1897
3 4218 1941 4216
3 4218 4217 1940
3 4220 4219 1942
3 4221 1943 4106
3 4222 4112 4115
3 4223 4115 4116
3 4224 4116 4118
3 4224 4118 4119
3 4221 4220 1943
3 4226 4221 4106
3 4223 4222 4115
3 4224 4223 4116
3 4225 4224 4119
3 4227 4220 4221
3 4228 4222 4223
3 4229 4223 4224
3 4229 4228 4223
3 4230 4222 4228
3 4231 4221 4226
3 4231 4227 4221
3 4233 1743 1809
3 4234 1854 1810
3 4235 1893 1936
3 4235 1809 1893
3 4236 1853 1854
3 4236 1894 1853
3 4237 1810 1896
3 4236 1938 1894
3 4237 1896 1939
3 4238 1936 1937
3 4236 1937 1938
3 4237 1939 4217
3 4239 4216 4219
3 4239 4218 4216
3 4240 4217 4218
3 4239 4219 4220
3 4239 4220 4227
3 4241 4227 4231
3 4241 4231 4232
3 4242 4233 1809
3 4243 4234 1810
3 4236 1854 4234
3 4238 4235 1936
3 4244 1809 4235
3 4245 1810 4237
3 4236 4238 1937
3 4246 4237 4217
3 4240 4218 4239
3 4246 4217 4240
3 4241 4239 4227
3 4247 4241 4232
3 4244 4242 1809
3 4245 4243 1810
3 4245 4234 4243
3 4249 4236 4234
3 4236 4235 4238
3 4249 4244 4235
3 4250 4245 4237
3 4250 4237 4246
3 4251 4240 4239
3 4251 4246 4240
3 4252 4239 4241
3 4252 4241 4247
3 4253 4234 4245
3 4254 4249 4234
3 4235 4236 4249
3 4254 4244 4249
3 4253 4245 4250
3 4251 4250 4246
3 4252 4251 4239
3 4248 4252 4247
3 4255 4254 4234
3 4256 4253 4250
3 4257 4250 4251
3 4258 4251 4252
3 4259 4252 4248
3 4260 4255 4234
3 4257 4256 4250
3 4258 4257 4251
3 4259 4258 4252
3 4261 4257 4258
3 4261 4258 4259
3 4262 4234 4253
3 4262 4253 4256
3 4262 4260 4234
3 4262 4256 4257
3 4262 4257 4261
3 4263 4262 4261
3 4264 4244 4254
3 4264 4254 4255
3 4265 4255 4260
3 4266 4260 4262
3 4266 4262 4263
3 4265 4264 4255
3 4266 4265 4260
3 4267 4266 4263
3 4269 4265 4266
3 4268 4267 4263
3 4268 4266 4267
3 4268 4269 4266
3 4271 4209 4208
3 4272 4213 4211
3 4273 4212 4213
3 4273 4214 4212
3 4271 4208 4214
3 4270 4272 4211
3 4273 4213 4272
3 4271 4214 4273
3 4275 4272 4270
3 4276 4273 4272
3 4276 4272 4275
3 4277 4276 4275
3 4278 4276 4277
3 4280 4270 4274
3 4280 4275 4270
3 4281 4277 4275
3 4282 4278 4277
3 4283 4275 4280
3 4283 4281 4275
3 4282 4277 4281
3 4284 4280 4279
3 4285 4283 4280
3 4286 4281 4283
3 4286 4282 4281
3 4285 4280 4284
3 4287 4283 4285
3 4287 4286 4283
3 4289 4285 4284
3 4290 4287 4285
3 4290 4286 4287
3 4288 4289 4284
3 4290 4285 4289
3 4291 4286 4290
3 4293 4289 4288
3 4294 4290 4289
3 4292 4286 4291
3 4295 4293 4288
3 4296 4119 4114
3 4296 4114 4136
3 4297 4136 4135
3 4297 4135 4154
3 4298 4154 4144
3 4298 4144 4161
3 4299 4161 4143
3 4299 4143 4171
3 4300 4160 4172
3 4300 4171 4180
3 4300 4180 4160
3 4300 4172 4179
3 4301 4191 4184
3 4302 4179 4193
3 4303 4193 4198
3 4301 4184 4203
3 4303 4198 4191
3 4304 4203 4202
3 4305 4201 4209
3 4304 4202 4210
3 4305 4210 4201
3 4306 4224 4225
3 4306 4225 4119
3 4307 4229 4224
3 4308 4228 4229
3 4309 4230 4228
3 4310 4209 4271
3 4310 4271 4273
3 4310 4273 4276
3 4311 4276 4278
3 4312 4278 4282
3 4312 4282 4286
3 4313 4286 4292
3 4314 4119 4296
3 4297 4296 4136
3 4298 4297 4154
3 4315 4298 4161
3 4316 4161 4299
3 4317 4299 4171
3 4318 4171 4300
3 4302 4300 4179
3 4303 4191 4301
3 4319 4302 4193
3 4319 4193 4303
3 4304 4301 4203
3 4320 4305 4209
3 4305 4304 4210
3 4307 4224 4306
3 4314 4306 4119
3 4321 4229 4307
3 4322 4308 4229
3 4323 4228 4308
3 4323 4309 4228
3 4320 4209 4310
3 4324 4310 4276
3 4312 4311 4278
3 4324 4276 4311
3 4325 4312 4286
3 4325 4286 4313
3 4297 4314 4296
3 4327 4297 4298
3 4316 4315 4161
3 4327 4298 4315
3 4317 4316 4299
3 4328 4317 4171
3 4302 4318 4300
3 4328 4171 4318
3 4304 4303 4301
3 4329 4302 4319
3 4330 4319 4303
3 4304 4305 4320
3 4331 4307 4306
3 4332 4306 4314
3 4322 4321 4307
3 4322 4229 4321
3 4333 4308 4322
3 4334 4323 4308
3 4334 4309 4323
3 4335 4320 4310
3 4336 4310 4324
3 4337 4311 4312
3 4338 4324 4311
3 4337 4312 4325
3 4337 4325 4313
3 4340 4314 4297
3 4340 4297 4327
3 4327 4315 4316
3 4318 4316 4317
3 4318 4317 4328
3 4341 4318 4302
3 4330 4303 4304
3 4330 4329 4319
3 4342 4302 4329
3 4335 4304 4320
3 4332 4331 4306
3 4322 4307 4331
3 4343 4332 4314
3 4344 4333 4322
3 4334 4308 4333
3 4345 4335 4310
3 4338 4336 4324
3 4345 4310 4336
3 4338 4311 4337
3 4346 4337 4313
3 4348 4326 4339
3 4343 4314 4340
3 4349 4340 4327
3 4350 4327 4316
3 4351 4316 4318
3 4342 4341 4302
3 4352 4318 4341
3 4353 4330 4304
3 4354 4329 4330
3 4355 4342 4329
3 4356 4304 4335
3 4357 4331 4332
3 4357 4322 4331
3 4349 4332 4343
3 4357 4344 4322
3 4356 4335 4345
3 4358 4336 4338
3 4359 4345 4336
3 4346 4338 4337
3 4347 4346 4313
3 4361 4326 4348
3 4349 4343 4340
3 4350 4349 4327
3 4363 4350 4316
3 4352 4351 4318
3 4363 4316 4351
3 4355 4341 4342
3 4364 4352 4341
3 4365 4353 4304
3 4354 4330 4353
3 4355 4329 4354
3 4366 4304 4356
3 4367 4357 4332
3 4367 4332 4349
3 4359 4356 4345
3 4346 4358 4338
3 4368 4336 4358
3 4369 4359 4336
3 4358 4346 4347
3 4358 4347 4360
3 4370 4361 4348
3 4363 4349 4350
3 4371 4351 4352
3 4349 4363 4351
3 4364 4341 4355
3 4372 4352 4364
3 4373 4365 4304
3 4374 4353 4365
3 4374 4354 4353
3 4375 4355 4354
3 4359 4366 4356
3 4373 4304 4366
3 4376 4357 4367
3 4377 4367 4349
3 4378 4368 4358
3 4369 4336 4368
3 4379 4359 4369
3 4358 4360 4362
3 4380 4361 4370
3 4372 4371 4352
3 4383 4351 4371
3 4384 4349 4351
3 4385 4364 4355
3 4385 4372 4364
3 4379 4365 4373
3 4386 4374 4365
3 4386 4354 4374
3 4387 4375 4354
3 4385 4355 4375
3 4379 4366 4359
3 4377 4376 4367
3 4388 4377 4349
3 4382 4378 4358
3 4369 4368 4378
3 4386 4379 4369
3 4382 4358 4362
3 4389 4380 4370
3 4381 4361 4380
3 4385 4371 4372
3 4384 4383 4371
3 4384 4351 4383
3 4366 4379 4373
3 4386 4365 4379
3 4390 4354 4386
3 4391 4387 4354
3 4392 4375 4387
3 4392 4385 4375
3 4393 4376 4377
3 4384 4388 4349
3 4394 4378 4382
3 4394 4369 4378
3 4395 4386 4369
3 4396 4380 4389
3 4396 4381 4380
3 4326 4361 4381
3 4397 4382 4381
3 4392 4371 4385
3 4392 4384 4371
3 4395 4390 4386
3 4391 4354 4390
3 4395 4387 4391
3 4398 4392 4387
3 4388 4393 4377
3 4397 4388 4384
3 4399 4394 4382
3 4400 4369 4394
3 4400 4395 4369
3 4397 4396 4389
3 4397 4381 4396
3 4399 4382 4397
3 4401 4384 4392
3 4391 4390 4395
3 4400 4387 4395
3 4397 4398 4387
3 4401 4392 4398
3 4397 4393 4388
3 4400 4394 4399
3 4400 4399 4397
3 4397 4384 4401
3 4397 4387 4400
3 4401 4398 4397
3 4404 4291 4290
3 4405 4289 4293
3 4405 4294 4289
3 4406 4292 4291
3 4407 4293 4295
3 4406 4313 4292
3 4408 4347 4313
3 4408 4360 4347
3 4408 4362 4360
3 4407 4295 4403
3 4294 4404 4290
3 4406 4291 4404
3 4407 4405 4293
3 4404 4294 4405
3 4411 4313 4406
3 4412 4408 4313
3 4410 4402 4409
3 4410 4407 4403
3 4413 4406 4404
3 4414 4405 4407
3 4415 4404 4405
3 4416 4411 4406
3 4412 4313 4411
3 4417 4408 4412
3 4419 4407 4410
3 4415 4413 4404
3 4419 4414 4407
3 4415 4405 4414
3 4413 4416 4406
3 4417 4411 4416
3 4417 4412 4411
3 4416 4408 4417
3 4414 4413 4415
3 4420 4414 4419
3 4414 4416 4413
3 4418 4408 4416
3 4421 4416 4414
3 4422 4418 4416
3 4422 4416 4421
3 4425 4423 4215
3 4426 4424 4423
3 4427 1743 4233
3 4427 4233 4242
3 4428 4242 4244
3 4429 4244 4264
3 4430 4264 4265
3 4431 4269 4268
3 4428 4427 4242
3 4433 4428 4244
3 4434 4429 4264
3 4433 4244 4429
3 4269 4430 4265
3 4434 4264 4430
3 4432 4431 4268
3 4435 4269 4431
3 4436 4427 4428
3 4436 4428 4433
3 4433 4429 4434
3 4435 4430 4269
3 4437 4434 4430
3 4438 4436 4433
3 4439 4433 4434
3 4437 4430 4435
3 4439 4434 4437
3 4439 4438 4433
3 4440 4439 4437
3 4441 4438 4439
3 4440 4441 4439
3 4442 4423 4425
3 4442 4426 4423
3 4443 1808 1743
3 4443 1852 1808
3 4444 1891 1852
3 4445 1980 1933
3 4444 1933 1891
3 4446 2074 1980
3 4447 2123 2073
3 4448 2073 2074
3 4449 2178 2122
3 4450 2122 2123
3 4451 2234 2176
3 4451 2285 2234
3 4452 2177 2178
3 2176 2286 2177
3 4453 2381 2285
3 4454 2380 2381
3 4455 2479 3876
3 4456 3876 2380
3 4455 3880 2479
3 4457 1743 4427
3 4457 4427 4436
3 4458 4436 4438
3 4457 4443 1743
3 4444 1852 4443
3 4444 4445 1933
3 4459 1980 4445
3 4460 4446 1980
3 4460 2074 4446
3 4448 4447 2073
3 4450 2123 4447
3 4460 4448 2074
3 4461 4449 2122
3 4461 2122 4450
3 4462 4451 2176
3 4453 2285 4451
3 4449 4452 2178
3 4463 2177 4452
3 4463 2176 2177
3 4454 2381 4453
3 4464 2380 4454
3 4464 4456 2380
3 4458 4457 4436
3 4465 4443 4457
3 4466 4444 4443
3 4466 4445 4444
3 4467 4459 4445
3 4460 1980 4459
3 4459 4447 4448
3 4461 4450 4447
3 4459 4448 4460
3 4468 4449 4461
3 4463 4462 2176
3 4469 4451 4462
3 4464 4453 4451
3 4468 4452 4449
3 4470 4463 4452
3 4464 4454 4453
3 4471 4456 4464
3 4472 4457 4458
3 4473 4465 4457
3 4466 4443 4465
3 4467 4445 4466
3 4466 4459 4467
3 4474 4447 4459
3 4475 4461 4447
3 4476 4468 4461
3 4470 4462 4463
3 4477 4469 4462
3 4478 4451 4469
3 4478 4464 4451
3 4470 4452 4468
3 4479 4471 4464
3 4480 4457 4472
3 4480 4473 4457
3 4481 4465 4473
3 4481 4466 4465
3 4474 4459 4466
3 4475 4447 4474
3 4476 4461 4475
3 4482 4468 4476
3 4477 4462 4470
3 4483 4469 4477
3 4484 4478 4469
3 4485 4464 4478
3 4477 4470 4468
3 4485 4479 4464
3 4486 4473 4480
3 4466 4481 4473
3 4487 4474 4466
3 4488 4475 4474
3 4488 4476 4475
3 4489 4482 4476
3 4477 4468 4482
3 4482 4483 4477
3 4484 4469 4483
3 4490 4478 4484
3 4479 4485 4478
3 4491 4486 4480
3 4493 4473 4486
3 4487 4466 4473
3 4494 4474 4487
3 4494 4488 4474
3 4489 4476 4488
3 4495 4482 4489
3 4496 4483 4482
3 4497 4484 4483
3 4497 4490 4484
3 4493 4486 4491
3 4500 4473 4493
3 4494 4487 4473
3 4501 4488 4494
3 4501 4489 4488
3 4502 4495 4489
3 4496 4482 4495
3 4497 4483 4496
3 4498 4490 4497
3 4503 4492 4499
3 4504 4493 4491
3 4505 4500 4493
3 4506 4473 4500
3 4506 4494 4473
3 4506 4501 4494
3 4507 4489 4501
3 4508 4502 4489
3 4509 4495 4502
3 4509 4496 4495
3 4509 4497 4496
3 4509 4498 4497
3 4509 4499 4498
3 4509 4503 4499
3 4512 4492 4503
3 4510 4504 4491
3 4505 4493 4504
3 4513 4500 4505
3 4514 4506 4500
3 4514 4501 4506
3 4515 4507 4501
3 4508 4489 4507
3 4509 4502 4508
3 4508 4503 4509
3 4508 4512 4503
3 4517 4492 4512
3 4505 4504 4510
3 4517 4513 4505
3 4514 4500 4513
3 4517 4501 4514
3 4517 4515 4501
3 4508 4507 4515
3 4505 4511 4516
3 4515 4512 4508
3 4515 4517 4512
3 4516 4517 4505
3 4514 4513 4517
3 4518 750 781
3 4518 781 798
3 4518 798 807
3 4519 807 823
3 4519 823 838
3 4519 838 850
3 4520 850 856
3 4521 868 877
3 4520 856 868
3 4521 877 902
3 4521 902 915
3 4522 915 927
3 4522 927 941
3 4523 941 958
3 4523 958 976
3 4524 959 977
3 4523 976 959
3 4525 977 1009
3 4526 4518 807
3 4527 807 4519
3 4520 4519 850
3 4520 868 4521
3 4522 4521 915
3 4523 4522 941
3 4528 4524 977
3 4523 959 4524
3 4529 977 4525
3 4527 4526 807
3 4527 4518 4526
3 4520 4527 4519
3 4530 4520 4521
3 4531 4521 4522
3 4532 4522 4523
3 4529 4528 977
3 4533 4524 4528
3 4533 4523 4524
3 4528 4529 4525
3 4534 4527 4520
3 4534 4520 4530
3 4532 4531 4522
3 4535 4532 4523
3 4535 4533 4528
3 4535 4523 4533
3 4536 655 620
3 4537 529 676
3 4536 654 677
3 4538 677 529
3 4536 620 654
3 4539 676 720
3 4540 721 655
3 4540 736 721
3 4541 751 736
3 4539 720 750
3 4541 782 751
3 4542 773 782
3 4543 750 4518
3 4544 4518 4527
3 4545 4530 4521
3 4545 4521 4531
3 4546 4528 4525
3 4547 4527 4534
3 4545 4534 4530
3 4548 4531 4532
3 4548 4532 4535
3 4549 4535 4528
3 4540 655 4536
3 4539 4537 676
3 4538 529 4537
3 4538 4536 677
3 4541 736 4540
3 4550 4539 750
3 4544 4543 4518
3 4551 750 4543
3 4553 4544 4527
3 4548 4545 4531
3 4552 4546 4525
3 4554 4528 4546
3 4545 4547 4534
3 4555 4527 4547
3 4556 4548 4535
3 4554 4549 4528
3 4556 4535 4549
3 4557 4540 4536
3 4558 4537 4539
3 4559 4538 4537
3 4557 4536 4538
3 4551 4550 750
3 4560 4539 4550
3 4561 4543 4544
3 4562 4551 4543
3 4555 4553 4527
3 4555 4544 4553
3 4563 4545 4548
3 4564 4546 4552
3 4564 4554 4546
3 4565 4547 4545
3 4565 4555 4547
3 4566 4548 4556
3 4567 4549 4554
3 4568 4556 4549
3 4569 4540 4557
3 4560 4558 4539
3 4570 4537 4558
3 4570 4559 4537
3 4557 4538 4559
3 4572 4560 4550
3 4555 4561 4544
3 4573 4543 4561
3 4573 4562 4543
3 4550 4551 4562
3 4566 4563 4548
3 4565 4545 4563
3 4567 4554 4564
3 4563 4555 4565
3 4568 4566 4556
3 4568 4549 4567
3 4559 4569 4557
3 4571 4540 4569
3 4574 4558 4560
3 4575 4570 4558
3 4575 4559 4570
3 4562 4572 4550
3 4574 4560 4572
3 4576 4561 4555
3 4576 4573 4561
3 4577 4562 4573
3 4578 4563 4566
3 4579 4567 4564
3 4580 4555 4563
3 4581 4566 4568
3 4579 4568 4567
3 4575 4569 4559
3 4582 4558 4574
3 4577 4572 4562
3 4583 4574 4572
3 4580 4576 4555
3 4584 4573 4576
3 4572 4577 4573
3 4586 4578 4566
3 4587 4563 4578
3 4585 4579 4564
3 4587 4580 4563
3 4579 4581 4568
3 4588 4566 4581
3 4589 4569 4575
3 4583 4582 4574
3 4575 4558 4582
3 4590 4583 4572
3 4587 4576 4580
3 4572 4573 4584
3 4588 4586 4566
3 4592 4578 4586
3 4576 4587 4578
3 4593 4579 4585
3 4593 4581 4579
3 4593 4588 4581
3 4582 4589 4575
3 4584 4590 4572
3 4594 4583 4590
3 4593 4585 4591
3 4593 4586 4588
3 4593 4592 4586
3 4597 4578 4592
3 4597 4576 4578
3 4598 4595 4576
3 4599 4597 4592
3 4598 4576 4597
3 4599 4595 4598
3 4600 4592 4596
3 4600 4599 4592
3 4598 4597 4599
3 4601 4571 4569
3 4602 4584 4576
3 4603 4569 4589
3 4604 4582 4583
3 4604 4589 4582
3 4602 4590 4584
3 4605 4583 4594
3 4602 4594 4590
3 4602 4576 4595
3 4602 4595 4599
3 4607 4600 4596
3 4607 4599 4600
3 4608 4601 4569
3 4604 4603 4589
3 4609 4569 4603
3 4610 4604 4583
3 4602 4605 4594
3 4610 4583 4605
3 4607 4596 4606
3 4611 4602 4599
3 4612 4599 4607
3 4609 4608 4569
3 4611 4605 4602
3 4613 4610 4605
3 4614 4611 4599
3 4613 4605 4611
3 4615 4603 4604
3 4615 4609 4603
3 4615 4604 4610
3 4615 4608 4609
3 4616 4610 4613
3 4615 4610 4616
3 4617 4607 4606
3 4617 4599 4612
3 4617 4612 4607
3 4617 4611 4614
3 4617 4614 4599
3 4618 4613 4611
3 4618 4616 4613
3 4619 4611 4617
3 4619 4618 4611
3 4620 4618 4619
3 4621 4618 4620
3 4623 4618 4621
3 4625 4623 4621
3 4626 4623 4625
3 4627 4623 4626
3 4629 4628 4627
3 4630 4628 4629
3 664 596 595
3 4632 664 709
3 4633 709 743
3 4633 743 772
3 4633 772 773
3 4634 782 4541
3 4635 773 4542
3 4636 4542 782
3 4637 4541 4540
3 4637 4540 4571
3 4637 4571 4601
3 4638 4601 4608
3 4638 4608 4615
3 4639 4615 4616
3 4640 4616 4618
3 4640 4618 4623
3 4641 4623 4627
3 4642 4628 4630
3 4642 4630 4631
3 4643 596 664
3 4633 4632 709
3 4643 664 4632
3 4635 4633 773
3 4644 4634 4541
3 4636 782 4634
3 4645 4635 4542
3 4645 4542 4636
3 4644 4541 4637
3 4646 4637 4601
3 4646 4601 4638
3 4647 4638 4615
3 4648 4639 4616
3 4647 4615 4639
3 4648 4616 4640
3 4641 4640 4623
3 4628 4641 4627
3 4649 4628 4642
3 4635 4632 4633
3 4636 4634 4644
3 4650 4635 4645
3 4644 4645 4636
3 4651 4644 4637
3 4652 4637 4646
3 4647 4646 4638
3 4653 4639 4648
3 4653 4647 4639
3 4654 4640 4641
3 4655 4641 4628
3 4656 4649 4642
3 4655 4628 4649
3 4650 4632 4635
3 4657 4651 4637
3 4647 4652 4646
3 4657 4637 4652
3 4652 4647 4653
3 4655 4654 4641
3 4658 4640 4654
3 4659 4656 4642
3 4659 4649 4656
3 4659 4655 4649
3 4653 4657 4652
3 4659 4654 4655
3 4660 392 422
3 4661 421 451
3 4662 422 421
3 4661 451 509
3 4663 509 566
3 4663 566 596
3 4664 596 4643
3 4665 4643 4632
3 4666 4648 4640
3 4667 4650 4645
3 4651 4645 4644
3 4666 4653 4648
3 4665 4632 4650
3 4668 4651 4657
3 4666 4640 4658
3 4669 4658 4654
3 4666 4657 4653
3 4669 4654 4659
3 4662 4660 422
3 4670 421 4661
3 4671 4662 421
3 4663 4661 509
3 4664 4663 596
3 4672 4664 4643
3 4672 4643 4665
3 4673 4667 4645
3 4665 4650 4667
3 4674 4645 4651
3 4674 4668 4657
3 4674 4651 4668
3 4669 4666 4658
3 4675 4657 4666
3 4671 4660 4662
3 4676 4670 4661
3 4671 421 4670
3 4677 4661 4663
3 4678 4663 4664
3 4679 4664 4672
3 4679 4672 4665
3 4674 4673 4645
3 4680 4667 4673
3 4680 4665 4667
3 4673 4674 4657
3 4681 4666 4669
3 4673 4675 4666
3 4673 4657 4675
3 4682 4660 4671
3 4682 4670 4676
3 4678 4677 4663
3 4676 4661 4677
3 4677 4678 4664
3 4677 4664 4679
3 4684 4679 4665
3 4685 4680 4673
3 4686 4665 4680
3 4687 4681 4669
3 4673 4666 4681
3 4683 4660 4682
3 4688 4682 4676
3 4671 4670 4682
3 4688 4676 4677
3 4689 4685 4673
3 4690 4680 4685
3 4690 4686 4680
3 4691 4681 4687
3 4692 4673 4681
3 4688 4683 4682
3 4692 4689 4673
3 4690 4685 4689
3 4692 4681 4691
3 4691 4689 4692
3 4691 4690 4689
3 4693 176 203
3 4693 229 176
3 4694 174 257
3 4695 258 174
3 4696 203 259
3 4697 257 290
3 4695 259 258
3 4698 291 229
3 4697 290 339
3 4699 339 314
3 4700 367 291
3 4699 314 392
3 4700 423 367
3 4701 452 423
3 4702 4683 4688
3 4703 4693 203
3 4704 229 4693
3 4697 4694 257
3 4705 174 4694
3 4706 4695 174
3 4695 4696 259
3 4703 203 4696
3 4704 4698 229
3 4707 291 4698
3 4699 4697 339
3 4707 4700 291
3 4708 4699 392
3 4701 423 4700
3 4709 4693 4703
3 4709 4704 4693
3 4710 4694 4697
3 4711 4705 4694
3 4712 174 4705
3 4712 4706 174
3 4703 4695 4706
3 4713 4698 4704
3 4713 4707 4698
3 4710 4697 4699
3 4701 4700 4707
3 4714 4699 4708
3 4711 4694 4710
3 4715 4705 4711
3 4715 4712 4705
3 4716 4706 4712
3 4717 4703 4706
3 4696 4695 4703
3 4718 4713 4704
3 4719 4707 4713
3 4710 4699 4714
3 4714 4711 4710
3 4720 4715 4711
3 4716 4712 4715
3 4717 4706 4716
3 4721 4703 4717
3 4719 4713 4718
3 4720 4711 4714
3 4723 4716 4715
3 4723 4717 4716
3 4723 4721 4717
3 4722 4719 4718
3 4724 392 4660
3 4725 4677 4679
3 4726 4679 4684
3 4727 4684 4665
3 4727 4665 4686
3 4728 4660 4683
3 4729 4688 4677
3 4727 4686 4690
3 4728 4683 4702
3 4729 4702 4688
3 4724 4708 392
3 4730 4709 4703
3 4731 4704 4709
3 4732 4714 4708
3 4731 4718 4704
3 4733 4715 4720
3 4734 4703 4721
3 4735 4720 4714
3 4736 4721 4723
3 4737 4719 4722
3 4731 4722 4718
3 4728 4724 4660
3 4726 4725 4679
3 4738 4677 4725
3 4727 4726 4684
3 4738 4729 4677
3 4739 4727 4690
3 4740 4728 4702
3 4740 4702 4729
3 4741 4708 4724
3 4734 4730 4703
3 4731 4709 4730
3 4742 4732 4708
3 4735 4714 4732
3 4735 4733 4720
3 4723 4715 4733
3 4736 4734 4721
3 4733 4736 4723
3 4731 4737 4722
3 4741 4724 4728
3 4738 4725 4726
3 4743 4729 4738
3 4743 4728 4740
3 4744 4708 4741
3 4745 4730 4734
3 4745 4731 4730
3 4744 4742 4708
3 4746 4732 4742
3 4747 4735 4732
3 4748 4733 4735
3 4748 4734 4736
3 4749 4737 4731
3 4751 4741 4728
3 4752 4738 4726
3 4752 4743 4738
3 4740 4729 4743
3 4753 4728 4743
3 4751 4744 4741
3 4754 4745 4734
3 4749 4731 4745
3 4755 4742 4744
3 4755 4746 4742
3 4756 4732 4746
3 4757 4747 4732
3 4758 4735 4747
3 4736 4733 4748
3 4754 4734 4748
3 4750 4737 4749
3 4760 4751 4728
3 4761 4743 4752
3 4762 4753 4743
3 4760 4728 4753
3 4755 4744 4751
3 4749 4745 4754
3 4760 4746 4755
3 4760 4756 4746
3 4763 4732 4756
3 4763 4757 4732
3 4758 4747 4757
3 4748 4735 4758
3 4758 4754 4748
3 4749 4759 4750
3 4755 4751 4760
3 4760 4753 4762
3 4764 4749 4754
3 4763 4756 4760
3 4765 4758 4757
3 4764 4754 4758
3 4766 4759 4749
3 4763 4760 4762
3 4766 4749 4764
3 4764 4758 4765
3 4765 4759 4766
3 4765 4766 4764
3 4767 4215 4423
3 4768 4423 4424
3 4624 4622 4215
3 4772 4642 4631
3 4773 4659 4642
3 4773 4669 4659
3 4774 4687 4669
3 4775 4691 4687
3 4775 4690 4691
3 4768 4767 4423
3 4776 4215 4767
3 4777 4624 4215
3 4779 4642 4772
3 4774 4669 4773
3 4775 4687 4774
3 4776 4767 4768
3 4780 4215 4776
3 4781 4777 4215
3 4781 4624 4777
3 4782 4778 4624
3 4783 4769 4778
3 4784 4770 4769
3 4785 4771 4770
3 4786 4776 4768
3 4787 4780 4776
3 4781 4215 4780
3 4788 4624 4781
3 4788 4782 4624
3 4783 4778 4782
3 4784 4769 4783
3 4789 4770 4784
3 4789 4785 4770
3 4772 4771 4785
3 4790 4776 4786
3 4790 4787 4776
3 4781 4780 4787
3 4787 4788 4781
3 4791 4782 4788
3 4791 4783 4782
3 4791 4784 4783
3 4792 4789 4784
3 4792 4785 4789
3 4788 4787 4790
3 4792 4791 4788
3 4792 4784 4791
3 4793 4785 4792
3 4794 4792 4788
3 4794 4793 4792
3 4795 4642 4779
3 4795 4779 4772
3 4796 4772 4785
3 4797 4790 4786
3 4798 4788 4790
3 4799 4785 4793
3 4800 4794 4788
3 4800 4793 4794
3 4796 4795 4772
3 4802 4796 4785
3 4798 4790 4797
3 4803 4788 4798
3 4804 4799 4793
3 4802 4785 4799
3 4805 4800 4788
3 4806 4793 4800
3 4807 4801 4795
3 4802 4795 4796
3 4808 4798 4797
3 4808 4803 4798
3 4805 4788 4803
3 4806 4804 4793
3 4802 4799 4804
3 4806 4800 4805
3 4802 4807 4795
3 4809 4803 4808
3 4810 4805 4803
3 4811 4804 4806
3 4812 4802 4804
3 4810 4806 4805
3 4810 4803 4809
3 4810 4811 4806
3 4813 4804 4811
3 4813 4812 4804
3 4814 4810 4809
3 4814 4811 4810
3 4815 4813 4811
3 4816 4808 4797
3 4816 4809 4808
3 4816 4814 4809
3 4817 4726 4727
3 4817 4727 4739
3 4817 4739 4690
3 4818 4752 4726
3 4818 4761 4752
3 4819 4773 4642
3 4817 4690 4775
3 4819 4774 4773
3 4819 4775 4774
3 4819 4642 4801
3 4819 4801 4807
3 4819 4807 4802
3 4820 4802 4812
3 4820 4812 4813
3 4821 4811 4814
3 4822 4813 4815
3 4823 4815 4811
3 4824 4814 4816
3 4825 4726 4817
3 4825 4818 4726
3 4826 4775 4819
3 4827 4819 4802
3 4828 4802 4820
3 4828 4820 4813
3 4824 4821 4814
3 4823 4811 4821
3 4823 4822 4815
3 4827 4826 4819
3 4830 4775 4826
3 4828 4827 4802
3 4822 4828 4813
3 4830 4829 4775
3 4830 4826 4827
3 4823 4827 4828
3 4823 4828 4822
3 4823 4830 4827
3 4831 4743 4761
3 4831 4762 4743
3 4832 4757 4763
3 4831 4763 4762
3 4833 4759 4765
3 4831 4761 4818
3 4834 4817 4775
3 4835 4825 4817
3 4835 4818 4825
3 4836 4823 4821
3 4837 4829 4830
3 4834 4775 4829
3 4836 4830 4823
3 4839 4832 4763
3 4840 4757 4832
3 4839 4763 4831
3 4841 4833 4765
3 4838 4759 4833
3 4842 4831 4818
3 4835 4817 4834
3 4842 4818 4835
3 4836 4837 4830
3 4843 4829 4837
3 4843 4834 4829
3 4765 4757 4840
3 4840 4841 4765
3 4844 4831 4842
3 4845 4835 4834
3 4846 4842 4835
3 4847 4837 4836
3 4834 4843 4837
3 4847 4845 4834
3 4848 4835 4845
3 4848 4846 4835
3 4834 4837 4847
3 4849 4845 4847
3 4848 4845 4849
3 4851 4832 4839
3 4851 4840 4832
3 4852 4839 4831
3 4853 4833 4841
3 4850 4759 4838
3 4853 4838 4833
3 4851 4841 4840
3 4852 4831 4844
3 4854 4844 4842
3 4854 4842 4846
3 4854 4846 4848
3 4855 4851 4839
3 4855 4839 4852
3 4856 4853 4841
3 4853 4850 4838
3 4854 4852 4844
3 4857 4851 4855
3 4850 4853 4856
3 4858 4821 4824
3 4858 4836 4821
3 4859 4847 4836
3 4859 4849 4847
3 4860 4848 4849
3 4861 4854 4848
3 4862 4836 4858
3 4862 4859 4836
3 4862 4849 4859
3 4862 4860 4849
3 4861 4848 4860
3 4863 4852 4854
3 4864 4851 4857
3 4864 4857 4855
3 4863 4854 4861
3 4865 4860 4862
3 4865 4861 4860
3 4865 4863 4861
3 4866 4863 4865
3 4867 4284 4279
3 4868 4288 4284
3 4869 4295 4288
3 4869 4403 4295
3 4869 4402 4410
3 4869 4410 4403
3 4868 4284 4867
3 4870 4288 4868
3 4871 4869 4288
3 4872 4402 4869
3 4870 4868 4867
3 4873 4288 4870
3 4874 4871 4288
3 4872 4869 4871
3 4875 4870 4867
3 4876 4873 4870
3 4874 4288 4873
3 4877 4871 4874
3 4875 4876 4870
3 4874 4873 4876
3 4876 4877 4874
3 4879 4409 4402
3 4881 4768 4424
3 4882 4786 4768
3 4882 4797 4786
3 4883 4816 4797
3 4884 4824 4816
3 4885 4858 4824
3 4886 4872 4871
3 4887 4871 4877
3 4888 4876 4875
3 4889 4877 4876
3 4872 4879 4402
3 4879 4880 4409
3 4890 4768 4881
3 4891 4882 4768
3 4892 4797 4882
3 4892 4883 4797
3 4884 4816 4883
3 4885 4824 4884
3 4893 4858 4885
3 4887 4886 4871
3 4879 4872 4886
3 4889 4887 4877
3 4878 4888 4875
3 4889 4876 4888
3 4896 4880 4879
3 4899 4890 4881
3 4891 4768 4890
3 4900 4882 4891
3 4901 4892 4882
3 4902 4883 4892
3 4903 4884 4883
3 4904 4885 4884
3 4905 4893 4885
3 4905 4858 4893
3 4906 4894 4858
3 4907 4886 4887
3 4908 4879 4886
3 4909 4887 4889
3 4895 4888 4878
3 4909 4889 4888
3 4908 4896 4879
3 4898 4899 4881
3 4911 4890 4899
3 4900 4891 4890
3 4901 4882 4900
3 4902 4892 4901
3 4903 4883 4902
3 4904 4884 4903
3 4905 4885 4904
3 4912 4858 4905
3 4912 4906 4858
3 4912 4894 4906
3 4914 4907 4887
3 4908 4886 4907
3 4915 4887 4909
3 4909 4888 4895
3 4918 4896 4908
3 4918 4897 4896
3 4921 4899 4898
3 4922 4911 4899
3 4900 4890 4911
3 4923 4901 4900
3 4924 4902 4901
3 4925 4903 4902
3 4926 4904 4903
3 4927 4905 4904
3 4913 4912 4905
3 4913 4894 4912
3 4915 4914 4887
3 4929 4907 4914
3 4929 4908 4907
3 4930 4915 4909
3 4916 4909 4895
3 4929 4918 4908
3 4931 4897 4918
3 4931 4910 4897
3 4931 4919 4910
3 4921 4898 4920
3 4922 4899 4921
3 4936 4911 4922
3 4936 4900 4911
3 4936 4923 4900
3 4924 4901 4923
3 4925 4902 4924
3 4926 4903 4925
3 4927 4904 4926
3 4937 4905 4927
3 4928 4913 4905
3 4930 4914 4915
3 4938 4929 4914
3 4916 4930 4909
3 4939 4916 4917
3 4940 4918 4929
3 4940 4931 4918
3 4941 4919 4931
3 4942 4932 4919
3 4921 4920 4934
3 4943 4922 4921
3 4944 4936 4922
3 4944 4923 4936
3 4945 4924 4923
3 4945 4925 4924
3 4946 4926 4925
3 4946 4927 4926
3 4947 4937 4927
3 4928 4905 4937
3 4948 4914 4930
3 4949 4938 4914
3 4940 4929 4938
3 4950 4930 4916
3 4951 4939 4917
3 4950 4916 4939
3 4941 4931 4940
3 4942 4919 4941
3 4933 4932 4942
3 4943 4934 4935
3 4943 4921 4934
3 4952 4935 4933
3 4953 4922 4943
3 4953 4944 4922
3 4945 4923 4944
3 4946 4925 4945
3 4947 4927 4946
3 4950 4948 4930
3 4948 4949 4914
3 4940 4938 4949
3 4954 4951 4917
3 4955 4939 4951
3 4948 4950 4939
3 4957 4941 4940
3 4958 4942 4941
3 4952 4933 4942
3 4952 4943 4935
3 4959 4953 4943
3 4960 4944 4953
3 4961 4945 4944
3 4961 4946 4945
3 4961 4947 4946
3 4962 4949 4948
3 4957 4940 4949
3 4956 4954 4917
3 4963 4951 4954
3 4964 4955 4951
3 4948 4939 4955
3 4962 4941 4957
3 4964 4958 4941
3 4952 4942 4958
3 4959 4943 4952
3 4958 4953 4959
3 4966 4960 4953
3 4967 4944 4960
3 4967 4961 4944
3 4964 4962 4948
3 4957 4949 4962
3 4963 4954 4956
3 4968 4951 4963
3 4969 4964 4951
3 4948 4955 4964
3 4964 4941 4962
3 4969 4958 4964
3 4959 4952 4958
3 4972 4953 4958
3 4972 4966 4953
3 4967 4960 4966
3 4973 4961 4967
3 4971 4963 4956
3 4971 4968 4963
3 4974 4951 4968
3 4974 4969 4951
3 4971 4965 4970
3 4974 4958 4969
3 4975 4972 4958
3 4975 4966 4972
3 4970 4968 4971
3 4976 4974 4968
3 4975 4958 4974
3 4975 4974 4976
3 4977 4194 4188
3 4207 4199 4194
3 4978 4211 4206
3 4207 4206 4212
3 4978 4270 4211
3 4979 4274 4270
3 4979 4280 4274
3 4979 4279 4280
3 4980 4867 4279
3 4981 4875 4867
3 4981 4878 4875
3 4982 4895 4878
3 4983 4916 4895
3 4983 4917 4916
3 4984 4194 4977
3 4984 4207 4194
3 4985 4978 4206
3 4984 4206 4207
3 4986 4270 4978
3 4987 4979 4270
3 4980 4279 4979
3 4988 4867 4980
3 4988 4981 4867
3 4989 4878 4981
3 4990 4982 4878
3 4983 4895 4982
3 4991 4917 4983
3 4984 4985 4206
3 4986 4978 4985
3 4987 4270 4986
3 4992 4979 4987
3 4992 4988 4980
3 4989 4981 4988
3 4993 4878 4989
3 4993 4990 4878
3 4983 4982 4990
3 4994 4991 4983
3 4995 4917 4991
3 4996 4985 4984
3 4996 4986 4985
3 4992 4987 4986
3 4980 4979 4992
3 4997 4988 4992
3 4998 4989 4988
3 4998 4993 4989
3 4983 4990 4993
3 4999 4994 4983
3 5000 4986 4996
3 5000 4992 4986
3 5000 4997 4992
3 5001 4993 4998
3 4999 4983 4993
3 5002 4994 4999
3 5003 5000 4996
3 5002 4993 5001
3 5002 4999 4993
3 5004 4841 4851
3 5004 4856 4841
3 5005 4855 4852
3 5006 4862 4858
3 5005 4852 4863
3 5007 4851 4864
3 5005 4864 4855
3 5006 4865 4862
3 5008 4863 4866
3 5006 4866 4865
3 5009 4858 4894
3 5010 4894 4913
3 4928 4937 4947
3 5011 4947 4961
3 5012 4967 4966
3 5012 4961 4973
3 5012 4973 4967
3 5013 4970 4965
3 5012 4966 4975
3 5013 4968 4970
3 5013 4976 4968
3 5012 4975 4976
3 5007 5004 4851
3 5014 5006 4858
3 5008 5005 4863
3 5015 5007 4864
3 5015 4864 5005
3 5016 5008 4866
3 5016 4866 5006
3 5010 5009 4894
3 5014 4858 5009
3 4928 5010 4913
3 5017 4928 4947
3 5012 5011 4961
3 5018 4947 5011
3 5012 4976 5013
3 5016 5006 5014
3 5015 5005 5008
3 5019 5007 5015
3 5020 5008 5016
3 5021 5009 5010
3 5022 5014 5009
3 5021 5010 4928
3 5018 5017 4947
3 5021 4928 5017
3 5013 5011 5012
3 5017 5018 5011
3 5022 5016 5014
3 5024 5015 5008
3 5024 5019 5015
3 5023 5007 5019
3 5025 5020 5016
3 5025 5008 5020
3 5026 5009 5021
3 5027 5022 5009
3 5028 5021 5017
3 5029 5011 5013
3 5030 5017 5011
3 5031 5016 5022
3 5025 5024 5008
3 5023 5019 5024
3 5032 5025 5016
3 5028 5026 5021
3 5027 5009 5026
3 5031 5022 5027
3 5030 5028 5017
3 5033 5030 5011
3 5034 5016 5031
3 5032 5024 5025
3 5035 5026 5028
3 5035 5027 5026
3 5035 5031 5027
3 5036 5028 5030
3 5036 5033 5011
3 5036 5030 5033
3 5037 5034 5031
3 5037 5035 5028
3 5037 5031 5035
3 5037 5028 5036
3 5038 481 452
3 5039 487 541
3 5040 542 487
3 5038 537 481
3 5039 541 573
3 5041 597 537
3 5041 567 597
3 5042 598 567
3 5043 627 598
3 5040 603 542
3 5044 634 667
3 5039 573 634
3 5045 668 603
3 5043 667 685
3 5043 685 627
3 5045 711 668
3 5038 452 4701
3 5046 4701 4707
3 5047 4707 4719
3 5048 4719 4737
3 5049 4737 4750
3 5049 4750 4759
3 5049 4759 4850
3 5050 4850 4856
3 5051 4856 5004
3 5051 5004 5007
3 5051 5007 5023
3 5051 5023 5024
3 5040 487 5039
3 5052 537 5038
3 5052 5041 537
3 5042 567 5041
3 5043 598 5042
3 5053 603 5040
3 5043 5044 667
3 5054 634 5044
3 5054 5039 634
3 5053 5045 603
3 5046 5038 4701
3 5055 5046 4707
3 5056 5047 4719
3 5057 4707 5047
3 5058 5048 4737
3 5056 4719 5048
3 5058 4737 5049
3 5059 5049 4850
3 5059 4850 5050
3 5060 5040 5039
3 5061 5052 5038
3 5062 5041 5052
3 5063 5042 5041
3 5064 5043 5042
3 5064 5044 5043
3 5064 5054 5044
3 5061 5038 5046
3 5057 5055 4707
3 5061 5046 5055
3 5065 5047 5056
3 5066 5057 5047
3 5067 5048 5058
3 5067 5056 5048
3 5068 5058 5049
3 5069 5040 5060
3 5062 5052 5061
3 5063 5041 5062
3 5070 5042 5063
3 5070 5064 5042
3 5071 5054 5064
3 5066 5055 5057
3 5072 5061 5055
3 5067 5065 5056
3 5066 5047 5065
3 5068 5067 5058
3 5071 5064 5070
3 5072 5055 5066
3 5073 5061 5072
3 5074 5065 5067
3 5073 5066 5065
3 5075 5067 5068
3 5076 5061 5073
3 5075 5074 5067
3 5076 5065 5074
3 5072 5066 5073
3 5073 5065 5076
3 5077 5049 5059
3 5077 5068 5049
3 5078 5062 5061
3 5078 5063 5062
3 5079 5070 5063
3 5079 5071 5070
3 5077 5075 5068
3 5080 5061 5076
3 5081 5074 5075
3 5081 5076 5074
3 5080 5078 5061
3 5079 5063 5078
3 5082 5075 5077
3 5083 5080 5076
3 5082 5081 5075
3 5083 5076 5081
3 5084 5078 5080
3 5085 5079 5078
3 5084 5080 5083
3 5085 5078 5084
3 5086 4956 4917
3 5087 5011 5029
3 5088 5032 5016
3 5088 5016 5034
3 5088 5024 5032
3 5087 5036 5011
3 5089 5034 5037
3 5090 5037 5036
3 5091 5050 4856
3 5088 5051 5024
3 5092 5059 5050
3 5092 5077 5059
3 5091 5082 5077
3 5093 5081 5082
3 5093 5084 5083
3 5089 5088 5034
3 5090 5036 5087
3 5094 5089 5037
3 5095 5037 5090
3 5096 5091 4856
3 5092 5050 5091
3 5097 5051 5088
3 5091 5077 5092
3 5098 5082 5091
3 5099 5093 5082
3 5083 5081 5093
3 5094 5088 5089
3 5095 5094 5037
3 5051 5096 4856
3 5098 5091 5096
3 5094 5097 5088
3 5100 5051 5097
3 5099 5082 5098
3 5101 5094 5095
3 5098 5096 5051
3 5101 5097 5094
3 5102 5100 5097
3 5100 5098 5051
3 5102 5097 5101
3 5103 5100 5102
3 5104 5098 5100
3 5105 5103 5102
3 5106 5100 5103
3 5106 5103 5105
3 5107 4971 4956
3 5108 4965 4971
3 5109 4991 4994
3 5109 4917 4995
3 5109 4995 4991
3 5108 5013 4965
3 5110 5029 5013
3 5108 4956 5086
3 5109 5086 4917
3 5110 5087 5029
3 5111 5090 5087
3 5111 5095 5090
3 5111 5101 5095
3 5111 5102 5101
3 5108 5107 4956
3 5108 4971 5107
3 5112 5013 5108
3 5113 5110 5013
3 5114 5087 5110
3 5114 5111 5087
3 5115 5112 5108
3 5116 5113 5013
3 5114 5110 5113
3 5113 5111 5114
3 5117 5115 5108
3 5118 5108 5086
3 5118 5086 5109
3 5119 5098 5104
3 5119 5104 5100
3 5120 5105 5102
3 5119 5100 5106
3 5121 5106 5105
3 5120 5102 5111
3 5122 5013 5112
3 5122 5112 5115
3 5122 5113 5116
3 5122 5116 5013
3 5120 5111 5113
3 5122 5115 5117
3 5122 5117 5108
3 5123 5108 5118
3 5124 5121 5105
3 5125 5113 5122
3 5126 5120 5113
3 5123 5122 5108
3 5127 5113 5125
3 5130 1306 1307
3 5132 1307 1320
3 5133 1325 1321
3 5134 1321 1326
3 5134 1326 1315
3 5135 1315 1327
3 5136 1328 1322
3 5137 1339 1328
3 5138 1322 1329
3 5133 1320 1325
3 5137 1327 1339
3 5139 4120 1306
3 5140 4137 4120
3 5140 4165 4137
3 5141 4182 4165
3 5141 4188 4182
3 5141 4977 4188
3 5142 4984 4977
3 5142 4996 4984
3 5143 4988 4997
3 5144 4998 4988
3 5145 4997 5000
3 5144 5001 4998
3 5146 4994 5002
3 5145 5000 5003
3 5142 5003 4996
3 5147 5002 5001
3 5148 5109 4994
3 5149 5118 5109
3 5149 5123 5118
3 5150 5125 5122
3 5150 5122 5123
3 5151 5127 5125
3 5152 5130 1307
3 5139 1306 5130
3 5133 5132 1320
3 5154 1307 5132
3 5134 5133 1321
3 5156 5134 1315
3 5137 5135 1327
3 5157 1315 5135
3 5158 5136 1322
3 5159 1328 5136
3 5159 5137 1328
3 5158 1322 5138
3 5140 4120 5139
3 5160 4165 5140
3 5160 5141 4165
3 5161 4977 5141
3 5162 5142 4977
3 5145 5143 4997
3 5163 4988 5143
3 5163 5144 4988
3 5147 5001 5144
3 5164 5146 5002
3 5165 4994 5146
3 5166 5145 5003
3 5162 5003 5142
3 5164 5002 5147
3 5167 5148 4994
3 5168 5109 5148
3 5169 5149 5109
3 5170 5123 5149
3 5171 5125 5150
3 5170 5150 5123
3 5172 5129 5128
3 5173 5152 1307
3 5173 5130 5152
3 5140 5139 5130
3 5175 5153 5131
3 5176 5132 5133
3 5177 1307 5154
3 5156 5133 5134
3 5178 5156 1315
3 5157 5135 5137
3 5178 1315 5157
3 5179 5136 5158
3 5180 5159 5136
3 5181 5137 5159
3 5155 5158 5138
3 5130 5160 5140
3 5182 5141 5160
3 5182 5161 5141
3 5162 4977 5161
3 5183 5143 5145
3 5183 5163 5143
3 5147 5144 5163
3 5165 5146 5164
3 5184 4994 5165
3 5162 5166 5003
3 5183 5145 5166
3 5185 5164 5147
3 5184 5167 4994
3 5168 5148 5167
3 5169 5109 5168
3 5186 5149 5169
3 5186 5170 5149
3 5187 5171 5150
3 5151 5125 5171
3 5188 5150 5170
3 5193 5173 1307
3 5194 5130 5173
3 5175 5131 5174
3 5155 5153 5175
3 5156 5176 5133
3 5154 5132 5176
3 5195 5177 5154
3 5193 1307 5177
3 5196 5156 5178
3 5181 5157 5137
3 5196 5178 5157
3 5155 5179 5158
3 5197 5136 5179
3 5181 5180 5136
3 5181 5159 5180
3 5198 5160 5130
3 5199 5182 5160
3 5200 5161 5182
3 5201 5162 5161
3 5185 5163 5183
3 5185 5147 5163
3 5202 5165 5164
3 5203 5184 5165
3 5204 5166 5162
3 5205 5183 5166
3 5202 5164 5185
3 5206 5167 5184
3 5206 5168 5167
3 5186 5169 5168
3 5188 5170 5186
3 5188 5187 5150
3 5207 5171 5187
3 5208 5151 5171
3 5211 5173 5193
3 5211 5194 5173
3 5198 5130 5194
3 5212 5175 5174
3 5179 5155 5175
3 5213 5176 5156
3 5195 5154 5176
3 5214 5177 5195
3 5215 5193 5177
3 5213 5156 5196
3 5216 5157 5181
3 5217 5196 5157
3 5175 5197 5179
3 5218 5136 5197
3 5218 5181 5136
3 5219 5160 5198
3 5219 5199 5160
3 5199 5200 5182
3 5201 5161 5200
3 5220 5162 5201
3 5221 5185 5183
3 5203 5165 5202
3 5222 5184 5203
3 5220 5204 5162
3 5205 5166 5204
3 5221 5183 5205
3 5221 5202 5185
3 5223 5206 5184
3 5186 5168 5206
3 5224 5188 5186
3 5224 5187 5188
3 5224 5207 5187
3 5208 5171 5207
3 5189 5151 5208
3 5225 5209 5189
3 5226 5191 5190
3 5227 5210 5191
3 5174 5192 5210
3 5215 5211 5193
3 5198 5194 5211
3 5228 5212 5174
3 5229 5175 5212
3 5230 5176 5213
3 5231 5195 5176
3 5232 5214 5195
3 5215 5177 5214
3 5233 5213 5196
3 5218 5216 5181
3 5217 5157 5216
3 5233 5196 5217
3 5229 5197 5175
3 5234 5218 5197
3 5235 5219 5198
3 5236 5199 5219
3 5236 5200 5199
3 5220 5201 5200
3 5237 5203 5202
3 5237 5222 5203
3 5238 5184 5222
3 5239 5204 5220
3 5239 5205 5204
3 5240 5221 5205
3 5237 5202 5221
3 5238 5223 5184
3 5241 5206 5223
3 5224 5186 5206
3 5241 5207 5224
3 5242 5208 5207
3 5225 5189 5208
3 5242 5209 5225
3 5244 5191 5226
3 5244 5227 5191
3 5245 5210 5227
3 5228 5174 5210
3 5246 5211 5215
3 5247 5198 5211
3 5248 5212 5228
3 5249 5229 5212
3 5233 5230 5213
3 5250 5176 5230
3 5250 5231 5176
3 5232 5195 5231
3 5251 5214 5232
3 5252 5215 5214
3 5253 5216 5218
3 5254 5217 5216
3 5255 5233 5217
3 5234 5197 5229
3 5256 5218 5234
3 5257 5235 5198
3 5236 5219 5235
3 5220 5200 5236
3 5258 5222 5237
3 5258 5238 5222
3 5259 5239 5220
3 5240 5205 5239
3 5237 5221 5240
3 5260 5223 5238
3 5260 5241 5223
3 5224 5206 5241
3 5242 5207 5241
3 5225 5208 5242
3 5241 5209 5242
3 5244 5226 5243
3 5261 5227 5244
3 5262 5245 5227
3 5228 5210 5245
3 5252 5246 5215
3 5247 5211 5246
3 5257 5198 5247
3 5263 5248 5228
3 5249 5212 5248
3 5256 5229 5249
3 5264 5230 5233
3 5265 5250 5230
3 5266 5231 5250
3 5266 5232 5231
3 5267 5251 5232
3 5252 5214 5251
3 5254 5216 5253
3 5268 5217 5254
3 5268 5255 5217
3 5269 5233 5255
3 5256 5234 5229
3 5253 5218 5256
3 5270 5235 5257
3 5271 5236 5235
3 5259 5220 5236
3 5240 5258 5237
3 5272 5238 5258
3 5273 5239 5259
3 5273 5240 5239
3 5274 5260 5238
3 5275 5241 5260
3 5275 5209 5241
3 5277 5244 5243
3 5277 5261 5244
3 5262 5227 5261
3 5278 5245 5262
3 5278 5228 5245
3 5279 5246 5252
3 5257 5247 5246
3 5278 5263 5228
3 5280 5248 5263
3 5280 5249 5248
3 5281 5256 5249
3 5269 5264 5233
3 5265 5230 5264
3 5266 5250 5265
3 5282 5232 5266
3 5283 5267 5232
3 5252 5251 5267
3 5284 5254 5253
3 5284 5268 5254
3 5285 5255 5268
3 5286 5269 5255
3 5287 5253 5256
3 5288 5270 5257
3 5289 5235 5270
3 5289 5271 5235
3 5259 5236 5271
3 5273 5258 5240
3 5290 5272 5258
3 5274 5238 5272
3 5271 5273 5259
3 5275 5260 5274
3 5291 5209 5275
3 5291 5276 5209
3 5292 5262 5261
3 5292 5278 5262
3 5293 5279 5252
3 5257 5246 5279
3 5294 5263 5278
3 5294 5280 5263
3 5281 5249 5280
3 5287 5256 5281
3 5295 5264 5269
3 5295 5265 5264
3 5282 5266 5265
3 5296 5232 5282
3 5296 5283 5232
3 5293 5267 5283
3 5293 5252 5267
3 5287 5284 5253
3 5285 5268 5284
3 5297 5255 5285
3 5297 5286 5255
3 5298 5269 5286
3 5299 5288 5257
3 5289 5270 5288
3 5300 5271 5289
3 5301 5258 5273
3 5302 5290 5258
3 5303 5272 5290
3 5303 5274 5272
3 5300 5273 5271
3 5291 5275 5274
3 5304 5276 5291
3 5305 5278 5292
3 5306 5279 5293
3 5306 5257 5279
3 5307 5294 5278
3 5308 5280 5294
3 5308 5281 5280
3 5308 5287 5281
3 5309 5295 5269
3 5310 5265 5295
3 5310 5282 5265
3 5310 5296 5282
3 5311 5283 5296
3 5306 5293 5283
3 5308 5284 5287
3 5312 5285 5284
3 5313 5286 5297
3 5313 5298 5286
3 5314 5269 5298
3 5306 5299 5257
3 5315 5288 5299
3 5316 5289 5288
3 5316 5300 5289
3 5317 5301 5273
3 5302 5258 5301
3 5318 5290 5302
3 5274 5303 5290
3 5319 5273 5300
3 5290 5304 5291
3 5307 5305 5292
3 5307 5278 5305
3 5322 5294 5307
3 5284 5308 5294
3 5323 5309 5269
3 5310 5295 5309
3 5324 5296 5310
3 5325 5283 5311
3 5326 5306 5283
3 5294 5312 5284
3 5297 5285 5312
3 5312 5313 5297
3 5327 5298 5313
3 5327 5314 5298
3 5323 5269 5314
3 5326 5299 5306
3 5328 5315 5299
3 5316 5288 5315
3 5329 5300 5316
3 5319 5317 5273
3 5330 5301 5317
3 5331 5302 5301
3 5332 5318 5302
3 5320 5290 5318
3 5291 5274 5290
3 5333 5319 5300
3 5320 5304 5290
3 5336 5307 5292
3 5336 5322 5307
3 5337 5294 5322
3 5338 5309 5323
3 5324 5310 5309
3 5311 5296 5324
3 5339 5325 5311
3 5326 5283 5325
3 5340 5312 5294
3 5340 5313 5312
3 5340 5327 5313
3 5341 5314 5327
3 5342 5323 5314
3 5328 5299 5326
3 5343 5315 5328
3 5329 5316 5315
3 5333 5300 5329
3 5330 5317 5319
3 5331 5301 5330
3 5332 5302 5331
3 5344 5318 5332
3 5344 5320 5318
3 5330 5319 5333
3 5345 5321 5320
3 5346 5334 5321
3 5348 5336 5292
3 5337 5322 5336
3 5349 5294 5337
3 5350 5309 5338
3 5351 5324 5309
3 5352 5311 5324
3 5353 5339 5311
3 5326 5325 5339
3 5349 5340 5294
3 5341 5327 5340
3 5354 5314 5341
3 5338 5323 5342
3 5355 5328 5326
3 5355 5343 5328
3 5356 5315 5343
3 5356 5329 5315
3 5356 5333 5329
3 5356 5331 5330
3 5357 5332 5331
3 5358 5344 5332
3 5345 5320 5344
3 5356 5330 5333
3 5359 5321 5345
3 5360 5346 5321
3 5360 5334 5346
3 5360 5347 5334
3 5360 5335 5347
3 5337 5336 5348
3 5362 5349 5337
3 5363 5350 5338
3 5351 5309 5350
3 5352 5324 5351
3 5353 5311 5352
3 5364 5339 5353
3 5364 5326 5339
3 5365 5340 5349
3 5365 5341 5340
3 5365 5354 5341
3 5342 5314 5354
3 5366 5338 5342
3 5367 5355 5326
3 5368 5343 5355
3 5368 5356 5343
3 5357 5331 5356
3 5358 5332 5357
3 5359 5344 5358
3 5359 5345 5344
3 5369 5321 5359
3 5370 5360 5321
3 5361 5335 5360
3 5371 5362 5337
3 5365 5349 5362
3 5372 5350 5363
3 5372 5351 5350
3 5373 5352 5351
3 5374 5353 5352
3 5375 5364 5353
3 5367 5326 5364
3 5362 5354 5365
3 5376 5342 5354
3 5363 5338 5366
3 5377 5355 5367
3 5378 5368 5355
3 5378 5356 5368
3 5378 5357 5356
3 5378 5358 5357
3 5379 5359 5358
3 5379 5369 5359
3 5370 5321 5369
3 5380 5360 5370
3 5371 5361 5360
3 5371 5337 5361
3 5376 5362 5371
3 5381 5372 5363
3 5373 5351 5372
3 5374 5352 5373
3 5382 5353 5374
3 5383 5375 5353
3 5367 5364 5375
3 5376 5354 5362
3 5366 5342 5376
3 5381 5363 5366
3 5383 5377 5367
3 5378 5355 5377
3 5379 5358 5378
3 5384 5369 5379
3 5384 5370 5369
3 5385 5380 5370
3 5385 5360 5380
3 5385 5371 5360
3 5381 5376 5371
3 5373 5372 5381
3 5386 5374 5373
3 5387 5382 5374
3 5382 5383 5353
3 5367 5375 5383
3 5381 5366 5376
3 5379 5377 5383
3 5379 5378 5377
3 5388 5384 5379
3 5389 5370 5384
3 5390 5385 5370
3 5391 5371 5385
3 5391 5381 5371
3 5386 5373 5381
3 5387 5374 5386
3 5392 5382 5387
3 5393 5383 5382
3 5394 5379 5383
3 5394 5388 5379
3 5394 5384 5388
3 5394 5389 5384
3 5395 5370 5389
3 5396 5390 5370
3 5397 5385 5390
3 5397 5391 5385
3 5398 5381 5391
3 5398 5386 5381
3 5399 5387 5386
3 5393 5382 5392
3 5394 5383 5393
3 5393 5389 5394
3 5400 5395 5389
3 5396 5370 5395
3 5397 5390 5396
3 5398 5391 5397
3 5399 5386 5398
3 5392 5387 5399
3 5400 5393 5392
3 5400 5389 5393
3 5401 5395 5400
3 5402 5396 5395
3 5403 5397 5396
3 5404 5398 5397
3 5405 5399 5398
3 5406 5392 5399
3 5401 5400 5392
3 5407 5395 5401
3 5407 5402 5395
3 5403 5396 5402
3 5404 5397 5403
3 5405 5398 5404
3 5406 5399 5405
3 5401 5392 5406
3 5406 5407 5401
3 5408 5402 5407
3 5405 5403 5402
3 5405 5404 5403
3 5408 5406 5405
3 5408 5407 5406
3 5405 5402 5408
3 5409 5040 5069
3 5410 5079 5085
3 5411 5085 5084
3 5411 5084 5093
3 5412 5093 5099
3 5412 5099 5098
3 5413 5098 5119
3 5414 5105 5120
3 5415 5119 5106
3 5415 5106 5121
3 5415 5121 5124
3 5414 5124 5105
3 5416 5120 5126
3 5417 5126 5113
3 5417 5113 5127
3 5418 5127 5151
3 5418 5151 5189
3 5418 5189 5209
3 5419 5209 5276
3 5420 5276 5304
3 5420 5304 5320
3 5420 5320 5321
3 5421 5321 5334
3 5421 5334 5347
3 5421 5347 5335
3 5422 5410 5085
3 5422 5085 5411
3 5423 5411 5093
3 5423 5093 5412
3 5413 5412 5098
3 5415 5413 5119
3 5417 5414 5120
3 5424 5415 5124
3 5425 5124 5414
3 5417 5416 5126
3 5417 5120 5416
3 5426 5417 5127
3 5426 5127 5418
3 5427 5418 5209
3 5420 5419 5276
3 5428 5209 5419
3 5421 5420 5321
3 5423 5422 5411
3 5422 5423 5412
3 5429 5412 5413
3 5430 5413 5415
3 5431 5414 5417
3 5425 5424 5124
3 5432 5415 5424
3 5431 5425 5414
3 5433 5417 5426
3 5434 5426 5418
3 5428 5427 5209
3 5435 5418 5427
3 5436 5419 5420
3 5437 5428 5419
3 5430 5422 5412
3 5430 5429 5413
3 5430 5412 5429
3 5438 5430 5415
3 5439 5431 5417
3 5439 5424 5425
3 5439 5432 5424
3 5438 5415 5432
3 5439 5425 5431
3 5434 5433 5426
3 5434 5417 5433
3 5435 5434 5418
3 5440 5427 5428
3 5440 5435 5427
3 5437 5419 5436
3 5440 5428 5437
3 5441 5430 5438
3 5441 5439 5417
3 5441 5432 5439
3 5441 5438 5432
3 5441 5417 5434
3 5440 5434 5435
3 5442 5440 5437
3 5443 5440 5442
3 5444 5440 5443
3 5445 5444 5443
3 5445 5446 5434
3 5440 5444 5434
3 5434 5444 5445
3 5447 5410 5422
3 5448 5441 5434
3 5449 5422 5430
3 5450 5430 5441
3 5451 5446 5445
3 5452 5434 5446
3 5453 5447 5422
3 5454 5441 5448
3 5452 5448 5434
3 5450 5449 5430
3 5453 5422 5449
3 5454 5450 5441
3 5455 5451 5445
3 5455 5446 5451
3 5455 5452 5446
3 5452 5454 5448
3 5456 1226 1194
3 5457 1245 1226
3 5458 1283 1245
3 5458 1292 1283
3 5459 1300 1292
3 5460 1302 1300
3 5462 5128 1304
3 5462 5172 5128
3 5463 5190 5172
3 5463 5226 5190
3 5463 5243 5226
3 5464 5277 5243
3 5465 5348 5292
3 5457 1226 5456
3 5458 1245 5457
3 5459 1292 5458
3 5460 1300 5459
3 5466 1302 5460
3 5462 1304 5461
3 5466 5461 1302
3 5467 5172 5462
3 5467 5463 5172
3 5464 5243 5463
3 5468 5277 5464
3 5470 5457 5456
3 5471 5458 5457
3 5472 5459 5458
3 5472 5460 5459
3 5461 5466 5460
3 5467 5462 5461
3 5473 5463 5467
3 5474 5464 5463
3 5470 5456 5469
3 5476 5457 5470
3 5477 5471 5457
3 5472 5458 5471
3 5478 5460 5472
3 5479 5461 5460
3 5479 5467 5461
3 5480 5473 5467
3 5474 5463 5473
3 5481 5464 5474
3 5482 5469 5475
3 5483 5470 5469
3 5477 5457 5476
3 5484 5471 5477
3 5485 5472 5471
3 5486 5478 5472
3 5479 5460 5478
3 5487 5467 5479
3 5487 5480 5467
3 5488 5473 5480
3 5488 5474 5473
3 5489 5481 5474
3 5483 5469 5482
3 5490 5477 5476
3 5491 5484 5477
3 5492 5471 5484
3 5493 5485 5471
3 5486 5472 5485
3 5487 5478 5486
3 5487 5479 5478
3 5494 5480 5487
3 5495 5488 5480
3 5496 5474 5488
3 5497 5490 5476
3 5491 5477 5490
3 5498 5484 5491
3 5498 5492 5484
3 5493 5471 5492
3 5499 5485 5493
3 5500 5486 5485
3 5494 5487 5486
3 5495 5480 5494
3 5501 5488 5495
3 5501 5496 5488
3 5489 5474 5496
3 5503 5491 5490
3 5504 5498 5491
3 5505 5492 5498
3 5506 5493 5492
3 5506 5499 5493
3 5500 5485 5499
3 5494 5486 5500
3 5507 5495 5494
3 5507 5501 5495
3 5489 5496 5501
3 5501 5502 5489
3 5510 5503 5490
3 5511 5491 5503
3 5512 5504 5491
3 5505 5498 5504
3 5506 5492 5505
3 5513 5499 5506
3 5507 5500 5499
3 5507 5494 5500
3 5514 5501 5507
3 5514 5502 5501
3 5514 5508 5502
3 5518 5503 5510
3 5518 5511 5503
3 5519 5491 5511
3 5519 5512 5491
3 5520 5504 5512
3 5521 5505 5504
3 5513 5506 5505
3 5514 5499 5513
3 5514 5507 5499
3 5522 5508 5514
3 5517 5509 5516
3 5526 5518 5510
3 5519 5511 5518
3 5527 5512 5519
3 5527 5520 5512
3 5521 5504 5520
3 5513 5505 5521
3 5522 5514 5513
3 5530 5523 5515
3 5531 5516 5523
3 5532 5517 5516
3 5532 5524 5517
3 5533 5518 5526
3 5533 5519 5518
3 5534 5527 5519
3 5535 5521 5520
3 5535 5513 5521
3 5528 5522 5513
3 5530 5515 5529
3 5536 5523 5530
3 5536 5531 5523
3 5532 5516 5531
3 5531 5524 5532
3 5531 5525 5524
3 5533 5526 5525
3 5537 5519 5533
3 5537 5534 5519
3 5538 5527 5534
3 5528 5513 5535
3 5539 5536 5530
3 5525 5531 5536
3 5536 5533 5525
3 5541 5537 5533
3 5542 5534 5537
3 5542 5538 5534
3 5543 5539 5530
3 5533 5536 5539
3 5539 5541 5533
3 5542 5537 5541
3 5544 5538 5542
3 5543 5530 5540
3 5545 5539 5543
3 5545 5541 5539
3 5545 5542 5541
3 5545 5544 5542
3 5545 5543 5540
3 5545 5540 5544
3 5546 5261 5277
3 5547 5292 5261
3 5548 5337 5348
3 5549 5335 5361
3 5548 5361 5337
3 5550 5421 5335
3 5551 5420 5421
3 5552 5436 5420
3 5553 5437 5436
3 5554 5442 5437
3 5555 5443 5442
3 5555 5445 5443
3 5548 5348 5465
3 5548 5465 5292
3 5546 5277 5468
3 5556 5468 5464
3 5557 5476 5470
3 5556 5464 5481
3 5557 5470 5483
3 5556 5481 5489
3 5558 5490 5497
3 5558 5497 5476
3 5559 5489 5502
3 5560 5510 5490
3 5559 5502 5508
3 5528 5508 5522
3 5562 5520 5527
3 5563 5535 5520
3 5562 5527 5538
3 5564 5528 5535
3 5565 5538 5544
3 5566 5544 5540
3 5547 5261 5546
3 5567 5292 5547
3 5548 5549 5361
3 5568 5335 5549
3 5569 5550 5335
3 5570 5421 5550
3 5571 5551 5421
3 5552 5420 5551
3 5553 5436 5552
3 5554 5437 5553
3 5567 5548 5292
3 5556 5546 5468
3 5572 5476 5557
3 5559 5556 5489
3 5572 5558 5476
3 5561 5510 5560
3 5564 5559 5508
3 5564 5508 5528
3 5573 5520 5562
3 5573 5563 5520
3 5564 5535 5563
3 5565 5562 5538
3 5566 5565 5544
3 5574 5547 5546
3 5575 5567 5547
3 5567 5549 5548
3 5575 5568 5549
3 5569 5335 5568
3 5570 5550 5569
3 5571 5421 5570
3 5576 5551 5571
3 5576 5552 5551
3 5576 5553 5552
3 5576 5554 5553
3 5574 5546 5556
3 5558 5572 5557
3 5577 5556 5559
3 5563 5559 5564
3 5578 5573 5562
3 5578 5563 5573
3 5575 5547 5574
3 5549 5567 5575
3 5579 5568 5575
3 5580 5569 5568
3 5581 5570 5569
3 5581 5571 5570
3 5554 5576 5571
3 5577 5574 5556
3 5582 5577 5559
3 5583 5559 5563
3 5583 5563 5578
3 5584 5575 5574
3 5585 5568 5579
3 5586 5580 5568
3 5586 5569 5580
3 5586 5581 5569
3 5584 5574 5577
3 5587 5582 5559
3 5584 5577 5582
3 5588 5559 5583
3 5588 5583 5578
3 5579 5575 5584
3 5586 5585 5579
3 5586 5568 5585
3 5589 5581 5586
3 5588 5587 5559
3 5590 5582 5587
3 5590 5584 5582
3 5591 5588 5578
3 5590 5579 5584
3 5592 5586 5579
3 5592 5589 5586
3 5592 5587 5588
3 5592 5590 5587
3 5594 5588 5591
3 5592 5579 5590
3 5594 5589 5592
3 5595 5593 5589
3 5594 5592 5588
3 5595 5594 5591
3 5595 5589 5594
3 5596 711 5045
3 5597 5053 5040
3 5598 5039 5054
3 5597 5045 5053
3 5598 5060 5039
3 5598 5069 5060
3 5598 5054 5071
3 5599 5071 5079
3 5600 5040 5409
3 5601 5409 5069
3 5599 5079 5410
3 5599 5410 5447
3 5599 5447 5453
3 5602 5449 5450
3 5603 5453 5449
3 5604 5450 5454
3 5605 5455 5445
3 5605 5452 5455
3 5606 5454 5452
3 5607 5529 5515
3 5608 5530 5529
3 5608 5540 5530
3 5609 5442 5554
3 5609 5555 5442
3 5609 5445 5555
3 5610 5490 5558
3 5610 5560 5490
3 5611 5566 5540
3 5610 5561 5560
3 5612 5562 5565
3 5612 5565 5566
3 5610 5558 5557
3 5612 5578 5562
3 5613 5571 5581
3 5614 5554 5571
3 5613 5581 5589
3 5615 5591 5578
3 5616 5593 5595
3 5613 5589 5593
3 5617 5595 5591
3 5597 5596 5045
3 5600 5597 5040
3 5618 5598 5071
3 5618 5071 5599
3 5601 5600 5409
3 5598 5601 5069
3 5619 5599 5453
3 5620 5602 5450
3 5620 5449 5602
3 5621 5603 5449
3 5622 5453 5603
3 5606 5604 5454
3 5623 5450 5604
3 5609 5605 5445
3 5609 5606 5452
3 5624 5529 5607
3 5624 5608 5529
3 5611 5540 5608
3 5625 5609 5554
3 5612 5566 5611
3 5615 5578 5612
3 5614 5571 5613
3 5626 5554 5614
3 5617 5591 5615
3 5617 5616 5595
3 5613 5593 5616
3 5627 5596 5597
3 5628 5597 5600
3 5629 5598 5618
3 5629 5618 5599
3 5630 5600 5601
3 5631 5601 5598
3 5622 5619 5453
3 5622 5599 5619
3 5632 5620 5450
3 5621 5449 5620
3 5633 5603 5621
3 5633 5622 5603
3 5634 5604 5606
3 5634 5623 5604
3 5632 5450 5623
3 5452 5605 5609
3 5634 5606 5609
3 5635 5608 5624
3 5636 5611 5608
3 5626 5625 5554
3 5634 5609 5625
3 5636 5612 5611
3 5637 5615 5612
3 5638 5614 5613
3 5625 5626 5614
3 5639 5617 5615
3 5640 5616 5617
3 5640 5613 5616
3 5628 5627 5597
3 5641 5628 5600
3 5631 5598 5629
3 5631 5629 5599
3 5642 5630 5601
3 5643 5600 5630
3 5644 5599 5622
3 5645 5620 5632
3 5645 5621 5620
3 5646 5633 5621
3 5647 5622 5633
3 5625 5623 5634
3 5648 5632 5623
3 5636 5608 5635
3 5637 5612 5636
3 5636 5615 5637
3 5649 5638 5613
3 5625 5614 5638
3 5650 5639 5615
3 5640 5617 5639
3 5650 5613 5640
3 5641 5627 5628
3 5651 5641 5600
3 5644 5631 5599
3 5631 5642 5601
3 5643 5630 5642
3 5651 5600 5643
3 5647 5644 5622
3 5652 5645 5632
3 5646 5621 5645
3 5653 5633 5646
3 5653 5647 5633
3 5648 5623 5625
3 5652 5632 5648
3 5654 5636 5635
3 5655 5615 5636
3 5656 5649 5613
3 5657 5638 5649
3 5648 5625 5638
3 5655 5650 5615
3 5640 5639 5650
3 5658 5613 5650
3 5647 5631 5644
3 5659 5642 5631
3 5659 5643 5642
3 5660 5651 5643
3 5661 5645 5652
3 5661 5646 5645
3 5662 5653 5646
3 5663 5647 5653
3 5664 5652 5648
3 5665 5636 5654
3 5658 5655 5636
3 5666 5638 5657
3 5667 5648 5638
3 5658 5650 5655
3 5659 5631 5647
3 5660 5643 5659
3 5664 5661 5652
3 5664 5646 5661
3 5664 5662 5646
3 5668 5653 5662
3 5669 5663 5653
3 5659 5647 5663
3 5670 5664 5648
3 5665 5658 5636
3 5667 5638 5666
3 5670 5648 5667
3 5671 5660 5659
3 5668 5662 5664
3 5673 5653 5668
3 5673 5669 5653
3 5674 5663 5669
3 5671 5659 5663
3 5668 5664 5670
3 5676 5658 5665
3 5670 5667 5666
3 5671 5672 5660
3 5674 5673 5668
3 5674 5669 5673
3 5677 5663 5674
3 5677 5671 5663
3 5674 5668 5670
3 5678 5676 5665
3 5678 5658 5676
3 5679 5670 5666
3 5677 5672 5671
3 5680 5677 5674
3 5681 5674 5670
3 5681 5670 5679
3 5683 5680 5674
3 5679 5674 5681
3 5684 5675 5682
3 5679 5683 5674
3 5685 578 546
3 5686 637 607
3 5687 608 637
3 5685 546 638
3 5687 638 608
3 5685 639 578
3 5686 607 671
3 5688 672 639
3 5688 715 672
3 5689 744 715
3 5690 774 744
3 5691 794 774
3 5692 808 794
3 5693 824 808
3 5693 839 824
3 5694 857 839
3 5695 878 857
3 5695 890 878
3 5696 916 890
3 5697 928 916
3 994 978 928
3 5698 998 994
3 5698 1039 998
3 5698 1038 1039
3 5699 1051 1038
3 5699 1065 1078
3 5699 1078 1051
3 5699 1079 1065
3 5700 1094 1095
3 5701 1095 1079
3 5702 1113 1132
3 5703 1132 1094
3 5704 1166 1113
3 5705 1165 1176
3 5704 1176 1166
3 5706 1196 1165
3 5706 1212 1196
3 5707 1210 1211
3 5707 1211 1212
3 5708 1262 1210
3 5709 1261 1262
3 5710 639 5685
3 5710 5688 639
3 5689 715 5688
3 5711 744 5689
3 5712 5690 744
3 5690 5691 774
3 5692 794 5691
3 5693 808 5692
3 5694 839 5693
3 5695 857 5694
3 5696 890 5695
3 5697 916 5696
3 5713 928 5697
3 5714 994 928
3 5715 5698 994
3 5716 1038 5698
3 5717 5699 1038
3 5701 5700 1095
3 5718 1094 5700
3 5699 5701 1079
3 5703 5702 1132
3 5719 1113 5702
3 5718 5703 1094
3 5705 5704 1113
3 5704 5705 1176
3 5706 1165 5705
3 5707 1212 5706
3 5720 1210 5707
3 5721 5708 1210
3 5708 5709 1262
3 5722 5689 5688
3 5723 5711 5689
3 5711 5712 744
3 5691 5690 5712
3 5724 5692 5691
3 5725 5693 5692
3 5726 5694 5693
3 5726 5695 5694
3 5697 5696 5695
3 5714 928 5713
3 5715 994 5714
3 5716 5698 5715
3 5717 1038 5716
3 5701 5699 5717
3 5718 5700 5701
3 5727 5702 5703
3 5727 5719 5702
3 5705 1113 5719
3 5728 5703 5718
3 5729 5706 5705
3 5730 5707 5706
3 5731 5720 5707
3 5721 1210 5720
3 5709 5708 5721
3 5722 5723 5689
3 5712 5711 5723
3 5732 5691 5712
3 5732 5724 5691
3 5725 5692 5724
3 5726 5693 5725
3 5733 5695 5726
3 5734 5697 5695
3 5735 5714 5713
3 5735 5715 5714
3 5736 5716 5715
3 5737 5717 5716
3 5738 5701 5717
3 5738 5718 5701
3 5728 5727 5703
3 5739 5705 5719
3 5740 5728 5718
3 5739 5729 5705
3 5741 5706 5729
3 5741 5730 5706
3 5742 5707 5730
3 5742 5731 5707
3 5721 5720 5731
3 5743 5709 5721
3 5744 5712 5723
3 5734 5695 5733
3 5736 5715 5735
3 5745 5716 5736
3 5746 5737 5716
3 5738 5717 5737
3 5747 5718 5738
3 5740 5727 5728
3 5747 5740 5718
3 5741 5729 5739
3 5749 5730 5741
3 5750 5721 5731
3 5751 5743 5721
3 5752 5745 5736
3 5745 5746 5716
3 5747 5737 5746
3 5747 5738 5737
3 5748 5727 5740
3 5746 5740 5747
3 5753 5741 5739
3 5753 5749 5741
3 5750 5751 5721
3 5746 5745 5752
3 5754 671 692
3 5755 692 691
3 5755 691 731
3 5756 637 5686
3 5756 5687 637
3 5756 5685 638
3 5756 638 5687
3 5754 5686 671
3 5757 5710 5685
3 5757 5688 5710
3 5758 5713 5697
3 5759 5722 5688
3 5760 5719 5727
3 5761 5723 5722
3 5762 5732 5712
3 5763 5724 5732
3 5763 5725 5724
3 5764 5726 5725
3 5765 5733 5726
3 5766 5697 5734
3 5758 5735 5713
3 5767 5739 5719
3 5768 5742 5730
3 5769 5731 5742
3 5770 5744 5723
3 5771 5734 5733
3 5772 5736 5735
3 5773 5750 5731
3 5772 5752 5736
3 5760 5727 5748
3 5774 5748 5740
3 5775 5740 5746
3 5767 5753 5739
3 5776 5749 5753
3 5773 5751 5750
3 5775 5746 5752
3 5755 5754 692
3 5777 5756 5686
3 5778 5685 5756
3 5779 5757 5685
3 5780 5688 5757
3 5766 5758 5697
3 5780 5759 5688
3 5767 5719 5760
3 5759 5761 5722
3 5744 5762 5712
3 5763 5732 5762
3 5781 5725 5763
3 5781 5764 5725
3 5765 5726 5764
3 5771 5733 5765
3 5782 5766 5734
3 5772 5735 5758
3 5749 5768 5730
3 5768 5769 5742
3 5773 5731 5769
3 5761 5770 5723
3 5762 5744 5770
3 5782 5734 5771
3 5783 5752 5772
3 5784 5760 5748
3 5775 5774 5740
3 5767 5776 5753
3 5768 5749 5776
3 5785 5775 5752
3 5786 5777 5686
3 5787 5756 5777
3 5779 5778 5756
3 5779 5685 5778
3 5788 5757 5779
3 5789 5780 5757
3 5790 5758 5766
3 5761 5759 5780
3 5791 5767 5760
3 5792 5763 5762
3 5793 5781 5763
3 5794 5764 5781
3 5795 5765 5764
3 5795 5771 5765
3 5796 5766 5782
3 5783 5772 5758
3 5797 5769 5768
3 5798 5773 5769
3 5799 5770 5761
3 5800 5762 5770
3 5796 5782 5771
3 5785 5752 5783
3 5774 5784 5748
3 5801 5760 5784
3 5802 5774 5775
3 5803 5776 5767
3 5804 5768 5776
3 5802 5775 5785
3 5779 5756 5787
3 5805 5788 5779
3 5805 5757 5788
3 5799 5789 5757
3 5761 5780 5789
3 5806 5790 5766
3 5783 5758 5790
3 5801 5791 5760
3 5803 5767 5791
3 5800 5792 5762
3 5792 5793 5763
3 5794 5781 5793
3 5795 5764 5794
3 5807 5771 5795
3 5806 5766 5796
3 5804 5797 5768
3 5798 5769 5797
3 5789 5799 5761
3 5800 5770 5799
3 5808 5796 5771
3 5809 5785 5783
3 5810 5784 5774
3 5811 5801 5784
3 5810 5774 5802
3 5804 5776 5803
3 5812 5802 5785
3 5813 5779 5787
3 5799 5757 5805
3 5814 5790 5806
3 5809 5783 5790
3 5815 5791 5801
3 5816 5803 5791
3 5817 5792 5800
3 5818 5793 5792
3 5819 5794 5793
3 5819 5795 5794
3 5820 5807 5795
3 5821 5771 5807
3 5808 5806 5796
3 5822 5797 5804
3 5822 5798 5797
3 5817 5800 5799
3 5821 5808 5771
3 5810 5811 5784
3 5815 5801 5811
3 5823 5810 5802
3 5822 5804 5803
3 5809 5812 5785
3 5824 5799 5805
3 5825 5814 5806
3 5809 5790 5814
3 5815 5816 5791
3 5826 5803 5816
3 5817 5818 5792
3 5819 5793 5818
3 5820 5795 5819
3 5808 5821 5807
3 5825 5806 5808
3 5827 5817 5799
3 5828 5811 5810
3 5829 5815 5811
3 5812 5823 5802
3 5828 5810 5823
3 5826 5822 5803
3 5830 5812 5809
3 5827 5824 5805
3 5827 5799 5824
3 5831 5814 5825
3 5832 5816 5815
3 5833 5826 5816
3 5834 5818 5817
3 5835 5819 5818
3 5835 5820 5819
3 5837 5808 5807
3 5837 5825 5808
3 5829 5811 5828
3 5838 5815 5829
3 5839 5823 5812
3 5839 5828 5823
3 5840 5822 5826
3 5814 5830 5809
3 5841 5812 5830
3 5836 5831 5825
3 5830 5814 5831
3 5838 5832 5815
3 5832 5833 5816
3 5827 5834 5817
3 5835 5818 5834
3 5837 5807 5836
3 5836 5825 5837
3 5841 5839 5812
3 5831 5841 5830
3 5842 5832 5838
3 5843 5833 5832
3 5831 5839 5841
3 5844 5842 5838
3 5843 5832 5842
3 5845 5833 5843
3 5846 712 711
3 5847 731 760
3 5846 760 712
3 5848 1195 1175
3 5848 1194 1195
3 5850 5456 1194
3 5850 5469 5456
3 5851 5475 5469
3 5851 5482 5475
3 5852 5483 5482
3 5853 5509 5517
3 5854 5516 5509
3 5855 5526 5510
3 5856 5515 5523
3 5857 5523 5516
3 5858 5517 5524
3 5858 5524 5525
3 5855 5525 5526
3 5859 5510 5561
3 5846 711 5596
3 5856 5607 5515
3 5860 5561 5610
3 5861 5610 5557
3 5862 5624 5607
3 5863 5596 5627
3 5862 5635 5624
3 5864 5627 5641
3 5865 5641 5651
3 5862 5654 5635
3 5866 5649 5656
3 5867 5656 5613
3 5868 5613 5658
3 5869 5651 5660
3 5870 5665 5654
3 5866 5666 5657
3 5869 5660 5672
3 5871 5678 5665
3 5872 5658 5678
3 5873 5679 5666
3 5874 5672 5677
3 5875 5677 5680
3 5876 5680 5683
3 5877 5682 5675
3 5878 5683 5679
3 5879 5755 731
3 5880 5686 5754
3 5880 5754 5755
3 5881 5777 5786
3 5882 5786 5686
3 5881 5787 5777
3 5883 5805 5779
3 5883 5779 5813
3 5883 5813 5787
3 5884 5807 5820
3 5885 5827 5805
3 5886 5820 5835
3 5887 5829 5828
3 5887 5838 5829
3 5888 5828 5839
3 5889 5831 5836
3 5890 5834 5827
3 5891 5835 5834
3 5884 5836 5807
3 5888 5839 5831
3 5892 5842 5844
3 5887 5844 5838
3 5893 5843 5842
3 5894 5845 5843
3 5846 5847 760
3 5879 731 5847
3 5895 5848 1175
3 5850 1194 5848
3 5896 1175 5849
3 5851 5469 5850
3 5852 5482 5851
3 5557 5483 5852
3 5897 5853 5517
3 5898 5509 5853
3 5898 5854 5509
3 5857 5516 5854
3 5899 5855 5510
3 5857 5856 5523
3 5897 5517 5858
3 5855 5858 5525
3 5900 5859 5561
3 5899 5510 5859
3 5863 5846 5596
3 5901 5607 5856
3 5861 5860 5610
3 5900 5561 5860
3 5902 5861 5557
3 5903 5862 5607
3 5864 5863 5627
3 5865 5864 5641
3 5869 5865 5651
3 5870 5654 5862
3 5867 5866 5656
3 5657 5649 5866
3 5868 5867 5613
3 5904 5868 5658
3 5675 5665 5870
3 5905 5666 5866
3 5874 5869 5672
3 5675 5871 5665
3 5872 5678 5871
3 5906 5658 5872
3 5907 5873 5666
3 5908 5679 5873
3 5875 5874 5677
3 5909 5875 5680
3 5878 5876 5683
3 5909 5680 5876
3 5910 5877 5675
3 5911 5682 5877
3 5876 5878 5679
3 5880 5755 5879
3 5882 5686 5880
3 5882 5881 5786
3 5912 5787 5881
3 5913 5805 5883
3 5912 5883 5787
3 5886 5884 5820
3 5913 5885 5805
3 5890 5827 5885
3 5891 5886 5835
3 5888 5887 5828
3 5914 5889 5836
3 5915 5831 5889
3 5916 5834 5890
3 5916 5891 5834
3 5914 5836 5884
3 5917 5888 5831
3 5887 5892 5844
3 5893 5842 5892
3 5894 5843 5893
3 5863 5847 5846
3 5918 5879 5847
3 5896 5895 1175
3 5919 5848 5895
3 5920 5850 5848
3 5895 5896 5849
3 5922 5851 5850
3 5902 5852 5851
3 5902 5557 5852
3 5898 5853 5897
3 5923 5854 5898
3 5924 5855 5899
3 5923 5856 5857
3 5925 5897 5858
3 5924 5858 5855
3 5926 5859 5900
3 5926 5899 5859
3 5923 5901 5856
3 5927 5607 5901
3 5928 5860 5861
3 5929 5900 5860
3 5851 5861 5902
3 5927 5862 5903
3 5930 5863 5864
3 5930 5864 5865
3 5931 5865 5869
3 5910 5870 5862
3 5905 5866 5867
3 5904 5867 5868
3 5906 5904 5658
3 5910 5675 5870
3 5904 5666 5905
3 5931 5869 5874
3 5932 5871 5675
3 5933 5872 5871
3 5933 5906 5872
3 5904 5907 5666
3 5904 5873 5907
3 5934 5908 5873
3 5876 5679 5908
3 5909 5874 5875
3 5935 5909 5876
3 5936 5877 5910
3 5937 5911 5877
3 5938 5682 5911
3 5918 5880 5879
3 5939 5882 5880
3 5939 5881 5882
3 5940 5912 5881
3 5941 5913 5883
3 5942 5883 5912
3 5914 5884 5886
3 5890 5885 5913
3 5943 5886 5891
3 5944 5887 5888
3 5915 5889 5914
3 5917 5831 5915
3 5945 5916 5890
3 5946 5891 5916
3 5947 5888 5917
3 5948 5892 5887
3 5949 5893 5892
3 5950 5894 5893
3 5951 5847 5863
3 5952 5918 5847
3 5953 5919 5895
3 5922 5848 5919
3 5922 5920 5848
3 5922 5850 5920
3 5954 5849 5921
3 5953 5895 5849
3 5955 5851 5922
3 5956 5898 5897
3 5957 5923 5898
3 5857 5854 5923
3 5958 5924 5899
3 5924 5925 5858
3 5959 5897 5925
3 5929 5926 5900
3 5958 5899 5926
3 5960 5901 5923
3 5961 5927 5901
3 5903 5607 5927
3 5962 5928 5861
3 5963 5860 5928
3 5963 5929 5860
3 5964 5861 5851
3 5965 5862 5927
3 5966 5863 5930
3 5967 5930 5865
3 5967 5865 5931
3 5968 5910 5862
3 5904 5905 5867
3 5969 5904 5906
3 5970 5931 5874
3 5933 5871 5932
3 5969 5906 5933
3 5969 5873 5904
3 5969 5934 5873
3 5682 5908 5934
3 5935 5876 5908
3 5970 5874 5909
3 5971 5909 5935
3 5968 5936 5910
3 5972 5877 5936
3 5973 5937 5877
3 5938 5911 5937
3 5974 5682 5938
3 5952 5880 5918
3 5975 5939 5880
3 5976 5881 5939
3 5977 5940 5881
3 5942 5912 5940
3 5942 5941 5883
3 5978 5913 5941
3 5979 5914 5886
3 5980 5890 5913
3 5946 5943 5891
3 5946 5886 5943
3 5947 5944 5888
3 5948 5887 5944
3 5981 5915 5914
3 5947 5917 5915
3 5982 5945 5890
3 5983 5916 5945
3 5983 5946 5916
3 5949 5892 5948
3 5950 5893 5949
3 5984 5951 5863
3 5952 5847 5951
3 5985 5919 5953
3 5985 5922 5919
3 5953 5849 5954
3 5986 5955 5922
3 5987 5851 5955
3 5959 5956 5897
3 5957 5898 5956
3 5988 5923 5957
3 5925 5924 5958
3 5989 5959 5925
3 5963 5926 5929
3 5963 5958 5926
3 5988 5960 5923
3 5961 5901 5960
3 5965 5927 5961
3 5964 5962 5861
3 5990 5928 5962
3 5990 5963 5928
3 5991 5964 5851
3 5968 5862 5965
3 5992 5966 5930
3 5984 5863 5966
3 5993 5930 5967
3 5970 5967 5931
3 5969 5933 5932
3 5932 5934 5969
3 5994 5682 5934
3 5974 5908 5682
3 5974 5935 5908
3 5971 5970 5909
3 5974 5971 5935
3 5965 5936 5968
3 5995 5972 5936
3 5973 5877 5972
3 5996 5937 5973
3 5996 5938 5937
3 5971 5974 5938
3 5997 5880 5952
3 5997 5975 5880
3 5976 5939 5975
3 5977 5881 5976
3 5998 5940 5977
3 5941 5942 5940
3 5998 5978 5941
3 5999 5913 5978
3 6000 5979 5886
3 5981 5914 5979
3 5999 5980 5913
3 5982 5890 5980
3 5983 5886 5946
3 6001 5944 5947
3 6001 5948 5944
3 5979 5915 5981
3 6001 5947 5915
3 5983 5945 5982
3 6002 5949 5948
3 6003 5950 5949
3 5997 5951 5984
3 5997 5952 5951
3 6004 5985 5953
3 6005 5922 5985
3 6006 5953 5954
3 6007 5986 5922
3 6008 5955 5986
3 6008 5987 5955
3 5991 5851 5987
3 5957 5956 5959
3 6009 5988 5957
3 5989 5925 5958
3 6010 5959 5989
3 6011 5958 5963
3 5961 5960 5988
3 5936 5965 5961
3 6012 5962 5964
3 6013 5990 5962
3 6011 5963 5990
3 6012 5964 5991
3 6014 5992 5930
3 5984 5966 5992
3 6015 5993 5967
3 6014 5930 5993
3 6016 5967 5970
3 5994 5934 5932
3 5932 5682 5994
3 6016 5970 5971
3 5961 5995 5936
3 6017 5972 5995
3 6017 5973 5972
3 6018 5996 5973
3 6019 5938 5996
3 6019 5971 5938
3 6020 5975 5997
3 5977 5976 5975
3 6021 5998 5977
3 5940 5998 5941
3 5999 5978 5998
3 5983 6000 5886
3 6022 5979 6000
3 5982 5980 5999
3 6002 5948 6001
3 6023 5915 5979
3 6024 6001 5915
3 6025 5983 5982
3 6026 5949 6002
3 6026 6003 5949
3 6027 5950 6003
3 6028 5997 5984
3 6006 6004 5953
3 6029 5985 6004
3 6030 6005 5985
3 6007 5922 6005
3 6005 5986 6007
3 6031 6008 5986
3 6012 5987 6008
3 6012 5991 5987
3 6032 5957 5959
3 6032 6009 5957
3 6033 5988 6009
3 6034 5989 5958
3 6035 6010 5989
3 6032 5959 6010
3 6034 5958 6011
3 6017 5961 5988
3 6013 5962 6012
3 6008 5990 6013
3 6034 6011 5990
3 6036 5992 6014
3 6037 5984 5992
3 6016 6015 5967
3 6038 5993 6015
3 6039 6014 5993
3 6040 6016 5971
3 6017 5995 5961
3 6033 5973 6017
3 6033 6018 5973
3 6041 5996 6018
3 6041 6019 5996
3 6040 5971 6019
3 6028 6020 5997
3 6042 5975 6020
3 6043 5977 5975
3 6044 6021 5977
3 6045 5998 6021
3 6045 5999 5998
3 6022 6000 5983
3 6046 5979 6022
3 6025 5982 5999
3 6024 6002 6001
3 6024 6023 5979
3 6024 5915 6023
3 6022 5983 6025
3 6047 6026 6002
3 6027 6003 6026
3 6048 5950 6027
3 6049 6028 5984
3 6029 6004 6006
3 6030 5985 6029
3 6050 6005 6030
3 6031 5986 6005
3 5990 6008 6031
3 6013 6012 6008
3 6010 6009 6032
3 6051 6033 6009
3 6017 5988 6033
3 6035 5989 6034
3 6052 6010 6035
3 6053 6034 5990
3 6039 6036 6014
3 6037 5992 6036
3 6049 5984 6037
3 6054 6015 6016
3 6055 6038 6015
3 6039 5993 6038
3 6056 6016 6040
3 6057 6018 6033
3 6058 6041 6018
3 6056 6019 6041
3 6056 6040 6019
3 6042 6020 6028
3 6043 5975 6042
3 6059 5977 6043
3 6059 6044 5977
3 6060 6021 6044
3 6061 6045 6021
3 6025 5999 6045
3 6062 6046 6022
3 6063 5979 6046
3 6047 6002 6024
3 6064 6024 5979
3 6061 6022 6025
3 6065 6026 6047
3 6065 6027 6026
3 6066 6048 6027
3 6037 6028 6049
3 6067 6050 6030
3 6031 6005 6050
3 6068 5990 6031
3 6069 6009 6010
3 6069 6051 6009
3 6057 6033 6051
3 6070 6035 6034
3 6071 6052 6035
3 6072 6010 6052
3 6070 6053 5990
3 6070 6034 6053
3 6073 6036 6039
3 6074 6037 6036
3 6056 6054 6016
3 6055 6015 6054
3 6073 6038 6055
3 6073 6039 6038
3 6051 6018 6057
3 6051 6058 6018
3 6075 6041 6058
3 6076 6056 6041
3 6077 6042 6028
3 6059 6043 6042
3 6042 6044 6059
3 6078 6060 6044
3 6061 6021 6060
3 6025 6045 6061
3 6061 6062 6022
3 6063 6046 6062
3 6064 5979 6063
3 6064 6047 6024
3 6064 6065 6047
3 6079 6027 6065
3 6080 6066 6027
3 6077 6028 6037
3 6081 6067 6030
3 6082 6050 6067
3 6083 6031 6050
3 6084 6068 6031
3 6085 5990 6068
3 6072 6069 6010
3 6072 6051 6069
3 6086 6035 6070
3 6086 6071 6035
3 6087 6052 6071
3 6087 6072 6052
3 6085 6070 5990
3 6074 6036 6073
3 6088 6037 6074
3 6076 6054 6056
3 6076 6055 6054
3 6089 6073 6055
3 6075 6058 6051
3 6090 6041 6075
3 6090 6076 6041
3 6091 6042 6077
3 6091 6044 6042
3 6092 6078 6044
3 6093 6060 6078
3 6094 6061 6060
3 6094 6062 6061
3 6095 6063 6062
3 6096 6064 6063
3 6079 6065 6064
3 6097 6027 6079
3 6098 6080 6027
3 6091 6077 6037
3 6099 6067 6081
3 6100 6082 6067
3 6071 6050 6082
3 6085 6083 6050
3 6084 6031 6083
3 6085 6068 6084
3 6101 6051 6072
3 6071 6086 6070
3 6102 6087 6071
3 6103 6072 6087
3 6071 6070 6085
3 6089 6074 6073
3 6092 6088 6074
3 6091 6037 6088
3 6104 6055 6076
3 6104 6089 6055
3 6101 6075 6051
3 6076 6090 6075
3 6092 6044 6091
3 6074 6078 6092
3 6095 6093 6078
3 6094 6060 6093
3 6095 6062 6094
3 6096 6063 6095
3 6079 6064 6096
3 6096 6097 6079
3 6098 6027 6097
3 6105 6067 6099
3 6105 6100 6067
3 6106 6082 6100
3 6106 6071 6082
3 6085 6050 6071
3 6084 6083 6085
3 6103 6101 6072
3 6106 6102 6071
3 6107 6087 6102
3 6107 6103 6087
3 6108 6074 6089
3 6091 6088 6092
3 6109 6104 6076
3 6108 6089 6104
3 6103 6075 6101
3 6110 6076 6075
3 6108 6078 6074
3 6111 6095 6078
3 6112 6093 6095
3 6112 6094 6093
3 6112 6095 6094
3 6113 6096 6095
3 6113 6097 6096
3 6116 6098 6097
3 6117 6105 6099
3 6118 6100 6105
3 6118 6106 6100
3 6119 6102 6106
3 6120 6107 6102
3 6121 6103 6107
3 6110 6109 6076
3 6122 6104 6109
3 6123 6108 6104
3 6124 6075 6103
3 6124 6110 6075
3 6111 6078 6108
3 6126 6095 6111
3 6127 6113 6095
3 6129 6097 6113
3 6129 6116 6097
3 6130 6098 6116
3 6130 6114 6098
3 6125 6105 6117
3 6125 6118 6105
3 6131 6106 6118
3 6131 6119 6106
3 6120 6102 6119
3 6132 6107 6120
3 6133 6103 6121
3 6122 6109 6110
3 6134 6104 6122
3 6134 6123 6104
3 6135 6108 6123
3 6133 6124 6103
3 6134 6110 6124
3 6126 6111 6108
3 6137 6095 6126
3 6138 6127 6095
3 6139 6113 6127
3 6130 6115 6114
3 6130 6128 6115
3 6139 6129 6113
3 6140 6116 6129
3 6141 6130 6116
3 6131 6118 6125
3 6142 6119 6131
3 6132 6120 6119
3 6121 6107 6132
3 6132 6133 6121
3 6134 6122 6110
3 6133 6123 6134
3 6143 6135 6123
3 6126 6108 6135
3 6133 6134 6124
3 6142 6125 6136
3 6144 6137 6126
3 6138 6095 6137
3 6137 6127 6138
3 6137 6139 6127
3 6141 6128 6130
3 6141 6136 6128
3 6140 6129 6139
3 6145 6116 6140
3 6145 6141 6116
3 6142 6131 6125
3 6136 6119 6142
3 6146 6132 6119
3 6147 6133 6132
3 6126 6143 6123
3 6126 6135 6143
3 6123 6144 6126
3 6148 6137 6144
3 6148 6139 6137
3 6145 6136 6141
3 6148 6140 6139
3 6148 6145 6140
3 6145 6119 6136
3 6149 6146 6119
3 6147 6132 6146
3 6123 6133 6147
3 6150 6144 6123
3 6151 6148 6144
3 6152 6145 6148
3 6152 6119 6145
3 6153 6149 6119
3 6154 6146 6149
3 6154 6147 6146
3 6155 6123 6147
3 6155 6150 6123
3 6151 6144 6150
3 6153 6148 6151
3 6119 6152 6148
3 6148 6153 6119
3 6154 6149 6153
3 6155 6147 6154
3 6151 6150 6155
3 6155 6153 6151
3 6155 6154 6153
3 5684 5682 5932
3 5684 5932 5675
3 6156 1009 1037
3 6157 1037 1064
3 6157 1064 1077
3 6158 1077 1131
3 6158 1131 1146
3 6159 1146 1145
3 6160 1145 1174
3 6161 1193 1209
3 6162 1174 1193
3 6163 1209 1244
3 6163 1244 1276
3 6164 1277 1284
3 6165 1293 1262
3 6166 1299 1293
3 6167 1276 1299
3 6164 1284 1302
3 6168 1323 1316
3 6169 1316 1324
3 10169 1343 1323
3 6169 1324 1332
3 6171 1329 1341
3 6169 1332 1333
3 6172 1333 1347
3 6173 1341 1342
3 6172 1347 1361
3 6172 1361 1348
3 10169 1364 1343
3 10169 1365 1364
3 6174 1342 1365
3 6175 1348 1378
3 6175 1378 1390
3 6176 1390 1406
3 6177 1413 1414
3 6177 1406 1413
3 6178 1414 1436
3 6178 1436 1437
3 6179 1574 1526
3 6179 1526 1604
3 6179 1605 1574
3 6180 1567 1628
3 6181 1603 1602
3 6181 1637 1603
3 6182 1604 1638
3 6183 1607 1640
3 6184 1641 1607
3 6185 1638 1637
3 6186 1640 1663
3 6180 1628 1654
3 6170 1663 1690
3 6187 1689 1605
3 6188 1718 1641
3 6189 1664 1718
3 6190 1692 1664
3 6191 1654 1705
3 6192 1751 1662
3 6193 1602 1753
3 6194 1756 1720
3 6195 1754 1689
3 6196 1755 1754
3 6197 1720 1692
3 6198 1705 1773
3 6199 1753 1821
3 6200 1773 1851
3 6194 1822 1756
3 6201 1821 1910
3 6202 1911 1822
3 6203 1890 1931
3 6200 1851 1890
3 6203 1931 1978
3 6204 1910 1956
3 6202 1957 1911
3 6203 1978 1932
3 6205 1932 1979
3 6206 1956 2055
3 6202 2005 1957
3 6207 2004 2005
3 6205 1979 2029
3 6206 2056 2004
3 6208 2045 2085
3 6209 2044 2045
3 6206 2055 2056
3 6210 2029 2121
3 6211 2121 2233
3 6212 2248 2303
3 6213 2304 2248
3 6214 2197 2304
3 6214 2305 2197
3 6215 2233 2337
3 6214 2306 2305
3 6216 2403 2306
3 6215 2337 2431
3 6217 2303 2449
3 6218 2449 2448
3 6219 2496 2403
3 6220 2431 2520
3 6218 2448 2539
3 6219 2584 2496
3 6220 2520 2565
3 6220 2565 2614
3 6218 2539 2634
3 6218 2635 2583
3 6219 2637 2584
3 6221 2614 2711
3 6218 2634 2635
3 6222 2636 2685
3 6223 2686 2637
3 6224 2583 2738
3 6225 2739 2636
3 6226 2685 2686
3 6225 2786 2739
3 6227 2711 2861
3 6228 2738 2888
3 6227 2861 2907
3 6229 2914 2816
3 6230 2888 2939
3 6231 2940 2786
3 6227 2907 2957
3 6229 3025 2914
3 6232 2939 3049
3 6231 2996 2940
3 6231 3050 2996
3 6233 2957 3069
3 6234 3125 3025
3 6235 3066 3161
3 6236 3112 3066
3 6237 3162 3112
3 6238 3069 3163
3 6234 3076 3125
3 6232 3049 3076
3 6239 3183 3050
3 6240 3108 3190
3 6238 3163 3191
3 6241 3215 3183
3 6240 3190 3224
3 6242 3161 3225
3 6240 3225 3108
3 6237 3191 3226
3 6237 3226 3162
3 6243 3192 3164
3 6244 3224 3254
3 6243 3227 3192
3 6243 3254 3227
3 6245 3229 3255
3 6246 3255 3305
3 6246 3305 3282
3 6247 3164 3229
3 6248 3282 3331
3 6249 3359 3322
3 6250 3344 3388
3 6251 3363 3389
3 6250 3389 3344
3 6248 3331 3368
3 6251 3413 3363
3 6252 3435 3359
3 6253 3388 3437
3 6254 3438 3413
3 6254 3368 3415
3 6253 3437 3462
3 6254 3415 3438
3 6252 3459 3435
3 6255 3495 3508
3 6256 3479 3480
3 6257 3480 3496
3 6258 3481 3497
3 6257 3496 3481
3 6259 3508 3479
3 6258 3497 3511
3 6258 3511 3512
3 6260 3512 3526
3 6261 3536 3528
3 6262 3526 3535
3 6262 3535 3536
3 6263 3275 3215
3 6249 3322 3275
3 6253 3462 3461
3 6264 3518 3459
3 6265 3528 3518
3 6266 3617 3495
3 6266 3461 3618
3 6266 3657 3617
3 6266 3618 3657
3 6267 2770 3878
3 6229 2816 3879
3 6267 3879 2770
3 6268 3877 3880
3 6268 3878 3877
3 6269 3886 3888
3 6269 3919 3886
3 6269 3888 3921
3 6269 3941 3919
3 6269 3921 3944
3 6270 3944 3891
3 6271 3945 3968
3 6270 3891 3969
3 6271 3969 3945
3 6272 3949 3948
3 6273 3973 3949
3 6269 3985 3941
3 6274 3987 3967
3 6274 3968 3987
3 6275 3948 3964
3 6276 3990 3973
3 6277 3964 3985
3 6274 3967 4017
3 6278 4002 4030
3 6279 4017 4031
3 6280 4032 4002
3 6281 4034 3990
3 6282 4011 4040
3 6279 4044 4033
3 6282 4040 4048
3 6283 4041 4049
3 6284 4049 4011
3 6283 4043 4041
3 6283 4030 4043
3 6279 4031 4044
3 6285 4053 4032
3 6279 4033 4061
3 6281 4055 4034
3 6282 4048 4055
3 6286 4065 4053
3 6287 4061 4070
3 6287 4070 4067
3 6288 4072 4065
3 6287 4067 4076
3 6289 4078 4072
3 6289 4066 4075
3 6290 4074 4066
3 6289 4081 4078
3 6289 4075 4081
3 6291 4083 4074
3 6292 4076 4083
3 6293 4107 4112
3 6208 2085 4111
3 6293 4111 4107
3 6294 4129 1751
3 6294 4131 4129
3 6293 4112 4222
3 6209 4226 4106
3 6295 4222 4230
3 6296 4231 4226
3 6296 4232 4231
3 6297 4247 4232
3 6297 4248 4247
3 6298 4259 4248
3 6299 4261 4259
3 6299 4263 4261
3 6300 4268 4263
3 6295 4230 4309
3 6301 4309 4334
3 6302 4333 4344
3 6303 4334 4333
3 6304 4339 4326
3 6305 4348 4339
3 6306 4344 4357
3 6305 4370 4348
3 6307 4382 4362
3 6308 4389 4370
3 6306 4376 4393
3 6309 4326 4381
3 6307 4381 4382
3 6310 4397 4389
3 6310 4393 4397
3 6311 4362 4408
3 6312 4410 4409
3 6313 4419 4410
3 6313 4414 4420
3 6313 4420 4419
3 6314 4421 4414
3 6315 4418 4422
3 6314 4422 4421
3 6316 4425 4215
3 6317 4424 4426
3 6318 4431 4432
3 6319 4432 4268
3 6320 4435 4431
3 6320 4437 4435
3 6321 4440 4437
3 4458 4438 4441
3 6322 4441 4440
3 6316 4442 4425
3 6323 4426 4442
3 6324 4455 3876
3 6324 3876 4456
3 6325 3880 4455
3 6326 4456 4471
3 6327 4472 4458
3 6328 4471 4479
3 6329 4480 4472
3 6330 4478 4490
3 6328 4479 4478
3 6329 4491 4480
3 6331 4490 4498
3 6332 4499 4492
3 6332 4498 4499
3 6333 4510 4491
3 6334 4492 4517
3 6335 4505 4510
3 6336 4511 4505
3 6337 4516 4511
3 6338 4517 4516
3 6339 4525 1009
3 6340 4552 4525
3 6340 4564 4552
3 6341 4585 4564
3 6341 4591 4585
3 6342 4593 4591
3 6342 4592 4593
3 6342 4596 4592
3 6342 4606 4596
3 6343 4617 4606
3 6344 4619 4617
3 6344 4620 4619
3 6345 4621 4620
3 6345 4625 4621
3 6346 4626 4625
3 6347 4627 4626
3 6348 4629 4627
3 6349 4630 4629
3 6349 4631 4630
3 6350 4622 4624
3 6316 4215 4622
3 6351 4772 4631
3 6352 4624 4778
3 6353 4778 4769
3 6354 4769 4770
3 6355 4770 4771
3 6356 4771 4772
3 4801 4642 4795
3 6357 4881 4424
3 6312 4409 4880
3 6358 4880 4896
3 6359 4898 4881
3 6360 4896 4897
3 6361 4897 4910
3 6362 4910 4919
3 6359 4920 4898
3 6362 4919 4932
3 6363 4934 4920
3 6362 4932 4933
3 6364 4935 4934
3 6365 4933 4935
3 6171 5138 1329
3 6366 5129 5172
3 6367 5128 5129
3 6168 5131 5153
3 6368 5155 5138
3 6369 5174 5131
3 6370 5153 5155
3 6371 5190 5191
3 6372 5191 5210
3 6373 5192 5174
3 6372 5210 5192
3 6367 1304 5128
3 6366 5172 5190
3 6374 5461 1304
3 6374 1302 5461
3 6375 1261 5709
3 6376 1262 1261
3 6375 5709 5743
3 6377 5743 5751
3 6378 5751 5773
3 6378 5773 5798
3 6379 5798 5822
3 6380 5826 5833
3 6380 5822 5840
3 6380 5840 5826
3 6381 5833 5845
3 6382 5845 5894
3 6383 5894 5950
3 6384 5950 6048
3 6385 6029 6006
3 6386 6030 6029
3 6384 6048 6066
3 6387 6066 6080
3 6386 6081 6030
3 6387 6080 6098
3 6386 6099 6081
3 6388 6117 6099
3 6387 6098 6114
3 6389 6125 6117
3 6390 6114 6115
3 6391 6115 6128
3 6391 6136 6125
3 6391 6128 6136
3 6392 6156 1037
3 6339 1009 6156
3 6392 1037 6157
3 6158 6157 1077
3 6393 6158 1146
3 6393 1146 6159
3 6159 1145 6160
3 6163 6161 1209
3 6162 1193 6161
3 6160 1174 6162
3 6394 6163 1276
3 6395 1277 6164
3 6376 6165 1262
3 6166 1293 6165
3 6167 1299 6166
3 6394 1276 6167
3 6396 6164 1302
3 6397 6168 1316
3 6173 1323 6168
3 6398 1316 6169
3 6173 10169 1323
3 6173 6171 1341
3 6172 6169 1333
3 6399 6172 1348
3 6174 1365 10169
3 6173 1342 6174
3 6400 1348 6175
3 6177 6175 1390
3 6177 6176 1406
3 6177 1390 6176
3 6401 6177 1414
3 6401 1414 6178
3 6403 6179 1604
3 6187 1605 6179
3 6402 1567 6180
3 6404 6181 1602
3 6185 1637 6181
3 6185 6182 1638
3 6403 1604 6182
3 6186 6183 1640
3 6184 1607 6183
3 6188 1641 6184
3 6405 6186 1663
3 6191 6180 1654
3 6406 1663 6170
3 6195 1689 6187
3 6189 1718 6188
3 6407 1664 6189
3 6407 6190 1664
3 6408 1692 6190
3 6198 6191 1705
3 6409 6192 1662
3 6409 1751 6192
3 6410 6193 1753
3 6411 1602 6193
3 6197 6194 1720
3 6196 1754 6195
3 6412 1755 6196
3 6413 6197 1692
3 6200 6198 1773
3 6201 6199 1821
3 6410 1753 6199
3 6202 1822 6194
3 6204 6201 1910
3 6200 1890 6203
3 6206 6204 1956
3 6205 6203 1932
3 6207 2005 6202
3 6414 2004 6207
3 6210 6205 2029
3 6415 6206 2004
3 6416 2045 6208
3 6416 6209 2045
3 4106 2044 6209
3 6417 6210 2121
3 6215 6211 2233
3 6418 2121 6211
3 6217 6212 2303
3 6419 2248 6212
3 6419 6213 2248
3 6214 2304 6213
3 6216 2306 6214
3 6219 2403 6216
3 6220 6215 2431
3 6420 6217 2449
3 6420 2449 6218
3 6421 6220 2614
3 6422 6218 2583
3 6223 2637 6219
3 6227 6221 2711
3 6421 2614 6221
3 6226 6222 2685
3 6423 2636 6222
3 6226 2686 6223
3 6424 6224 2738
3 6425 2583 6224
3 6423 6225 2636
3 6426 2786 6225
3 6427 6228 2888
3 6424 2738 6228
3 6232 6230 2939
3 6428 2888 6230
3 6426 6231 2786
3 6429 6227 2957
3 6430 3025 6229
3 6431 3050 6231
3 6432 6233 3069
3 6429 2957 6233
3 6430 6234 3025
3 6242 6235 3161
3 6433 3066 6235
3 6433 6236 3066
3 6237 3112 6236
3 6432 3069 6238
3 6434 3076 6234
3 6434 6232 3076
3 6431 6239 3050
3 6435 3183 6239
3 6436 6238 3191
3 6437 6241 3183
3 6263 3215 6241
3 6244 6240 3224
3 6240 6242 3225
3 6438 3191 6237
3 6439 6243 3164
3 6243 6244 3254
3 6246 6245 3255
3 6440 3229 6245
3 6441 6246 3282
3 6440 6247 3229
3 6439 3164 6247
3 6442 3282 6248
3 6443 3359 6249
3 6253 6250 3388
3 6250 6251 3389
3 6254 6248 3368
3 6444 3413 6251
3 6445 6252 3359
3 6446 6254 3413
3 6447 3459 6252
3 6259 6255 3508
3 6448 3495 6255
3 6257 6256 3480
3 6449 3479 6256
3 6257 3481 6258
3 6444 6259 3479
3 6260 6258 3512
3 6450 6260 3526
3 6265 6261 3528
3 6262 3536 6261
3 6450 3526 6262
3 6249 3275 6263
3 6451 6253 3461
3 6452 6264 3459
3 6265 3518 6264
3 6448 6266 3495
3 6453 3461 6266
3 6454 6267 3878
3 6455 6229 3879
3 6455 3879 6267
3 6325 6268 3880
3 6454 3878 6268
3 6456 6269 3944
3 6456 3944 6270
3 6457 6271 3968
3 6458 6270 3969
3 6458 3969 6271
3 6275 6272 3948
3 6273 3949 6272
3 6459 3973 6273
3 6460 3985 6269
3 6461 3968 6274
3 6462 6275 3964
3 6463 6276 3973
3 6464 3990 6276
3 6465 6277 3985
3 6462 3964 6277
3 6466 6274 4017
3 6283 6278 4030
3 6280 4002 6278
3 6467 4017 6279
3 6468 4032 6280
3 6464 6281 3990
3 6284 4011 6282
3 6469 6283 4049
3 6470 4049 6284
3 6471 4053 6285
3 6287 6279 4061
3 6472 4055 6281
3 6473 6282 4055
3 6288 4065 6286
3 6474 4072 6288
3 6292 6287 4076
3 6474 6289 4072
3 6475 4066 6289
3 6476 6290 4066
3 6291 4074 6290
3 6292 4083 6291
3 6293 6208 4111
3 6409 6294 1751
3 6477 4131 6294
3 6478 6293 4222
3 6479 4226 6209
3 6480 4222 6295
3 6479 6296 4226
3 6481 4232 6296
3 6482 4248 6297
3 6483 6298 4248
3 6484 4259 6298
3 6484 6299 4259
3 6485 4263 6299
3 6486 6300 4263
3 6319 4268 6300
3 6301 6295 4309
3 6487 6301 4334
3 6488 6302 4344
3 6489 4333 6302
3 6490 6303 4333
3 6490 4334 6303
3 6491 6304 4326
3 6491 4339 6304
3 6492 6305 4339
3 4376 6306 4357
3 6493 4370 6305
3 6311 6307 4362
3 6493 6308 4370
3 6494 4389 6308
3 6310 6306 4393
3 6495 6309 4381
3 6496 4326 6309
3 6495 4381 6307
3 6497 6310 4389
3 4418 6311 4408
3 6498 4410 6312
3 6499 6313 4410
3 6500 4414 6313
3 6500 6314 4414
3 6501 6315 4422
3 6502 4418 6315
3 6501 4422 6314
3 6323 6317 4426
3 6503 4424 6317
3 6504 6318 4432
3 6320 4431 6318
3 6505 4432 6319
3 6320 6321 4437
3 6506 4458 4441
3 6321 6322 4440
3 6507 4441 6322
3 6508 4442 6316
3 6509 6323 4442
3 6325 4455 6324
3 6326 6324 4456
3 6510 6326 4471
3 6511 6327 4458
3 6329 4472 6327
3 6510 4471 6328
3 6331 6330 4490
3 6328 4478 6330
3 6512 4491 6329
3 6332 6331 4498
3 6513 6332 4492
3 6512 6333 4491
3 6335 4510 6333
3 6338 6334 4517
3 6514 4505 6335
3 6514 6336 4505
3 6515 4511 6336
3 6515 6337 4511
3 6338 4516 6337
3 6516 4525 6339
3 6517 6340 4525
3 6518 4564 6340
3 6518 6341 4564
3 6342 4591 6341
3 6519 4606 6342
3 6519 6343 4606
3 6344 4617 6343
3 6345 4620 6344
3 6520 4625 6345
3 6520 6346 4625
3 6347 4626 6346
3 6521 4627 6347
3 6521 6348 4627
3 6349 4629 6348
3 6355 4631 6349
3 6352 6350 4624
3 6316 4622 6350
3 6356 6351 4631
3 6356 4772 6351
3 6353 6352 4778
3 6522 6353 4769
3 6523 6354 4770
3 6522 4769 6354
3 6524 6355 4771
3 6523 4770 6355
3 6525 4771 6356
3 6526 6357 4424
3 6527 4881 6357
3 6498 6312 4880
3 6360 6358 4896
3 6498 4880 6358
3 6527 6359 4881
3 6528 6360 4897
3 6362 6361 4910
3 6528 4897 6361
3 6529 4920 6359
3 6530 4934 6363
3 6531 6362 4933
3 6530 6364 4934
3 6532 4935 6364
3 6532 6365 4935
3 6533 4933 6365
3 6368 5138 6171
3 6534 5129 6366
3 6535 6367 5129
3 6370 6168 5153
3 6536 5131 6168
3 6370 5155 6368
3 6536 6369 5131
3 6537 5174 6369
3 6372 6371 5191
3 6534 5190 6371
3 6537 6373 5174
3 6372 5192 6373
3 6538 1304 6367
3 6534 6366 5190
3 6539 6374 1304
3 6539 1302 6374
3 6376 1261 6375
3 6377 6375 5743
3 6378 6377 5751
3 6540 6378 5798
3 6380 6379 5822
3 6541 5798 6379
3 6381 6380 5833
3 6382 6381 5845
3 6542 6382 5894
3 6543 6383 5950
3 6543 5950 6384
3 6544 6385 6006
3 6545 6029 6385
3 6546 6386 6029
3 6547 6384 6066
3 6548 6066 6387
3 6388 6099 6386
3 6389 6117 6388
3 6390 6387 6114
3 6391 6125 6389
3 6391 6390 6115
3 6549 6156 6392
3 6549 6339 6156
3 6158 6392 6157
3 6550 6161 6163
3 6551 6163 6394
3 6552 6395 6164
3 6553 6165 6376
3 6554 6166 6165
3 6554 6167 6166
3 6551 6394 6167
3 6539 6396 1302
3 6398 6397 1316
3 6536 6168 6397
3 6555 6173 6168
3 6556 6398 6169
3 6174 10169 6173
3 6555 6171 6173
3 6557 6169 6172
3 6400 6399 1348
3 6558 6172 6399
3 6177 6400 6175
3 6559 6177 6401
3 6560 6179 6403
3 6561 6187 6179
3 6562 6402 6180
3 6411 6404 1602
3 6563 6181 6404
3 6564 6185 6181
3 6564 6182 6185
3 6560 6403 6182
3 6565 6183 6186
3 6565 6184 6183
3 6566 6188 6184
3 6567 6405 1663
3 6568 6186 6405
3 6569 6180 6191
3 6567 6406 6170
3 6567 1663 6406
3 6561 6195 6187
3 6570 6189 6188
3 6571 6407 6189
3 6572 6190 6407
3 6573 6408 6190
3 6413 1692 6408
3 6574 6191 6198
3 6404 6193 6410
3 6573 6194 6197
3 6575 6196 6195
3 6575 6412 6196
3 6576 1755 6412
3 6573 6197 6413
3 6574 6198 6200
3 6577 6199 6201
3 6578 6410 6199
3 6415 6202 6194
3 6579 6201 6204
3 6580 6200 6203
3 6579 6204 6206
3 6580 6203 6205
3 6414 6207 6202
3 6415 2004 6414
3 6581 6205 6210
3 6582 6206 6415
3 6583 6416 6208
3 6479 6209 6416
3 6418 6417 2121
3 6418 6210 6417
3 6584 6211 6215
3 6584 6418 6211
3 6585 6212 6217
3 6586 6419 6212
3 6214 6213 6419
3 6587 6216 6214
3 6588 6219 6216
3 6589 6215 6220
3 6218 6217 6420
3 6590 6220 6421
3 6425 6422 2583
3 6585 6218 6422
3 6588 6223 6219
3 6591 6221 6227
3 6592 6421 6221
3 6593 6222 6226
3 6586 6423 6222
3 6594 6226 6223
3 6595 6224 6424
3 6595 6425 6224
3 6596 6225 6423
3 6597 6426 6225
3 6598 6427 2888
3 6424 6228 6427
3 6599 6230 6232
3 6599 6428 6230
3 6600 2888 6428
3 6597 6231 6426
3 6601 6227 6429
3 6602 6430 6229
3 6603 6431 6231
3 6243 6233 6432
3 6439 6429 6233
3 6604 6234 6430
3 6237 6235 6242
3 6237 6433 6235
3 6237 6236 6433
3 6243 6432 6238
3 6604 6434 6234
3 6599 6232 6434
3 6435 6239 6431
3 6605 3183 6435
3 6606 6436 3191
3 6607 6238 6436
3 6608 6437 3183
3 6263 6241 6437
3 6609 6240 6244
3 6237 6242 6240
3 6610 6438 6237
3 6606 3191 6438
3 6233 6243 6439
3 6609 6244 6243
3 6611 6245 6246
3 6247 6440 6245
3 6442 6441 3282
3 6612 6246 6441
3 6245 6439 6247
3 6254 6442 6248
3 6263 6443 6249
3 6445 3359 6443
3 6251 6250 6253
3 6259 6444 6251
3 6449 3413 6444
3 6613 6252 6445
3 6449 6446 3413
3 6256 6254 6446
3 6614 6447 6252
3 6452 3459 6447
3 6615 6255 6259
3 6616 6448 6255
3 6617 6256 6257
3 6446 6449 6256
3 6444 3479 6449
3 6618 6257 6258
3 6619 6258 6260
3 6620 6260 6450
3 6621 6261 6265
3 6622 6262 6261
3 6623 6450 6262
3 6615 6451 3461
3 6251 6253 6451
3 6621 6264 6452
3 6621 6265 6264
3 6616 6266 6448
3 6616 6453 6266
3 6255 3461 6453
3 6624 6267 6454
3 6602 6229 6455
3 6625 6455 6267
3 6626 6268 6325
3 6626 6454 6268
3 6627 6269 6456
3 6627 6456 6270
3 6461 6457 3968
3 6628 6271 6457
3 6627 6270 6458
3 6629 6458 6271
3 6630 6272 6275
3 6631 6273 6272
3 6632 6459 6273
3 6463 3973 6459
3 6633 6460 6269
3 6465 3985 6460
3 6634 6461 6274
3 6635 6275 6462
3 6464 6276 6463
3 6462 6277 6465
3 6636 6466 4017
3 6634 6274 6466
3 6469 6278 6283
3 6637 6280 6278
3 6638 6467 6279
3 6636 4017 6467
3 6285 4032 6468
3 6639 6281 6464
3 6473 6284 6282
3 6473 6470 6284
3 6469 4049 6470
3 6468 6471 6285
3 6286 4053 6471
3 6638 6279 6287
3 6640 6472 6281
3 6473 4055 6472
3 6641 6288 6286
3 6642 6474 6288
3 6291 6287 6292
3 6475 6289 6474
3 6643 4066 6475
3 6643 6476 4066
3 6644 6290 6476
3 6645 6291 6290
3 6646 6208 6293
3 6477 6294 6409
3 6480 6478 4222
3 6646 6293 6478
3 6478 6480 6295
3 6647 6296 6479
3 6647 6481 6296
3 6297 4232 6481
3 6481 6482 6297
3 6648 4248 6482
3 6649 6483 4248
3 6484 6298 6483
3 6650 6299 6484
3 6486 6485 6299
3 6486 4263 6485
3 6651 6300 6486
3 6652 6319 6300
3 6653 6295 6301
3 6654 6487 4334
3 6655 6301 6487
3 6306 6488 4344
3 6489 6302 6488
3 6490 4333 6489
3 6654 4334 6490
3 6656 6491 4326
3 6657 4339 6491
3 6657 6492 4339
3 6493 6305 6492
3 6495 6307 6311
3 6494 6308 6493
3 6497 4389 6494
3 6488 6306 6310
3 6496 6309 6495
3 6658 4326 6496
3 6488 6310 6497
3 6502 6311 4418
3 6659 4410 6498
3 6659 6499 4410
3 6660 6313 6499
3 6661 6500 6313
3 6661 6314 6500
3 6662 6315 6501
3 6663 6502 6315
3 6664 6501 6314
3 6503 6317 6323
3 6665 4424 6503
3 6666 6504 4432
3 6667 6318 6504
3 6321 6320 6318
3 6652 6505 6319
3 6668 4432 6505
3 6507 6506 4441
3 6511 4458 6506
3 6669 6322 6321
3 6669 6507 6322
3 6670 6508 6316
3 6671 4442 6508
3 6671 6509 4442
3 6672 6323 6509
3 6626 6325 6324
3 6673 6324 6326
3 6674 6326 6510
3 6512 6327 6511
3 6512 6329 6327
3 6674 6510 6328
3 6675 6330 6331
3 6676 6328 6330
3 6677 6331 6332
3 6334 6513 4492
3 6677 6332 6513
3 6678 6333 6512
3 6514 6335 6333
3 6679 6336 6514
3 6680 6515 6336
3 6681 6337 6515
3 6682 6338 6337
3 6683 6516 6339
3 6517 4525 6516
3 6684 6340 6517
3 6684 6518 6340
3 6685 6341 6518
3 6686 6342 6341
3 6687 6519 6342
3 6688 6343 6519
3 6688 6344 6343
3 6520 6345 6344
3 6689 6346 6520
3 6689 6347 6346
3 6689 6521 6347
3 6690 6348 6521
3 6691 6349 6348
3 6692 6355 6349
3 6524 4631 6355
3 6693 6350 6352
3 6670 6316 6350
3 6525 6356 4631
3 6693 6352 6353
3 6694 6353 6522
3 6695 6354 6523
3 6694 6522 6354
3 6525 6524 4771
3 6696 6523 6355
3 6697 6526 4424
3 6359 6357 6526
3 6359 6527 6357
3 6528 6358 6360
3 6659 6498 6358
3 6528 6361 6362
3 6698 6529 6359
3 6363 4920 6529
3 6529 6530 6363
3 6533 6531 4933
3 6699 6362 6531
3 6700 6364 6530
3 6700 6532 6364
3 6701 6365 6532
3 6701 6533 6365
3 6555 6368 6171
3 6535 5129 6534
3 6538 6367 6535
3 6555 6370 6368
3 6537 6369 6536
3 6534 6371 6372
3 6702 6373 6537
3 6702 6372 6373
3 6539 1304 6538
3 6703 6376 6375
3 6703 6375 6377
3 6703 6377 6378
3 6541 6540 5798
3 6704 6378 6540
3 6541 6379 6380
3 6705 6380 6381
3 6706 6381 6382
3 6383 6542 5894
3 6707 6382 6542
3 6542 6383 6543
3 6547 6543 6384
3 6708 6385 6544
3 6708 6545 6385
3 6546 6029 6545
3 6709 6386 6546
3 6710 6547 6066
3 6710 6548 6387
3 6711 6388 6386
3 6712 6389 6388
3 6710 6387 6390
3 6712 6391 6389
3 6713 6390 6391
3 6683 6339 6549
3 6551 6550 6163
3 6396 6552 6164
3 6714 6395 6552
3 6715 6553 6376
3 6716 6165 6553
3 6716 6554 6165
3 6550 6551 6167
3 6717 6396 6539
3 6536 6397 6398
3 6370 6555 6168
3 6718 6556 6169
3 6719 6398 6556
3 6558 6557 6172
3 6718 6169 6557
3 6720 6399 6400
3 6721 6558 6399
3 6722 6400 6177
3 6723 6559 6401
3 6724 6177 6559
3 6725 6179 6560
3 6725 6561 6179
3 6726 6562 6180
3 6578 6563 6404
3 6727 6181 6563
3 6727 6564 6181
3 6728 6182 6564
3 6729 6560 6182
3 6730 6565 6186
3 6731 6184 6565
3 6732 6566 6184
3 6733 6188 6566
3 6734 6405 6567
3 6735 6568 6405
3 6561 6186 6568
3 6574 6569 6191
3 6726 6180 6569
3 6576 6567 6170
3 6735 6195 6561
3 6733 6570 6188
3 6571 6189 6570
3 6736 6407 6571
3 6737 6572 6407
3 6415 6190 6572
3 6415 6573 6190
3 6413 6408 6573
3 6578 6404 6410
3 6411 6193 6404
3 6415 6194 6573
3 6734 6575 6195
3 6738 6412 6575
3 6567 6576 6412
3 6739 1755 6576
3 6740 6574 6200
3 6579 6577 6201
3 6578 6199 6577
3 6414 6202 6415
3 6740 6200 6580
3 6582 6579 6206
3 6741 6580 6205
3 6742 6581 6210
3 6743 6205 6581
3 6572 6582 6415
3 6478 6583 6208
3 6479 6416 6583
3 6742 6210 6418
3 6744 6584 6215
3 6745 6418 6584
3 6218 6585 6217
3 6746 6212 6585
3 6746 6586 6212
3 6593 6419 6586
3 6587 6214 6419
3 6588 6216 6587
3 6590 6589 6220
3 6747 6215 6589
3 6747 6590 6421
3 6585 6422 6425
3 6601 6591 6227
3 6748 6221 6591
3 6748 6592 6221
3 6747 6421 6592
3 6594 6593 6226
3 6593 6586 6222
3 6596 6423 6586
3 6588 6594 6223
3 6749 6595 6424
3 6749 6425 6595
3 6750 6225 6596
3 6750 6597 6225
3 6751 6598 2888
3 6752 6427 6598
3 6752 6424 6427
3 6753 6428 6599
3 6753 6600 6428
3 6751 2888 6600
3 6754 6231 6597
3 6755 6601 6429
3 6756 6430 6602
3 6757 6603 6231
3 6605 6431 6603
3 6758 6429 6439
3 6756 6604 6430
3 6609 6243 6238
3 6759 6434 6604
3 6760 6599 6434
3 6605 6435 6431
3 6761 3183 6605
3 6762 6436 6606
3 6762 6607 6436
3 6240 6238 6607
3 6761 6608 3183
3 6761 6437 6608
3 6443 6263 6437
3 6238 6240 6609
3 6610 6237 6240
3 6763 6438 6610
3 6763 6606 6438
3 6764 6611 6246
3 6764 6245 6611
3 6765 6441 6442
3 6766 6612 6441
3 6764 6246 6612
3 6767 6439 6245
3 6765 6442 6254
3 6613 6445 6443
3 6451 6259 6251
3 6768 6252 6613
3 6769 6254 6256
3 6770 6614 6252
3 6771 6447 6614
3 6771 6452 6447
3 6451 6615 6259
3 3461 6255 6615
3 6453 6616 6255
3 6772 6617 6257
3 6769 6256 6617
3 6619 6618 6258
3 6773 6257 6618
3 6774 6619 6260
3 6775 6620 6450
3 6774 6260 6620
3 6776 6261 6621
3 6776 6622 6261
3 6623 6262 6622
3 6775 6450 6623
3 6771 6621 6452
3 6777 6624 6454
3 6625 6267 6624
3 6778 6602 6455
3 6778 6455 6625
3 6779 6454 6626
3 6780 6269 6627
3 6781 6457 6461
3 6781 6628 6457
3 6782 6271 6628
3 6629 6627 6458
3 6783 6629 6271
3 6635 6630 6275
3 6631 6272 6630
3 6632 6273 6631
3 6631 6459 6632
3 6464 6463 6459
3 6780 6633 6269
3 6465 6460 6633
3 6784 6461 6634
3 6785 6635 6462
3 6786 6462 6465
3 6787 6466 6636
3 6788 6634 6466
3 6637 6278 6469
3 6468 6280 6637
3 6787 6467 6638
3 6787 6636 6467
3 6789 6639 6464
3 6640 6281 6639
3 6790 6470 6473
3 6791 6469 6470
3 6791 6471 6468
3 6641 6286 6471
3 6792 6638 6287
3 6793 6472 6640
3 6794 6473 6472
3 6795 6288 6641
3 6796 6642 6288
3 6475 6474 6642
3 6797 6287 6291
3 6798 6643 6475
3 6799 6476 6643
3 6799 6644 6476
3 6800 6290 6644
3 6800 6645 6290
3 6797 6291 6645
3 6478 6208 6646
3 6653 6478 6295
3 6801 6647 6479
3 6802 6481 6647
3 6803 6648 6482
3 6804 4248 6648
3 6804 6649 4248
3 6805 6483 6649
3 6650 6484 6483
3 6806 6299 6650
3 6806 6486 6299
3 6807 6651 6486
3 6652 6300 6651
3 6655 6653 6301
3 6808 6487 6654
3 6808 6655 6487
3 6809 6489 6488
3 6809 6490 6489
3 6810 6654 6490
3 6811 6656 4326
3 6812 6491 6656
3 6813 6657 6491
3 6814 6492 6657
3 6814 6493 6492
3 6815 6495 6311
3 6816 6494 6493
3 6816 6497 6494
3 6817 6496 6495
3 6818 6658 6496
3 6811 4326 6658
3 6809 6488 6497
3 6815 6311 6502
3 6819 6499 6659
3 6820 6660 6499
3 6821 6313 6660
3 6821 6661 6313
3 6664 6314 6661
3 6822 6662 6501
3 6823 6315 6662
3 6824 6663 6315
3 6824 6502 6663
3 6825 6501 6664
3 6826 6503 6323
3 6826 6665 6503
3 6697 4424 6665
3 6827 6666 4432
3 6828 6504 6666
3 6828 6667 6504
3 6321 6318 6667
3 6668 6505 6652
3 6827 4432 6668
3 6829 6506 6507
3 6830 6511 6506
3 6667 6669 6321
3 6829 6507 6669
3 6831 6508 6670
3 6832 6671 6508
3 6672 6509 6671
3 6833 6323 6672
3 6834 6626 6324
3 6674 6673 6326
3 6834 6324 6673
3 6830 6512 6511
3 6835 6674 6328
3 6677 6675 6331
3 6676 6330 6675
3 6835 6328 6676
3 6836 6513 6334
3 6837 6677 6513
3 6838 6678 6512
3 6679 6333 6678
3 6679 6514 6333
3 6839 6336 6679
3 6840 6680 6336
3 6841 6515 6680
3 6842 6681 6515
3 6843 6337 6681
3 6843 6682 6337
3 6844 6338 6682
3 6845 6516 6683
3 6845 6517 6516
3 6846 6684 6517
3 6685 6518 6684
3 6686 6341 6685
3 6847 6342 6686
3 6847 6687 6342
3 6688 6519 6687
3 6687 6344 6688
3 6689 6520 6344
3 6848 6521 6689
3 6848 6690 6521
3 6849 6348 6690
3 6850 6691 6348
3 6692 6349 6691
3 6851 6355 6692
3 6525 4631 6524
3 6852 6350 6693
3 6853 6670 6350
3 6854 6693 6353
3 6855 6353 6694
3 6696 6695 6523
3 6694 6354 6695
3 6851 6696 6355
3 6665 6526 6697
3 6856 6359 6526
3 6659 6358 6528
3 6857 6528 6362
3 6858 6698 6359
3 6700 6529 6698
3 6700 6530 6529
3 6859 6531 6533
3 6859 6699 6531
3 6860 6362 6699
3 6701 6532 6700
3 6861 6533 6701
3 6862 6535 6534
3 6539 6538 6535
3 6719 6537 6536
3 6863 6534 6372
3 6719 6702 6537
3 6863 6372 6702
3 6715 6376 6703
3 6704 6703 6378
3 6864 6540 6541
3 6865 6704 6540
3 6705 6541 6380
3 6866 6705 6381
3 6707 6706 6382
3 6866 6381 6706
3 6867 6707 6542
3 6868 6542 6543
3 6869 6543 6547
3 6870 6545 6708
3 6871 6546 6545
3 6871 6709 6546
3 6711 6386 6709
3 6548 6710 6066
3 6872 6547 6710
3 6709 6388 6711
3 6709 6712 6388
3 6873 6710 6390
3 6874 6391 6712
3 6875 6713 6391
3 6876 6390 6713
3 6717 6552 6396
3 6877 6714 6552
3 6716 6553 6715
3 6535 6717 6539
3 6719 6536 6398
3 6878 6556 6718
3 6878 6719 6556
3 6721 6557 6558
3 6878 6718 6557
3 6722 6720 6400
3 6879 6399 6720
3 6880 6721 6399
3 6724 6722 6177
3 6729 6725 6560
3 6881 6561 6725
3 6577 6563 6578
3 6882 6727 6563
3 6883 6564 6727
3 6884 6728 6564
3 6729 6182 6728
3 6561 6730 6186
3 6885 6565 6730
3 6886 6731 6565
3 6732 6184 6731
3 6733 6566 6732
3 6738 6734 6567
3 6735 6405 6734
3 6561 6568 6735
3 6887 6569 6574
3 6887 6726 6569
3 6888 6576 6170
3 6734 6195 6735
3 6571 6570 6733
3 6889 6736 6571
3 6890 6407 6736
3 6891 6737 6407
3 6891 6572 6737
3 6738 6575 6734
3 6567 6412 6738
3 6892 6739 6576
3 4130 1755 6739
3 6887 6574 6740
3 6882 6577 6579
3 6893 6740 6580
3 6894 6579 6582
3 6895 6741 6205
3 6893 6580 6741
3 6896 6581 6742
3 6897 6743 6581
3 6895 6205 6743
3 6894 6582 6572
3 6479 6583 6478
3 6896 6742 6418
3 6747 6744 6215
3 6898 6584 6744
3 6899 6745 6584
3 6900 6418 6745
3 6901 6746 6585
3 6901 6586 6746
3 6594 6419 6593
3 6588 6587 6419
3 6747 6589 6590
3 6902 6585 6425
3 6903 6591 6601
3 6904 6748 6591
3 6904 6592 6748
3 6904 6747 6592
3 6901 6596 6586
3 6419 6594 6588
3 6905 6749 6424
3 6906 6425 6749
3 6907 6750 6596
3 6907 6597 6750
3 6600 6598 6751
3 6908 6752 6598
3 6908 6424 6752
3 6760 6753 6599
3 6909 6600 6753
3 6907 6754 6597
3 6910 6231 6754
3 6758 6755 6429
3 6911 6601 6755
3 6912 6756 6602
3 6910 6757 6231
3 6913 6603 6757
3 6914 6605 6603
3 6767 6758 6439
3 6915 6604 6756
3 6915 6759 6604
3 6760 6434 6759
3 6916 6761 6605
3 6763 6762 6606
3 6240 6607 6762
3 6916 6437 6761
3 6613 6443 6437
3 6762 6610 6240
3 6762 6763 6610
3 6917 6245 6764
3 6918 6441 6765
3 6919 6766 6441
3 6920 6612 6766
3 6920 6764 6612
3 6769 6765 6254
3 6921 6768 6613
3 6922 6252 6768
3 6922 6770 6252
3 6923 6614 6770
3 6923 6771 6614
3 6924 6772 6257
3 6769 6617 6772
3 6774 6618 6619
3 6925 6773 6618
3 6924 6257 6773
3 6618 6620 6775
3 6618 6774 6620
3 6926 6776 6621
3 6926 6622 6776
3 6927 6623 6622
3 6927 6775 6623
3 6928 6621 6771
3 6779 6777 6454
3 6778 6624 6777
3 6778 6625 6624
3 6912 6602 6778
3 6834 6779 6626
3 6929 6780 6627
3 6930 6781 6461
3 6930 6628 6781
3 6931 6782 6628
3 6783 6627 6629
3 6782 6783 6271
3 6932 6630 6635
3 6459 6631 6630
3 6933 6464 6459
3 6934 6633 6780
3 6786 6465 6633
3 6935 6784 6634
3 6930 6461 6784
3 6786 6785 6462
3 6936 6635 6785
3 6937 6466 6787
3 6937 6788 6466
3 6938 6634 6788
3 6939 6637 6469
3 6939 6468 6637
3 6937 6787 6638
3 6940 6789 6464
3 6640 6639 6789
3 6794 6790 6473
3 6794 6470 6790
3 6941 6791 6470
3 6939 6469 6791
3 6939 6791 6468
3 6942 6471 6791
3 6943 6641 6471
3 6797 6792 6287
3 6797 6638 6792
3 6789 6793 6640
3 6794 6472 6793
3 6943 6795 6641
3 6796 6288 6795
3 6944 6642 6796
3 6945 6475 6642
3 6946 6798 6475
3 6947 6643 6798
3 6800 6799 6643
3 6800 6644 6799
3 6948 6645 6800
3 6949 6797 6645
3 6950 6478 6653
3 6478 6801 6479
3 6950 6647 6801
3 6951 6802 6647
3 6482 6481 6802
3 6802 6803 6482
3 6952 6648 6803
3 6953 6804 6648
3 6954 6649 6804
3 6954 6805 6649
3 6650 6483 6805
3 6805 6806 6650
3 6955 6486 6806
3 6956 6807 6486
3 6652 6651 6807
3 6950 6653 6655
3 6951 6808 6654
3 6951 6655 6808
3 6957 6490 6809
3 6493 6810 6490
3 6814 6654 6810
3 6958 6656 6811
3 6959 6812 6656
3 6814 6657 6813
3 6810 6493 6814
3 6817 6495 6815
3 6957 6816 6493
3 6957 6497 6816
3 6960 6496 6817
3 6961 6818 6496
3 6958 6658 6818
3 6958 6811 6658
3 6957 6809 6497
3 6824 6815 6502
3 6962 6819 6659
3 6820 6499 6819
3 6963 6660 6820
3 6963 6821 6660
3 6664 6661 6821
3 6964 6662 6822
3 6964 6823 6662
3 6965 6315 6823
3 6965 6824 6315
3 6822 6501 6825
3 6966 6826 6323
3 6967 6665 6826
3 6968 6666 6827
3 6969 6828 6666
3 6669 6667 6828
3 6970 6668 6652
3 6971 6827 6668
3 6830 6506 6829
3 6972 6829 6669
3 6973 6831 6670
3 6832 6508 6831
3 6831 6671 6832
3 6974 6672 6671
3 6974 6833 6672
3 6966 6323 6833
3 6975 6673 6674
3 6976 6834 6673
3 6977 6512 6830
3 6676 6674 6835
3 6837 6675 6677
3 6978 6676 6675
3 6979 6836 6334
3 6979 6513 6836
3 6980 6837 6513
3 6981 6838 6512
3 6679 6678 6838
3 6838 6839 6679
3 6982 6336 6839
3 6982 6840 6336
3 6841 6680 6840
3 6983 6515 6841
3 6984 6842 6515
3 6985 6681 6842
3 6986 6843 6681
3 6844 6682 6843
3 6979 6338 6844
3 6987 6517 6845
3 6987 6846 6517
3 6988 6684 6846
3 6988 6686 6685
3 6989 6847 6686
3 6990 6687 6847
3 6991 6344 6687
3 6992 6689 6344
3 6993 6848 6689
3 6994 6690 6848
3 6994 6849 6690
3 6995 6348 6849
3 6995 6850 6348
3 6996 6691 6850
3 6996 6692 6691
3 6997 6851 6692
3 6854 6852 6693
3 6998 6350 6852
3 6998 6853 6350
3 6973 6670 6853
3 6999 6854 6353
3 7000 6855 6694
3 7001 6353 6855
3 7000 6695 6696
3 7000 6696 6851
3 6856 6526 6665
3 6858 6359 6856
3 6962 6659 6528
3 6860 6857 6362
3 7002 6528 6857
3 7003 6698 6858
3 7004 6700 6698
3 6861 6859 6533
3 7005 6699 6859
3 7005 6860 6699
3 6861 6701 6700
3 6878 6862 6534
3 7006 6535 6862
3 6878 6534 6863
3 6863 6702 6719
3 7007 6715 6703
3 6865 6703 6704
3 7008 6864 6541
3 7009 6540 6864
3 7010 6865 6540
3 7008 6541 6705
3 7011 6705 6866
3 6866 6706 6707
3 6868 6867 6542
3 7012 6707 6867
3 6869 6868 6543
3 6872 6869 6547
3 6871 6545 6870
3 6712 6709 6871
3 6876 6872 6710
3 6876 6873 6390
3 6876 6710 6873
3 7013 6874 6712
3 7013 6391 6874
3 7014 6875 6391
3 7015 6713 6875
3 7016 6876 6713
3 6877 6552 6717
3 7017 6717 6535
3 6863 6719 6878
3 6878 6557 6721
3 7018 6720 6722
3 7019 6879 6720
3 7020 6399 6879
3 7020 6880 6399
3 6878 6721 6880
3 7021 6725 6729
3 6730 6881 6725
3 6730 6561 6881
3 6882 6563 6577
3 7023 6727 6882
3 7023 6883 6727
3 7024 6564 6883
3 7024 6884 6564
3 7025 6728 6884
3 6890 6729 6728
3 6725 6885 6730
3 6886 6565 6885
3 7026 6731 6886
3 6733 6732 6731
3 7022 6726 6887
3 4130 6888 6170
3 6892 6576 6888
3 7027 6571 6733
3 6890 6736 6889
3 7025 6407 6890
3 7025 6891 6407
3 7024 6572 6891
3 7028 6739 6892
3 7028 4130 6739
3 7029 6887 6740
3 7023 6882 6579
3 7030 6740 6893
3 7023 6579 6894
3 7031 6741 6895
3 7032 6893 6741
3 7033 6581 6896
3 7033 6897 6581
3 7031 6743 6897
3 7031 6895 6743
3 6883 6894 6572
3 6900 6896 6418
3 6898 6744 6747
3 7034 6584 6898
3 7034 6899 6584
3 7035 6745 6899
3 6596 6901 6585
3 6906 6902 6425
3 7036 6585 6902
3 6911 6903 6601
3 7037 6591 6903
3 7038 6904 6591
3 6898 6747 6904
3 7039 6905 6424
3 7040 6749 6905
3 7036 6907 6596
3 7041 6598 6600
3 7042 6908 6598
3 7043 6424 6908
3 6759 6753 6760
3 7044 6909 6753
3 7041 6600 6909
3 7045 6754 6907
3 6757 6910 6754
3 6767 6755 6758
3 7046 6911 6755
3 7047 6756 6912
3 7048 6913 6757
3 6914 6603 6913
3 6916 6605 6914
3 7047 6915 6756
3 7049 6759 6915
3 7050 6437 6916
3 7051 6613 6437
3 6920 6917 6764
3 7052 6245 6917
3 7053 6918 6765
3 7054 6441 6918
3 7055 6919 6441
3 6920 6766 6919
3 7053 6765 6769
3 7056 6921 6613
3 7057 6768 6921
3 7057 6922 6768
3 7058 6770 6922
3 7059 6923 6770
3 6928 6771 6923
3 7060 6772 6924
3 7061 6769 6772
3 7062 6925 6618
3 6924 6773 6925
3 7063 6618 6775
3 6928 6926 6621
3 7064 6622 6926
3 7064 6927 6622
3 7065 6775 6927
3 7066 6777 6779
3 6912 6778 6777
3 7067 6779 6834
3 7068 6929 6627
3 6784 6628 6930
3 7069 6931 6628
3 6783 6782 6931
3 7070 6627 6783
3 7071 6932 6635
3 6459 6630 6932
3 7072 6933 6459
3 6940 6464 6933
3 6929 6934 6780
3 6786 6633 6934
3 6938 6935 6634
3 7073 6784 6935
3 7074 6785 6786
3 7074 6936 6785
3 7071 6635 6936
3 6949 6788 6937
3 7075 6938 6788
3 6797 6937 6638
3 6793 6789 6940
3 6941 6470 6794
3 7076 6791 6941
3 7077 6942 6791
3 7078 6471 6942
3 7078 6943 6471
3 7076 6794 6793
3 6796 6795 6943
3 7079 6944 6796
3 6945 6642 6944
3 6946 6475 6945
3 7080 6798 6946
3 7081 6947 6798
3 7081 6643 6947
3 7081 6800 6643
3 7081 6948 6800
3 6949 6645 6948
3 7082 6797 6949
3 6801 6478 6950
3 7083 6647 6950
3 7083 6951 6647
3 6803 6802 6951
3 6951 6952 6803
3 7084 6648 6952
3 7084 6953 6648
3 7085 6804 6953
3 7086 6954 6804
3 7086 6805 6954
3 6955 6806 6805
3 6956 6486 6955
3 7087 6807 6956
3 7088 6652 6807
3 7083 6950 6655
3 7084 6951 6654
3 7083 6655 6951
3 6493 6490 6957
3 6813 6654 6814
3 6959 6656 6958
3 7089 6812 6959
3 6824 6817 6815
3 6824 6960 6817
3 7090 6496 6960
3 7090 6961 6496
3 7091 6818 6961
3 7092 6958 6818
3 7093 6819 6962
3 7094 6820 6819
3 7094 6963 6820
3 6664 6821 6963
3 7095 6964 6822
3 7095 6823 6964
3 7090 6965 6823
3 7090 6824 6965
3 7096 6822 6825
3 7097 6826 6966
3 7098 6967 6826
3 6858 6665 6967
3 6971 6968 6827
3 7099 6666 6968
3 7099 6969 6666
3 6972 6828 6969
3 6972 6669 6828
3 7088 6970 6652
3 6971 6668 6970
3 6977 6830 6829
3 7100 6829 6972
3 7101 6831 6973
3 7102 6671 6831
3 7102 6974 6671
3 7103 6833 6974
3 7104 6966 6833
3 7105 6975 6674
3 6976 6673 6975
3 7067 6834 6976
3 7100 6512 6977
3 7106 6674 6676
3 6978 6675 6837
3 7106 6676 6978
3 6338 6979 6334
3 7107 6513 6979
3 7107 6980 6513
3 7108 6837 6980
3 7109 6981 6512
3 6839 6838 6981
3 6981 6982 6839
3 7110 6840 6982
3 7110 6841 6840
3 7110 6983 6841
3 7111 6515 6983
3 7111 6984 6515
3 7111 6842 6984
3 7112 6985 6842
3 7113 6681 6985
3 7113 6986 6681
3 7113 6843 6986
3 7114 6844 6843
3 7115 6979 6844
3 7116 6846 6987
3 7116 6988 6846
3 6685 6684 6988
3 7117 6686 6988
3 7117 6989 6686
3 6990 6847 6989
3 7118 6687 6990
3 7118 6991 6687
3 6992 6344 6991
3 6993 6689 6992
3 7119 6848 6993
3 7120 6994 6848
3 7121 6849 6994
3 7121 6995 6849
3 7122 6850 6995
3 7123 6996 6850
3 7123 6692 6996
3 7123 6997 6692
3 7000 6851 6997
3 6999 6852 6854
3 7124 6998 6852
3 7125 6853 6998
3 7126 6973 6853
3 7124 6999 6353
3 6695 7000 6694
3 6997 6855 7000
3 7127 7001 6855
3 7124 6353 7001
3 6858 6856 6665
3 7002 6962 6528
3 7128 6857 6860
3 7128 7002 6857
3 7098 7003 6858
3 7004 6698 7003
3 7129 6700 7004
3 7130 6859 6861
3 7130 7005 6859
3 7131 6860 7005
3 7129 6861 6700
3 7006 6862 6878
3 6880 6535 7006
3 6865 7007 6703
3 7132 7009 6864
3 7009 7010 6540
3 7132 6865 7010
3 7133 7008 6705
3 7134 7011 6866
3 7012 6866 6707
3 7135 6867 6868
3 6872 6868 6869
3 7137 6871 6870
3 7137 6712 6871
3 6868 6872 6876
3 7138 7013 6712
3 7014 6391 7013
3 7139 6875 7014
3 7139 7015 6875
3 7016 6713 7015
3 7015 6876 7016
3 6880 7017 6535
3 7140 6717 7017
3 7019 6720 7018
3 7017 7020 6879
3 7006 6878 6880
3 7141 7021 6729
3 6885 6725 7021
3 6894 6883 7023
3 6572 7024 6883
3 7025 6884 7024
3 6890 6728 7025
3 7141 6729 6890
3 7021 6886 6885
3 7021 7026 6886
3 6733 6731 7026
3 7142 7022 6887
3 7028 6888 4130
3 7028 6892 6888
3 7143 7027 6733
3 7141 6890 6889
3 7024 6891 7025
3 7144 7029 6740
3 7142 6887 7029
3 7032 7030 6893
3 7144 6740 7030
3 7032 6741 7031
3 6897 7033 6896
3 7145 7031 6897
3 7035 6896 6900
3 7146 7034 6898
3 7146 6899 7034
3 7147 7035 6899
3 6900 6745 7035
3 7036 6596 6585
3 7040 6902 6906
3 7148 7036 6902
3 7149 6903 6911
3 7149 7037 6903
3 7150 6591 7037
3 7150 7038 6591
3 7151 6904 7038
3 7146 6898 6904
3 7152 7039 6424
3 7153 6905 7039
3 6906 6749 7040
3 7045 6907 7036
3 7042 6598 7041
3 7154 6908 7042
3 7155 7043 6908
3 7156 6424 7043
3 7049 6753 6759
3 7157 7044 6753
3 7158 6909 7044
3 7042 7041 6909
3 7159 6754 7045
3 7159 6757 6754
3 7046 6755 6767
3 7149 6911 7046
3 7066 7047 6912
3 7160 7048 6757
3 7161 6913 7048
3 7162 6914 6913
3 7163 6916 6914
3 7164 6915 7047
3 7157 7049 6915
3 7165 7050 6916
3 7051 6437 7050
3 7166 6613 7051
3 7167 6917 6920
3 7168 7052 6917
3 7168 6245 7052
3 7054 6918 7053
3 7169 6441 7054
3 7170 7055 6441
3 7171 6919 7055
3 7172 6920 6919
3 7173 7053 6769
3 7166 7056 6613
3 7174 6921 7056
3 7174 7057 6921
3 7058 6922 7057
3 7059 6770 7058
3 7175 6923 7059
3 7175 6928 6923
3 6925 7060 6924
3 7061 6772 7060
3 7176 7062 6618
3 7176 6925 7062
3 7177 7063 6775
3 7177 6618 7063
3 7178 6926 6928
3 7179 7064 6926
3 7179 6927 7064
3 7180 7065 6927
3 7177 6775 7065
3 7067 7066 6779
3 6912 6777 7066
3 7070 7068 6627
3 7074 6929 7068
3 7069 6628 6784
3 7181 6931 7069
3 7182 6783 6931
3 7183 7070 6783
3 7184 6932 7071
3 7072 6459 6932
3 6940 6933 7072
3 7074 6934 6929
3 7074 6786 6934
3 7185 6935 6938
3 7186 7073 6935
3 7187 6784 7073
3 7188 6936 7074
3 7184 7071 6936
3 7082 6949 6937
3 7189 6788 6949
3 7189 7075 6788
3 7185 6938 7075
3 7082 6937 6797
3 7190 6793 6940
3 7076 6941 6794
3 7191 6791 7076
3 7191 7077 6791
3 7078 6942 7077
3 7192 6943 7078
3 7193 7076 6793
3 7194 6796 6943
3 7195 7079 6796
3 7196 6944 7079
3 7196 6945 6944
3 7197 6946 6945
3 7198 7080 6946
3 7199 6798 7080
3 7199 7081 6798
3 7200 6948 7081
3 7189 6949 6948
3 7084 6952 6951
3 7201 7085 6953
3 7086 6804 7085
3 6955 6805 7086
3 7087 6956 6955
3 7202 6807 7087
3 7203 7088 6807
3 7204 6654 6813
3 7092 6959 6958
3 7205 7089 6959
3 7206 6812 7089
3 7090 6960 6824
3 7207 6961 7090
3 7207 7091 6961
3 7092 6818 7091
3 7208 7093 6962
3 7094 6819 7093
3 7209 6963 7094
3 7210 7095 6822
3 7211 6823 7095
3 7211 7090 6823
3 7212 7096 6825
3 7213 6822 7096
3 7214 7097 6966
3 7098 6826 7097
3 7098 6858 6967
3 7215 6968 6971
3 7216 7099 6968
3 7217 6969 7099
3 7218 6972 6969
3 7219 6970 7088
3 7220 6971 6970
3 7100 6977 6829
3 7218 7100 6972
3 7126 7101 6973
3 7102 6831 7101
3 7103 6974 7102
3 7103 7104 6833
3 7214 6966 7104
3 7221 7105 6674
3 7222 6975 7105
3 7223 6976 6975
3 7224 7067 6976
3 7218 6512 7100
3 7221 6674 7106
3 7225 6978 6837
3 7225 7106 6978
3 7226 7107 6979
3 7227 6980 7107
3 7228 7108 6980
3 7229 6837 7108
3 7230 7109 6512
3 7231 6981 7109
3 7110 6982 6981
3 7111 6983 7110
3 7112 6842 7111
3 7232 6985 7112
3 7233 7113 6985
3 7234 6843 7113
3 7234 7114 6843
3 7115 6844 7114
3 7235 6979 7115
3 7237 7116 6987
3 7117 6988 7116
3 7238 6989 7117
3 7239 6990 6989
3 7239 7118 6990
3 7240 6991 7118
3 7241 6992 6991
3 7119 6993 6992
3 7120 6848 7119
3 7242 6994 7120
3 7242 7121 6994
3 7242 6995 7121
3 7242 7122 6995
3 7243 6850 7122
3 7243 7123 6850
3 7244 6997 7123
3 7124 6852 6999
3 7245 6998 7124
3 7245 7125 6998
3 7126 6853 7125
3 7127 6855 6997
3 7246 7001 7127
3 7247 7124 7001
3 7208 6962 7002
3 7131 7128 6860
3 7208 7002 7128
3 7097 7003 7098
3 7248 7004 7003
3 7248 7129 7004
3 7249 7130 6861
3 7250 7005 7130
3 7250 7131 7005
3 7251 7007 6865
3 7010 7009 7132
3 7011 7133 6705
3 7012 7134 6866
3 7137 6870 7136
3 7252 6712 7137
3 7253 6868 6876
3 7252 7138 6712
3 7137 7013 7138
3 7254 7014 7013
3 7255 7139 7014
3 7256 7015 7139
3 7253 6876 7015
3 6879 7140 7017
3 6880 7020 7017
3 7143 7021 7141
3 7143 7026 7021
3 7257 7022 7142
3 7026 7143 6733
3 6889 7027 7143
3 7258 7029 7144
3 7258 7142 7029
3 7259 7030 7032
3 7259 7144 7030
3 7145 7032 7031
3 7260 6897 6896
3 7261 7145 6897
3 7260 6896 7035
3 7262 6899 7146
3 7262 7147 6899
3 7263 7035 7147
3 7264 6902 7040
3 7264 7148 6902
3 7045 7036 7148
3 7265 7037 7149
3 7266 7150 7037
3 7267 7038 7150
3 7267 7151 7038
3 7268 6904 7151
3 7268 7146 6904
3 7156 7152 6424
3 7269 7039 7152
3 7040 6905 7153
3 7270 7154 7042
3 7155 6908 7154
3 7161 7043 7155
3 7271 7156 7043
3 7157 6753 7049
3 7272 7044 7157
3 7272 7158 7044
3 7273 6909 7158
3 7273 7042 6909
3 7274 7159 7045
3 7269 6757 7159
3 7275 7046 6767
3 7168 7149 7046
3 7276 7047 7066
3 7152 7160 6757
3 7271 7048 7160
3 7271 7161 7048
3 7277 6913 7161
3 7278 7162 6913
3 7279 6914 7162
3 7279 7163 6914
3 7165 6916 7163
3 7280 7164 7047
3 7280 6915 7164
3 7281 7157 6915
3 7051 7050 7165
3 7165 7166 7051
3 7172 7167 6920
3 7282 6917 7167
3 7282 7168 6917
3 7275 6245 7168
3 7283 7054 7053
3 7283 7169 7054
3 7284 6441 7169
3 7284 7170 6441
3 7171 7055 7170
3 7285 6919 7171
3 7286 7172 6919
3 7287 7173 6769
3 7283 7053 7173
3 7288 7056 7166
3 7289 7174 7056
3 7290 7057 7174
3 7290 7058 7057
3 7291 7059 7058
3 7178 7175 7059
3 7178 6928 7175
3 7176 7060 6925
3 7176 7061 7060
3 7292 7176 6618
3 7293 6618 7177
3 7179 6926 7178
3 7180 6927 7179
3 7294 7065 7180
3 7295 7177 7065
3 7276 7066 7067
3 7074 7068 7070
3 7187 7069 6784
3 7187 7181 7069
3 7296 6931 7181
3 7296 7182 6931
3 7183 6783 7182
3 7297 7070 7183
3 7298 6932 7184
3 6940 7072 6932
3 7299 6935 7185
3 7300 7186 6935
3 7301 7073 7186
3 7302 7187 7073
3 7303 7188 7074
3 7184 6936 7188
3 7299 7075 7189
3 7299 7185 7075
3 6932 7190 6940
3 7304 6793 7190
3 7305 7191 7076
3 7192 7077 7191
3 7192 7078 7077
3 7306 6943 7192
3 7307 7193 6793
3 7308 7076 7193
3 7306 7194 6943
3 7309 6796 7194
3 7309 7195 6796
3 7310 7079 7195
3 7311 7196 7079
3 7197 6945 7196
3 7198 6946 7197
3 7312 7080 7198
3 7313 7199 7080
3 7314 7081 7199
3 7314 7200 7081
3 7189 6948 7200
3 7086 7085 7201
3 7315 6955 7086
3 7316 7087 6955
3 7317 7202 7087
3 7203 6807 7202
3 7219 7088 7203
3 7092 7205 6959
3 7206 7089 7205
3 7318 6812 7206
3 7211 7207 7090
3 7205 7091 7207
3 7205 7092 7091
3 7319 7093 7208
3 7209 7094 7093
3 7320 6963 7209
3 7213 7210 6822
3 7321 7095 7210
3 7207 7211 7095
3 7322 7212 6825
3 7323 7096 7212
3 7324 7213 7096
3 7325 7097 7214
3 7220 7215 6971
3 7216 6968 7215
3 7326 7099 7216
3 7326 7217 7099
3 7218 6969 7217
3 7327 6970 7219
3 7327 7220 6970
3 7328 7101 7126
3 7329 7102 7101
3 7329 7103 7102
3 7330 7104 7103
3 7325 7214 7104
3 7225 7105 7221
3 7331 7222 7105
3 7223 6975 7222
3 7224 6976 7223
3 7276 7067 7224
3 7230 6512 7218
3 7225 7221 7106
3 7332 7225 6837
3 7235 7226 6979
3 7227 7107 7226
3 7333 6980 7227
3 7333 7228 6980
3 7334 7108 7228
3 7335 7229 7108
3 7335 6837 7229
3 7231 7109 7230
3 7110 6981 7231
3 7336 7111 7110
3 7337 7112 7111
3 7338 7232 7112
3 7233 6985 7232
3 7339 7113 7233
3 7339 7234 7113
3 7340 7114 7234
3 7235 7115 7114
3 7341 7116 7237
3 7341 7117 7116
3 7341 7238 7117
3 7239 6989 7238
3 7240 7118 7239
3 7241 6991 7240
3 7342 6992 7241
3 7343 7119 6992
3 7344 7120 7119
3 7345 7242 7120
3 7346 7122 7242
3 7347 7243 7122
3 7347 7123 7243
3 7347 7244 7123
3 7348 6997 7244
3 7247 7245 7124
3 7349 7125 7245
3 7350 7126 7125
3 7351 7127 6997
3 7352 7246 7127
3 7247 7001 7246
3 7353 7128 7131
3 7353 7208 7128
3 7325 7003 7097
3 7354 7248 7003
3 7249 7129 7248
3 7129 7249 6861
3 7250 7130 7249
3 7355 7131 7250
3 7357 7137 7136
3 7138 7252 7137
3 7357 7013 7137
3 7358 7254 7013
3 7359 7014 7254
3 7359 7255 7014
3 7359 7139 7255
3 7253 7015 7256
3 6889 7143 7141
3 7258 7257 7142
3 7360 7022 7257
3 6571 7027 6889
3 7259 7258 7144
3 7361 7259 7032
3 7362 7032 7145
3 7261 6897 7260
3 7363 7145 7261
3 7263 7260 7035
3 7364 7262 7146
3 7364 7147 7262
3 7365 7263 7147
3 7153 7264 7040
3 7274 7148 7264
3 7274 7045 7148
3 7168 7265 7149
3 7266 7037 7265
3 7267 7150 7266
3 7366 7151 7267
3 7367 7268 7151
3 7368 7146 7268
3 7271 7152 7156
3 6757 7269 7152
3 7153 7039 7269
3 7273 7270 7042
3 7369 7154 7270
3 7370 7155 7154
3 7277 7161 7155
3 7271 7043 7161
3 7281 7272 7157
3 7371 7158 7272
3 7371 7273 7158
3 7269 7159 7274
3 7168 7046 7275
3 7372 7047 7276
3 7271 7160 7152
3 7278 6913 7277
3 7373 7162 7278
3 7374 7279 7162
3 7374 7163 7279
3 7375 7165 7163
3 7376 7280 7047
3 7281 6915 7280
3 7288 7166 7165
3 7377 7167 7172
3 7378 7282 7167
3 7379 7168 7282
3 7380 7169 7283
3 7381 7284 7169
3 7382 7170 7284
3 7382 7171 7170
3 7383 7285 7171
3 7286 6919 7285
3 7384 7172 7286
3 7385 7287 6769
3 7380 7173 7287
3 7380 7283 7173
3 7386 7056 7288
3 7386 7289 7056
3 7290 7174 7289
3 7291 7058 7290
3 7387 7059 7291
3 7387 7178 7059
3 7292 7061 7176
3 7388 7292 6618
3 7389 7293 7177
3 7388 6618 7293
3 7390 7179 7178
3 7294 7180 7179
3 7391 7065 7294
3 7391 7295 7065
3 7392 7177 7295
3 7297 7074 7070
3 7393 7181 7187
3 7394 7296 7181
3 7395 7182 7296
3 7395 7183 7182
3 7396 7297 7183
3 7397 7298 7184
3 7398 6932 7298
3 7300 6935 7299
3 7399 7186 7300
3 7400 7301 7186
3 7302 7073 7301
3 7401 7187 7302
3 7297 7303 7074
3 7397 7188 7303
3 7397 7184 7188
3 7402 7299 7189
3 7398 7190 6932
3 7398 7304 7190
3 7403 6793 7304
3 7308 7305 7076
3 7404 7191 7305
3 7405 7192 7191
3 7194 7306 7192
3 7406 7307 6793
3 7308 7193 7307
3 7195 7309 7194
3 7194 7310 7195
3 7407 7079 7310
3 7407 7311 7079
3 7197 7196 7311
3 7408 7198 7197
3 7409 7312 7198
3 7410 7080 7312
3 7410 7313 7080
3 7411 7199 7313
3 7412 7314 7199
3 7402 7200 7314
3 7402 7189 7200
3 7315 7086 7201
3 7316 6955 7315
3 7413 7087 7316
3 7414 7317 7087
3 7203 7202 7317
3 7415 7219 7203
3 7416 7206 7205
3 7417 7318 7206
3 7201 6812 7318
3 7095 7205 7207
3 7353 7319 7208
3 7209 7093 7319
3 7418 7320 7209
3 7419 6963 7320
3 7420 7210 7213
3 7421 7321 7210
3 7205 7095 7321
3 7422 7322 6825
3 7423 7212 7322
3 7424 7323 7212
3 7425 7096 7323
3 7425 7324 7096
3 7420 7213 7324
3 7426 7215 7220
3 7427 7216 7215
3 7427 7326 7216
3 7428 7217 7326
3 7428 7218 7217
3 7415 7327 7219
3 7426 7220 7327
3 7429 7328 7126
3 7430 7101 7328
3 7430 7329 7101
3 7431 7103 7329
3 7432 7330 7103
3 7433 7104 7330
3 7434 7325 7104
3 7331 7105 7225
3 7435 7222 7331
3 7436 7223 7222
3 7437 7224 7223
3 7438 7276 7224
3 7231 7230 7218
3 7439 7332 6837
3 7331 7225 7332
3 7440 7226 7235
3 7440 7227 7226
3 7441 7333 7227
3 7442 7228 7333
3 7443 7334 7228
3 7443 7108 7334
3 7444 7335 7108
3 7439 6837 7335
3 7445 7110 7231
3 7446 7336 7110
3 7447 7111 7336
3 7447 7337 7111
3 7337 7338 7112
3 7448 7232 7338
3 7448 7233 7232
3 7449 7339 7233
3 7340 7234 7339
3 7235 7114 7340
3 7341 7237 7236
3 7451 7238 7341
3 7451 7239 7238
3 7452 7240 7239
3 7342 7241 7240
3 7453 6992 7342
3 7454 7343 6992
3 7455 7119 7343
3 7456 7344 7119
3 7345 7120 7344
3 7346 7242 7345
3 7347 7122 7346
3 7348 7244 7347
3 7351 6997 7348
3 7349 7245 7247
3 7350 7125 7349
3 7457 7126 7350
3 7348 7127 7351
3 7348 7352 7127
3 7458 7246 7352
3 7349 7247 7246
3 7355 7353 7131
3 7249 7248 7354
3 7355 7250 7249
3 7357 7136 7356
3 7358 7013 7357
3 7459 7359 7254
3 7360 7257 7258
3 7360 7258 7259
3 7362 7361 7032
3 7460 7259 7361
3 7461 7362 7145
3 7363 7261 7260
3 7462 7145 7363
3 7463 7260 7263
3 7368 7364 7146
3 7365 7147 7364
3 7463 7263 7365
3 7274 7264 7153
3 7379 7266 7265
3 7464 7267 7266
3 7464 7366 7267
3 7465 7151 7366
3 7465 7367 7151
3 7368 7268 7367
3 7274 7153 7269
3 7466 7270 7273
3 7467 7369 7270
3 7467 7154 7369
3 7468 7370 7154
3 7277 7155 7370
3 7280 7272 7281
3 7469 7371 7272
3 7466 7273 7371
3 7470 7372 7276
3 7376 7047 7372
3 7471 7278 7277
3 7374 7373 7278
3 7374 7162 7373
3 7472 7163 7374
3 7472 7375 7163
3 7288 7165 7375
3 7473 7280 7376
3 7474 7377 7172
3 7378 7167 7377
3 7379 7282 7378
3 7265 7168 7379
3 7385 7169 7380
3 7385 7381 7169
3 7382 7284 7381
3 7382 7383 7171
3 7381 7285 7383
3 7475 7286 7285
3 7476 7384 7286
3 7477 7172 7384
3 7061 7385 6769
3 7380 7287 7385
3 7478 7386 7288
3 7479 7289 7386
3 7480 7290 7289
3 7481 7291 7290
3 7482 7387 7291
3 7483 7178 7387
3 7484 7061 7292
3 7485 7292 7388
3 7392 7389 7177
3 7486 7293 7389
3 7485 7388 7293
3 7487 7390 7178
3 7294 7179 7390
3 7488 7391 7294
3 7489 7295 7391
3 7401 7393 7187
3 7401 7181 7393
3 7490 7394 7181
3 7395 7296 7394
3 7491 7183 7395
3 7492 7396 7183
3 7303 7297 7396
3 7493 7298 7397
3 7494 7398 7298
3 7495 7300 7299
3 7496 7186 7399
3 7496 7400 7186
3 7497 7301 7400
3 7497 7302 7301
3 7498 7401 7302
3 7499 7397 7303
3 7495 7299 7402
3 7494 7304 7398
3 7500 7403 7304
3 7406 6793 7403
3 7307 7305 7308
3 7501 7404 7305
3 7405 7191 7404
3 7194 7192 7405
3 7305 7307 7406
3 7404 7310 7194
3 7502 7407 7310
3 7502 7311 7407
3 7408 7197 7311
3 7409 7198 7408
3 7436 7312 7409
3 7503 7410 7312
3 7504 7313 7410
3 7505 7411 7313
3 7412 7199 7411
3 7506 7314 7412
3 7506 7402 7314
3 7507 7315 7201
3 7413 7316 7315
3 7414 7087 7413
3 7508 7317 7414
3 7415 7203 7317
3 7509 7416 7205
3 7510 7206 7416
3 7510 7417 7206
3 7507 7318 7417
3 7507 7201 7318
3 7511 7319 7353
3 7418 7209 7319
3 7512 7320 7418
3 7513 7419 7320
3 7514 6963 7419
3 7515 7210 7420
3 7515 7421 7210
3 7516 7321 7421
3 7517 7205 7321
3 7518 7422 6825
3 7423 7322 7422
3 7424 7212 7423
3 7519 7323 7424
3 7519 7425 7323
3 7420 7324 7425
3 7427 7215 7426
3 7520 7326 7427
3 7521 7428 7326
3 7231 7218 7428
3 7522 7327 7415
3 7523 7426 7327
3 7524 7429 7126
3 7430 7328 7429
3 7525 7329 7430
3 7525 7431 7329
3 7432 7103 7431
3 7526 7330 7432
3 7526 7433 7330
3 7434 7104 7433
3 7527 7325 7434
3 7503 7435 7331
3 7436 7222 7435
3 7437 7223 7436
3 7438 7224 7437
3 7470 7276 7438
3 7335 7332 7439
3 7335 7331 7332
3 7340 7440 7235
3 7528 7227 7440
3 7528 7441 7227
3 7442 7333 7441
3 7529 7228 7442
3 7529 7443 7228
3 7530 7108 7443
3 7530 7444 7108
3 7531 7335 7444
3 7532 7445 7231
3 7445 7446 7110
3 7533 7336 7446
3 7534 7447 7336
3 7535 7337 7447
3 7536 7338 7337
3 7536 7448 7338
3 7449 7233 7448
3 7537 7339 7449
3 7440 7340 7339
3 7538 7236 7450
3 7451 7341 7236
3 7452 7239 7451
3 7539 7240 7452
3 7540 7342 7240
3 7541 7453 7342
3 7542 6992 7453
3 7542 7454 6992
3 7543 7343 7454
3 7543 7455 7343
3 7456 7119 7455
3 7544 7344 7456
3 7545 7345 7344
3 7545 7346 7345
3 7546 7347 7346
3 7547 7348 7347
3 7457 7350 7349
3 7524 7126 7457
3 7548 7352 7348
3 7548 7458 7352
3 7349 7246 7458
3 7511 7353 7355
3 7355 7249 7354
3 7549 7360 7259
3 7461 7361 7362
3 7461 7460 7361
3 7550 7259 7460
3 7462 7461 7145
3 7551 7363 7260
3 7552 7462 7363
3 7551 7260 7463
3 7553 7364 7368
3 7553 7365 7364
3 7554 7463 7365
3 7464 7266 7379
3 7379 7366 7464
3 7555 7465 7366
3 7556 7367 7465
3 7557 7368 7367
3 7558 7270 7466
3 7558 7467 7270
3 7468 7154 7467
3 7471 7370 7468
3 7471 7277 7370
3 7559 7272 7280
3 7559 7469 7272
3 7560 7371 7469
3 7558 7466 7371
3 7561 7372 7470
3 7473 7376 7372
3 7562 7278 7471
3 7562 7374 7278
3 7562 7472 7374
3 7562 7375 7472
3 7478 7288 7375
3 7563 7280 7473
3 7477 7474 7172
3 7564 7377 7474
3 7564 7378 7377
3 7555 7379 7378
3 7061 7381 7385
3 7061 7382 7381
3 7565 7475 7285
3 7476 7286 7475
3 7566 7384 7476
3 7566 7477 7384
3 7567 7386 7478
3 7568 7479 7386
3 7569 7289 7479
3 7570 7480 7289
3 7481 7290 7480
3 7482 7291 7481
3 7571 7387 7482
3 7572 7483 7387
3 7487 7178 7483
3 7485 7484 7292
3 7285 7061 7484
3 7573 7389 7392
3 7574 7486 7389
3 7575 7293 7486
3 7575 7485 7293
3 7294 7390 7487
3 7576 7488 7294
3 7577 7391 7488
3 7577 7489 7391
3 7392 7295 7489
3 7490 7181 7401
3 7578 7394 7490
3 7578 7395 7394
3 7579 7491 7395
3 7492 7183 7491
3 7491 7396 7492
3 7499 7303 7396
3 7580 7493 7397
3 7581 7298 7493
3 7581 7494 7298
3 7399 7300 7495
3 7582 7496 7399
3 7583 7400 7496
3 7584 7497 7400
3 7585 7302 7497
3 7585 7498 7302
3 7586 7401 7498
3 7580 7397 7499
3 7506 7495 7402
3 7581 7304 7494
3 7581 7500 7304
3 7587 7403 7500
3 7588 7406 7403
3 7589 7501 7305
3 7310 7404 7501
3 7194 7405 7404
3 7589 7305 7406
3 7590 7502 7310
3 7591 7311 7502
3 7592 7408 7311
3 7593 7409 7408
3 7593 7436 7409
3 7435 7312 7436
3 7435 7503 7312
3 7594 7410 7503
3 7595 7504 7410
3 7504 7505 7313
3 7412 7411 7505
3 7596 7506 7412
3 7597 7315 7507
3 7598 7413 7315
3 7598 7414 7413
3 7599 7508 7414
3 7415 7317 7508
3 7517 7509 7205
3 7600 7416 7509
3 7600 7510 7416
3 7601 7417 7510
3 7597 7507 7417
3 7418 7319 7511
3 7602 7512 7418
3 7603 7320 7512
3 7604 7513 7320
3 7514 7419 7513
3 6664 6963 7514
3 7605 7515 7420
3 7605 7421 7515
3 7605 7516 7421
3 7517 7321 7516
3 6664 7518 6825
3 7604 7422 7518
3 7604 7423 7422
3 7606 7424 7423
3 7606 7519 7424
3 7607 7425 7519
3 7605 7420 7425
3 7520 7427 7426
3 7608 7326 7520
3 7609 7521 7326
3 7610 7428 7521
3 7532 7231 7428
3 7508 7522 7415
3 7611 7327 7522
3 7612 7523 7327
3 7613 7426 7523
3 7614 7429 7524
3 7614 7430 7429
3 7615 7525 7430
3 7615 7431 7525
3 7615 7432 7431
3 7616 7526 7432
3 7617 7433 7526
3 7527 7434 7433
3 10170 7325 7527
3 7335 7503 7331
3 7593 7437 7436
3 7619 7438 7437
3 7619 7470 7438
3 7620 7528 7440
3 7621 7441 7528
3 7621 7442 7441
3 7622 7529 7442
3 7623 7443 7529
3 7624 7530 7443
3 7625 7444 7530
3 7626 7531 7444
3 7626 7335 7531
3 7446 7445 7532
3 7627 7533 7446
3 7534 7336 7533
3 7628 7447 7534
3 7629 7535 7447
3 7536 7337 7535
3 7630 7448 7536
3 7631 7449 7448
3 7620 7537 7449
3 7440 7339 7537
3 7632 7538 7450
3 7633 7236 7538
3 7633 7451 7236
3 7539 7452 7451
3 7540 7240 7539
3 7634 7342 7540
3 7635 7541 7342
3 7542 7453 7541
3 7543 7454 7542
3 7544 7455 7543
3 7544 7456 7455
3 7545 7344 7544
3 7546 7346 7545
3 7636 7347 7546
3 7637 7547 7347
3 7638 7348 7547
3 7639 7457 7349
3 7639 7524 7457
3 7640 7548 7348
3 7641 7458 7548
3 7642 7349 7458
3 7354 7511 7355
3 7643 7549 7259
3 7644 7460 7461
3 7645 7550 7460
3 7643 7259 7550
3 7644 7461 7462
3 7646 7363 7551
3 7646 7552 7363
3 7647 7462 7552
3 7646 7551 7463
3 7557 7553 7368
3 7554 7365 7553
3 7648 7463 7554
3 7555 7366 7379
3 7649 7465 7555
3 7649 7556 7465
3 7650 7367 7556
3 7650 7557 7367
3 7651 7467 7558
3 7651 7468 7467
3 7652 7471 7468
3 7563 7559 7280
3 7563 7469 7559
3 7653 7560 7469
3 7654 7371 7560
3 7654 7558 7371
3 7655 7561 7470
3 7473 7372 7561
3 7656 7562 7471
3 7478 7375 7562
3 7657 7563 7473
3 7658 7474 7477
3 7555 7564 7474
3 7555 7378 7564
3 7383 7382 7061
3 7484 7565 7285
3 7659 7475 7565
3 7660 7476 7475
3 7661 7566 7476
3 7661 7477 7566
3 7662 7567 7478
3 7568 7386 7567
3 7663 7479 7568
3 7663 7569 7479
3 7664 7289 7569
3 7664 7570 7289
3 7571 7480 7570
3 7482 7481 7480
3 7665 7387 7571
3 7665 7572 7387
3 7666 7483 7572
3 7576 7487 7483
3 7667 7484 7485
3 7668 7573 7392
3 7574 7389 7573
3 7669 7486 7574
3 7670 7575 7486
3 7670 7485 7575
3 7576 7294 7487
3 7671 7488 7576
3 7672 7577 7488
3 7673 7489 7577
3 7668 7392 7489
3 7674 7490 7401
3 7675 7578 7490
3 7675 7395 7578
3 7675 7579 7395
3 7676 7491 7579
3 7676 7396 7491
3 7677 7499 7396
3 7678 7493 7580
3 7679 7581 7493
3 7582 7399 7495
3 7583 7496 7582
3 7680 7400 7583
3 7680 7584 7400
3 7585 7497 7584
3 7586 7498 7585
3 7674 7401 7586
3 7681 7580 7499
3 7596 7495 7506
3 7682 7500 7581
3 7683 7587 7500
3 7683 7403 7587
3 7683 7588 7403
3 7684 7406 7588
3 7685 7501 7589
3 7685 7310 7501
3 7686 7589 7406
3 7685 7590 7310
3 7687 7502 7590
3 7688 7591 7502
3 7592 7311 7591
3 7619 7408 7592
3 7619 7593 7408
3 7689 7594 7503
3 7595 7410 7594
3 7690 7504 7595
3 7625 7505 7504
3 7691 7412 7505
3 7692 7596 7412
3 7598 7315 7597
3 7601 7414 7598
3 7601 7599 7414
3 7605 7508 7599
3 7516 7509 7517
3 7601 7600 7509
3 7601 7510 7600
3 7597 7417 7601
3 7354 7418 7511
3 7693 7602 7418
3 7423 7512 7602
3 7604 7603 7512
3 7604 7320 7603
3 7518 7513 7604
3 6664 7514 7513
3 7599 7516 7605
3 7513 7518 6664
3 7512 7423 7604
3 7694 7606 7423
3 7695 7519 7606
3 7696 7607 7519
3 7605 7425 7607
3 7697 7520 7426
3 7697 7608 7520
3 7609 7326 7608
3 7610 7521 7609
3 7532 7428 7610
3 7611 7522 7508
3 7612 7327 7611
3 7698 7523 7612
3 7698 7613 7523
3 7697 7426 7613
3 7639 7614 7524
3 7699 7430 7614
3 7699 7615 7430
3 7700 7432 7615
3 7700 7616 7432
3 7701 7526 7616
3 7702 7617 7526
3 7703 7433 7617
3 7703 7527 7433
3 7423 10170 7527
3 7704 7325 10170
3 7689 7503 7335
3 7619 7437 7593
3 7592 7470 7619
3 7537 7620 7440
3 7705 7528 7620
3 7705 7621 7528
3 7706 7442 7621
3 7707 7622 7442
3 7623 7529 7622
3 7583 7443 7623
3 7583 7624 7443
3 7708 7530 7624
3 7709 7625 7530
3 7690 7444 7625
3 7690 7626 7444
3 7689 7335 7626
3 7710 7446 7532
3 7711 7627 7446
3 7712 7533 7627
3 7628 7534 7533
3 7629 7447 7628
3 7713 7535 7629
3 7714 7536 7535
3 7715 7630 7536
3 7716 7448 7630
3 7717 7631 7448
3 7718 7449 7631
3 7718 7620 7449
3 7719 7538 7632
3 7719 7633 7538
3 7720 7451 7633
3 7721 7539 7451
3 7722 7540 7539
3 7722 7634 7540
3 7723 7342 7634
3 7723 7635 7342
3 7724 7541 7635
3 7725 7542 7541
3 7726 7543 7542
3 7727 7544 7543
3 7728 7545 7544
3 7729 7546 7545
3 7730 7636 7546
3 7730 7347 7636
3 7730 7637 7347
3 7730 7547 7637
3 7731 7638 7547
3 7640 7348 7638
3 7732 7639 7349
3 7733 7548 7640
3 7734 7458 7641
3 7732 7642 7458
3 7732 7349 7642
3 7735 7549 7643
3 7645 7460 7644
3 7737 7550 7645
3 7737 7643 7550
3 7738 7644 7462
3 7739 7552 7646
3 7739 7647 7552
3 7740 7462 7647
3 7648 7646 7463
3 7741 7553 7557
3 7741 7554 7553
3 7742 7648 7554
3 7743 7649 7555
3 7743 7556 7649
3 7744 7650 7556
3 7745 7557 7650
3 7746 7651 7558
3 7652 7468 7651
3 7747 7471 7652
3 7748 7469 7563
3 7749 7653 7469
3 7654 7560 7653
3 7746 7558 7654
3 7592 7655 7470
3 7657 7561 7655
3 7657 7473 7561
3 7750 7656 7471
3 7662 7562 7656
3 7662 7478 7562
3 7751 7563 7657
3 7752 7658 7477
3 7753 7474 7658
3 7754 7555 7474
3 7659 7565 7484
3 7755 7475 7659
3 7755 7660 7475
3 7661 7476 7660
3 7752 7477 7661
3 7568 7567 7662
3 7756 7663 7568
3 7757 7569 7663
3 7757 7664 7569
3 7758 7570 7664
3 7758 7571 7570
3 7482 7480 7571
3 7759 7665 7571
3 7760 7572 7665
3 7761 7666 7572
3 7671 7483 7666
3 7671 7576 7483
3 7762 7667 7485
3 7659 7484 7667
3 7574 7573 7668
3 7763 7669 7574
3 7764 7486 7669
3 7764 7670 7486
3 7762 7485 7670
3 7765 7488 7671
3 7765 7672 7488
3 7766 7577 7672
3 7767 7673 7577
3 7668 7489 7673
3 7675 7490 7674
3 7768 7579 7675
3 7768 7676 7579
3 7769 7396 7676
3 7769 7677 7396
3 7770 7499 7677
3 7771 7678 7580
3 7679 7493 7678
3 7682 7581 7679
3 7596 7582 7495
3 7624 7583 7582
3 7772 7680 7583
3 7773 7584 7680
3 7773 7585 7584
3 7774 7586 7585
3 7775 7674 7586
3 7770 7681 7499
3 7776 7580 7681
3 7683 7500 7682
3 7777 7588 7683
3 7778 7684 7588
3 7686 7406 7684
3 7779 7685 7589
3 7780 7589 7686
3 7779 7590 7685
3 7779 7687 7590
3 7781 7502 7687
3 7782 7688 7502
3 7592 7591 7688
3 7626 7594 7689
3 7626 7595 7594
3 7626 7690 7595
3 7625 7504 7690
3 7691 7505 7625
3 7625 7412 7691
3 7625 7692 7412
3 7709 7596 7692
3 7601 7598 7597
3 7516 7599 7601
3 7611 7508 7605
3 7601 7509 7516
3 7618 7418 7354
3 7618 7693 7418
3 7423 7602 7693
3 7527 7694 7423
3 7695 7606 7694
3 7783 7519 7695
3 7783 7696 7519
3 7784 7607 7696
3 7785 7605 7607
3 7786 7608 7697
3 7787 7609 7608
3 7532 7610 7609
3 7788 7612 7611
3 7789 7698 7612
3 7790 7613 7698
3 7791 7697 7613
3 7639 7699 7614
3 7792 7615 7699
3 7793 7700 7615
3 7794 7616 7700
3 7794 7701 7616
3 7795 7526 7701
3 7796 7702 7526
3 7796 7617 7702
3 7527 7703 7617
3 7704 10170 7423
3 7718 7705 7620
3 7706 7621 7705
3 7797 7442 7706
3 7797 7707 7442
3 7798 7622 7707
3 7799 7623 7622
3 7772 7583 7623
3 7582 7708 7624
3 7709 7530 7708
3 7692 7625 7709
3 7609 7710 7532
3 7710 7711 7446
3 7800 7627 7711
3 7800 7712 7627
3 7628 7533 7712
3 7801 7629 7628
3 7802 7713 7629
3 7714 7535 7713
3 7803 7536 7714
3 7804 7715 7536
3 7805 7630 7715
3 7805 7716 7630
3 7717 7448 7716
3 7718 7631 7717
3 7806 7719 7632
3 7807 7633 7719
3 7807 7720 7633
3 7721 7451 7720
3 7722 7539 7721
3 7808 7634 7722
3 7808 7723 7634
3 7809 7635 7723
3 7809 7724 7635
3 7725 7541 7724
3 7810 7542 7725
3 7810 7726 7542
3 7811 7543 7726
3 7812 7727 7543
3 7728 7544 7727
3 7729 7545 7728
3 7813 7546 7729
3 7731 7730 7546
3 7731 7547 7730
3 7814 7638 7731
3 7733 7640 7638
3 7815 7639 7732
3 7816 7548 7733
3 7817 7734 7641
3 7818 7458 7734
3 7819 7732 7458
3 7820 7735 7643
3 7736 7549 7735
3 7738 7645 7644
3 7822 7737 7645
3 7820 7643 7737
3 7740 7738 7462
3 7823 7739 7646
3 7824 7647 7739
3 7824 7740 7647
3 7825 7646 7648
3 7826 7741 7557
3 7742 7554 7741
3 7826 7648 7742
3 7754 7743 7555
3 7827 7556 7743
3 7828 7744 7556
3 7829 7650 7744
3 7826 7557 7745
3 7830 7651 7746
3 7831 7652 7651
3 7832 7747 7652
3 7750 7471 7747
3 7833 7748 7563
3 7749 7469 7748
3 7834 7653 7749
3 7835 7654 7653
3 7836 7746 7654
3 7688 7655 7592
3 7837 7657 7655
3 7747 7656 7750
3 7838 7662 7656
3 7837 7751 7657
3 7833 7563 7751
3 7839 7658 7752
3 7839 7753 7658
3 7840 7474 7753
3 7841 7754 7474
3 7842 7755 7659
3 7661 7660 7755
3 7843 7752 7661
3 7844 7568 7662
3 7845 7756 7568
3 7846 7663 7756
3 7846 7757 7663
3 7758 7664 7757
3 7759 7571 7758
3 7847 7665 7759
3 7847 7760 7665
3 7848 7572 7760
3 7849 7761 7572
3 7850 7666 7761
3 7850 7671 7666
3 7659 7667 7762
3 7851 7574 7668
3 7852 7763 7574
3 7764 7669 7763
3 7853 7670 7764
3 7853 7762 7670
3 7854 7765 7671
3 7854 7672 7765
3 7855 7766 7672
3 7767 7577 7766
3 7851 7673 7767
3 7851 7668 7673
3 7856 7675 7674
3 7857 7768 7675
3 7858 7676 7768
3 7859 7769 7676
3 7770 7677 7769
3 7776 7771 7580
3 7679 7678 7771
3 7860 7682 7679
3 7709 7582 7596
3 7861 7680 7772
3 7861 7773 7680
3 7774 7585 7773
3 7775 7586 7774
3 7862 7674 7775
3 7859 7681 7770
3 7863 7776 7681
3 7860 7683 7682
3 7864 7777 7683
3 7865 7588 7777
3 7865 7778 7588
3 7686 7684 7778
3 7780 7779 7589
3 7866 7780 7686
3 7867 7687 7779
3 7868 7781 7687
3 7869 7502 7781
3 7869 7782 7502
3 7833 7688 7782
3 7785 7611 7605
3 7796 7694 7527
3 7870 7695 7694
3 7696 7783 7695
3 7790 7784 7696
3 7790 7607 7784
3 7789 7785 7607
3 7871 7786 7697
3 7787 7608 7786
3 7872 7609 7787
3 7785 7788 7611
3 7789 7612 7788
3 7790 7698 7789
3 7873 7613 7790
3 7873 7791 7613
3 7874 7697 7791
3 7792 7699 7639
3 7792 7793 7615
3 7794 7700 7793
3 7875 7701 7794
3 7876 7795 7701
3 7877 7526 7795
3 7877 7796 7526
3 7527 7617 7796
3 7716 7705 7718
3 7716 7706 7705
3 7878 7797 7706
3 7798 7707 7797
3 7799 7622 7798
3 7879 7623 7799
3 7879 7772 7623
3 7709 7708 7582
3 7711 7710 7609
3 7872 7800 7711
3 7880 7712 7800
3 7880 7628 7712
3 7881 7801 7628
3 7802 7629 7801
3 7714 7713 7802
3 7882 7803 7714
3 7804 7536 7803
3 7883 7715 7804
3 7884 7805 7715
3 7884 7716 7805
3 7718 7717 7716
3 7886 7719 7806
3 7886 7807 7719
3 7887 7720 7807
3 7888 7721 7720
3 7889 7722 7721
3 7889 7808 7722
3 7890 7723 7808
3 7890 7809 7723
3 7891 7724 7809
3 7892 7725 7724
3 7892 7810 7725
3 7811 7726 7810
3 7893 7543 7811
3 7893 7812 7543
3 7893 7727 7812
3 7894 7728 7727
3 7895 7729 7728
3 7895 7813 7729
3 7816 7546 7813
3 7733 7731 7546
3 7733 7814 7731
3 7733 7638 7814
3 7896 7815 7732
3 7897 7639 7815
3 7546 7816 7733
3 7898 7817 7641
3 7899 7734 7817
3 7899 7818 7734
3 7819 7458 7818
3 7896 7732 7819
3 7900 7735 7820
3 7901 7736 7735
3 7901 7821 7736
3 7822 7645 7738
3 7820 7737 7822
3 7902 7738 7740
3 7903 7823 7646
3 7904 7739 7823
3 7904 7740 7824
3 7826 7825 7648
3 7903 7646 7825
3 7742 7741 7826
3 7841 7743 7754
3 7905 7827 7743
3 7828 7556 7827
3 7827 7744 7828
3 7906 7829 7744
3 7745 7650 7829
3 7907 7826 7745
3 7836 7830 7746
3 7831 7651 7830
3 7908 7652 7831
3 7909 7832 7652
3 7910 7747 7832
3 7749 7748 7833
3 7833 7834 7749
3 7911 7653 7834
3 7912 7835 7653
3 7913 7654 7835
3 7913 7836 7654
3 7837 7655 7688
3 7910 7656 7747
3 7910 7838 7656
3 7914 7662 7838
3 7833 7751 7837
3 7843 7839 7752
3 7915 7753 7839
3 7915 7840 7753
3 7916 7474 7840
3 7916 7841 7474
3 7917 7842 7659
3 7918 7755 7842
3 7919 7661 7755
3 7919 7843 7661
3 7920 7844 7662
3 7845 7568 7844
3 7921 7756 7845
3 7922 7846 7756
3 7923 7757 7846
3 7923 7758 7757
3 7923 7759 7758
3 7924 7847 7759
3 7848 7760 7847
3 7849 7572 7848
3 7848 7761 7849
3 7854 7850 7761
3 7854 7671 7850
3 7917 7659 7762
3 7852 7574 7851
3 7925 7763 7852
3 7853 7764 7763
3 7926 7762 7853
3 7927 7672 7854
3 7927 7855 7672
3 7928 7766 7855
3 7929 7767 7766
3 7852 7851 7767
3 7930 7856 7674
3 7931 7675 7856
3 7931 7857 7675
3 7932 7768 7857
3 7932 7858 7768
3 7933 7676 7858
3 7933 7859 7676
3 7770 7769 7859
3 7934 7771 7776
3 7860 7679 7771
3 7879 7861 7772
3 7774 7773 7861
3 7935 7775 7774
3 7936 7862 7775
3 7937 7674 7862
3 7863 7681 7859
3 7938 7776 7863
3 7771 7683 7860
3 7939 7864 7683
3 7940 7777 7864
3 7941 7865 7777
3 7941 7778 7865
3 7941 7686 7778
3 7942 7779 7780
3 7943 7866 7686
3 7942 7780 7866
3 7942 7867 7779
3 7868 7687 7867
3 7944 7781 7868
3 7944 7869 7781
3 7833 7782 7869
3 7837 7688 7833
3 7945 7870 7694
3 7945 7695 7870
3 7945 7696 7695
3 7873 7790 7696
3 7789 7607 7790
3 7788 7785 7789
3 7946 7871 7697
3 7946 7786 7871
3 7947 7787 7786
3 7947 7872 7787
3 7711 7609 7872
3 7874 7791 7873
3 7946 7697 7874
3 7948 7792 7639
3 7794 7793 7792
3 7949 7875 7794
3 7876 7701 7875
3 7950 7795 7876
3 7796 7877 7795
3 7951 7706 7716
3 7952 7878 7706
3 7953 7797 7878
3 7954 7798 7797
3 7955 7799 7798
3 7956 7879 7799
3 7880 7800 7872
3 7957 7628 7880
3 7957 7881 7628
3 7957 7801 7881
3 7958 7802 7801
3 7959 7714 7802
3 7959 7882 7714
3 7960 7803 7882
3 7961 7804 7803
3 7962 7883 7804
3 7884 7715 7883
3 7951 7716 7884
3 7964 7806 7885
3 7887 7807 7886
3 7888 7720 7887
3 7889 7721 7888
3 7890 7808 7889
3 7891 7809 7890
3 7892 7724 7891
3 7811 7810 7892
3 7965 7893 7811
3 7966 7727 7893
3 7966 7894 7727
3 7895 7728 7894
3 7967 7813 7895
3 7968 7816 7813
3 7969 7815 7896
3 7969 7897 7815
3 7970 7639 7897
3 7548 7898 7641
3 7971 7817 7898
3 7972 7899 7817
3 7972 7818 7899
3 7969 7819 7818
3 7902 7900 7820
3 7901 7735 7900
3 7973 7821 7901
3 7902 7822 7738
3 7902 7820 7822
3 7974 7902 7740
3 7975 7823 7903
3 7975 7904 7823
3 7824 7739 7904
3 7976 7740 7904
3 7907 7825 7826
3 7977 7903 7825
3 7905 7743 7841
3 7978 7827 7905
3 7906 7744 7827
3 7979 7829 7906
3 7980 7745 7829
3 7980 7907 7745
3 7981 7830 7836
3 7982 7831 7830
3 7982 7908 7831
3 7983 7652 7908
3 7984 7909 7652
3 7985 7832 7909
3 7986 7910 7832
3 7869 7834 7833
3 7869 7911 7834
3 7912 7653 7911
3 7987 7835 7912
3 7988 7913 7835
3 7988 7836 7913
3 7986 7838 7910
3 7986 7914 7838
3 7920 7662 7914
3 7989 7839 7843
3 7989 7915 7839
3 7990 7840 7915
3 7905 7916 7840
3 7905 7841 7916
3 7926 7842 7917
3 7991 7918 7842
3 7919 7755 7918
3 7989 7843 7919
3 7992 7844 7920
3 7992 7845 7844
3 7992 7921 7845
3 7922 7756 7921
3 7993 7846 7922
3 7993 7923 7846
3 7994 7759 7923
3 7995 7924 7759
3 7996 7847 7924
3 7997 7848 7847
3 7998 7761 7848
3 7999 7854 7761
3 7926 7917 7762
3 8000 7925 7852
3 8000 7763 7925
3 8001 7853 7763
3 8002 7926 7853
3 8003 7927 7854
3 8004 7855 7927
3 8005 7928 7855
3 7929 7766 7928
3 8006 7767 7929
3 8006 7852 7767
3 7937 7930 7674
3 8007 7856 7930
3 8008 7931 7856
3 7932 7857 7931
3 8009 7858 7932
3 7938 7933 7858
3 7863 7859 7933
3 7864 7934 7776
3 7939 7771 7934
3 7935 7861 7879
3 7935 7774 7861
3 8010 7775 7935
3 8010 7936 7775
3 8011 7862 7936
3 8012 7937 7862
3 7933 7938 7863
3 8013 7776 7938
3 7939 7683 7771
3 7934 7864 7939
3 7943 7940 7864
3 7943 7777 7940
3 7686 7941 7777
3 8014 7943 7686
3 8015 7866 7943
3 8016 7942 7866
3 8016 7867 7942
3 8017 7868 7867
3 7869 7944 7868
3 8018 7945 7694
3 8019 7696 7945
3 8019 7873 7696
3 8020 7786 7946
3 8021 7947 7786
3 7880 7872 7947
3 7945 7874 7873
3 8022 7946 7874
3 8023 7948 7639
3 7794 7792 7948
3 8024 7949 7794
3 8024 7875 7949
3 8025 7876 7875
3 8025 7950 7876
3 7796 7795 7950
3 7952 7706 7951
3 8026 7878 7952
3 7954 7953 7878
3 7954 7797 7953
3 8027 7798 7954
3 8028 7955 7798
3 7955 7956 7799
3 7935 7879 7956
3 8029 7957 7880
3 8029 7801 7957
3 8030 7958 7801
3 7882 7959 7802
3 8031 7960 7882
3 7961 7803 7960
3 7962 7804 7961
3 8032 7883 7962
3 8033 7884 7883
3 7952 7951 7884
3 8034 7885 7963
3 7886 7806 7964
3 7964 7887 7886
3 8035 7888 7887
3 8036 7889 7888
3 8037 7890 7889
3 8038 7891 7890
3 8038 7892 7891
3 8039 7811 7892
3 8040 7965 7811
3 8041 7893 7965
3 8041 7966 7893
3 8042 7894 7966
3 8043 7895 7894
3 8043 7967 7895
3 7968 7813 7967
3 8044 7816 7968
3 8045 7897 7969
3 8045 7970 7897
3 8046 7639 7970
3 7816 7898 7548
3 8047 7971 7898
3 8047 7817 7971
3 8048 7972 7817
3 8048 7818 7972
3 8045 7969 7818
3 7896 7819 7969
3 7974 7900 7902
3 7973 7901 7900
3 7976 7974 7740
3 8049 7975 7903
3 8050 7904 7975
3 8051 7976 7904
3 7977 7825 7907
3 8049 7903 7977
3 8052 7978 7905
3 8052 7827 7978
3 8052 7906 7827
3 8053 7979 7906
3 8054 7829 7979
3 8054 7980 7829
3 7977 7907 7980
3 7988 7981 7836
3 7982 7830 7981
3 7983 7908 7982
3 7984 7652 7983
3 7985 7909 7984
3 7986 7832 7985
3 8055 7911 7869
3 8055 7912 7911
3 8056 7987 7912
3 7988 7835 7987
3 8057 7914 7986
3 8058 7920 7914
3 8059 7915 7989
3 8059 7990 7915
3 7905 7840 7990
3 8060 7842 7926
3 8060 7991 7842
3 8061 7918 7991
3 8061 7919 7918
3 8062 7989 7919
3 8063 7992 7920
3 8063 7921 7992
3 8064 7922 7921
3 8065 7993 7922
3 7994 7923 7993
3 7994 7995 7759
3 7996 7924 7995
3 7997 7847 7996
3 8066 7848 7997
3 8067 7998 7848
3 8068 7761 7998
3 8068 7999 7761
3 8003 7854 7999
3 8069 8000 7852
3 8070 7763 8000
3 8070 8001 7763
3 8070 7853 8001
3 8070 8002 7853
3 8060 7926 8002
3 8004 7927 8003
3 8005 7855 8004
3 8071 7928 8005
3 8071 7929 7928
3 8072 8006 7929
3 8069 7852 8006
3 8073 7930 7937
3 8073 8007 7930
3 8007 8008 7856
3 8074 7931 8008
3 8074 7932 7931
3 8075 8009 7932
3 8076 7858 8009
3 8076 7938 7858
3 8077 7864 7776
3 8078 8010 7935
3 8078 7936 8010
3 8079 8011 7936
3 8011 8012 7862
3 8073 7937 8012
3 8076 8013 7938
3 8077 7776 8013
3 8080 7943 7864
3 8014 7777 7943
3 8014 7686 7777
3 8081 8015 7943
3 8082 7866 8015
3 8083 7867 8016
3 8084 8017 7867
3 7869 7868 8017
3 7796 8018 7694
3 8085 7945 8018
3 7873 8019 7945
3 8086 8020 7946
3 8087 7786 8020
3 8088 8021 7786
3 8089 7947 8021
3 8089 7880 7947
3 8085 7874 7945
3 8018 8022 7874
3 8090 8023 7639
3 8091 7948 8023
3 8092 7794 7948
3 8093 8025 7875
3 8094 7950 8025
3 8094 7796 7950
3 8095 8026 7952
3 8096 7878 8026
3 8027 7954 7878
3 8028 7798 8027
3 7956 7955 8028
3 8028 7935 7956
3 8089 8029 7880
3 8097 7801 8029
3 8097 8030 7801
3 8098 7882 7802
3 8099 8031 7882
3 7962 7960 8031
3 7962 7961 7960
3 8031 8032 7962
3 8100 7883 8032
3 8101 8033 7883
3 8102 7884 8033
3 8103 7952 7884
3 8104 8034 7963
3 7964 7885 8034
3 8035 7887 7964
3 8036 7888 8035
3 8037 7889 8036
3 8105 7890 8037
3 8106 8038 7890
3 8039 7892 8038
3 8107 7811 8039
3 8107 8040 7811
3 8041 7965 8040
3 8108 7966 8041
3 8043 7894 8042
3 7968 7967 8043
3 8109 8044 7968
3 8110 7816 8044
3 8111 7970 8045
3 8111 8046 7970
3 8090 7639 8046
3 8112 7898 7816
3 8113 8047 7898
3 8114 7817 8047
3 8115 8048 7817
3 8116 7818 8048
3 8111 8045 7818
3 8117 7900 7974
3 8117 7973 7900
3 8051 7974 7976
3 8050 7975 8049
3 8051 7904 8050
3 8118 8049 7977
3 8119 8052 7905
3 8119 7906 8052
3 8120 8053 7906
3 8121 7979 8053
3 8122 7980 8054
3 8118 7977 7980
3 8123 7981 7988
3 7983 7982 7981
3 8124 7984 7983
3 8125 7985 7984
3 8057 7986 7985
3 8126 8055 7869
3 8056 7912 8055
3 8127 7987 8056
3 8128 7988 7987
3 8058 7914 8057
3 8063 7920 8058
3 8129 8059 7989
3 8130 7990 8059
3 8131 7991 8060
3 8131 8061 7991
3 8132 7919 8061
3 8133 8062 7919
3 8134 7989 8062
3 8064 7921 8063
3 8065 7922 8064
3 7995 7993 8065
3 7995 7994 7993
3 8135 7996 7995
3 8136 7997 7996
3 8137 8066 7997
3 8138 7848 8066
3 8138 8067 7848
3 7999 7998 8067
3 8139 8003 7999
3 8140 8000 8069
3 8141 8070 8000
3 8142 8002 8070
3 8143 8060 8002
3 8139 8004 8003
3 8144 8005 8004
3 8145 8071 8005
3 8072 7929 8071
3 8069 8006 8072
3 8146 8007 8073
3 8147 8008 8007
3 8148 8074 8008
3 8075 7932 8074
3 8149 8009 8075
3 8150 8076 8009
3 8151 7864 8077
3 8152 8078 7935
3 8153 7936 8078
3 8153 8079 7936
3 8154 8011 8079
3 8155 8012 8011
3 8146 8073 8012
3 8150 8013 8076
3 8150 8077 8013
3 8151 8080 7864
3 8151 7943 8080
3 8151 8081 7943
3 8156 8015 8081
3 8016 7866 8082
3 8157 8083 8016
3 8158 7867 8083
3 8159 8084 7867
3 8160 8017 8084
3 8160 7869 8017
3 8022 8018 7796
3 7874 8085 8018
3 8022 8086 7946
3 8087 8020 8086
3 8087 8088 7786
3 8089 8021 8088
3 8161 8023 8090
3 8162 8091 8023
3 8092 7948 8091
3 8163 7794 8092
3 8164 8093 7875
3 8094 8025 8093
3 8086 7796 8094
3 8103 8095 7952
3 8165 8026 8095
3 8027 8096 8026
3 8027 7878 8096
3 8152 8028 8027
3 8152 7935 8028
3 8166 8029 8089
3 8166 8097 8029
3 7958 8098 7802
3 8099 7882 8098
3 8032 8031 8099
3 8167 8100 8032
3 8101 7883 8100
3 8168 8033 8101
3 8169 8102 8033
3 8103 7884 8102
3 8170 8034 8104
3 8171 7964 8034
3 8171 8036 8035
3 8105 8037 8036
3 8170 7890 8105
3 8170 8106 7890
3 8172 8038 8106
3 8107 8039 8038
3 8038 8040 8107
3 8173 8041 8040
3 8174 8108 8041
3 8042 7966 8108
3 7968 8043 8042
3 8175 8109 7968
3 8110 8044 8109
3 8112 7816 8110
3 8090 8046 8111
3 8110 7898 8112
3 8110 8113 7898
3 8176 8047 8113
3 8177 8114 8047
3 8115 7817 8114
3 8114 8048 8115
3 8178 8116 8048
3 8111 7818 8116
3 8180 8117 7974
3 8181 7973 8117
3 8180 7974 8051
3 8118 8050 8049
3 8182 8051 8050
3 8183 8119 7905
3 8184 7906 8119
3 8184 8120 7906
3 8121 8053 8120
3 8054 7979 8121
3 8185 8122 8054
3 8118 7980 8122
3 8128 8123 7988
3 7983 7981 8123
3 8186 8124 7983
3 8187 7984 8124
3 8187 8125 7984
3 8057 7985 8125
3 8084 8126 7869
3 8188 8055 8126
3 8189 8056 8055
3 8190 8127 8056
3 8191 7987 8127
3 8191 8128 7987
3 8192 8058 8057
3 8193 8063 8058
3 8134 8129 7989
3 8194 8059 8129
3 7905 7990 8130
3 8195 8131 8060
3 8196 8061 8131
3 8197 8132 8061
3 8133 7919 8132
3 8134 8062 8133
3 8198 8064 8063
3 8199 8065 8064
3 8135 7995 8065
3 8136 7996 8135
3 8200 7997 8136
3 8201 8137 7997
3 8202 8066 8137
3 8202 8138 8066
3 8203 8067 8138
3 8204 7999 8067
3 8068 7998 7999
3 8204 8139 7999
3 8205 8140 8069
3 8206 8000 8140
3 8206 8141 8000
3 8206 8070 8141
3 8206 8142 8070
3 8143 8002 8142
3 8195 8060 8143
3 8207 8004 8139
3 8208 8144 8004
3 8145 8005 8144
3 8209 8071 8145
3 8069 8072 8071
3 8210 8007 8146
3 8211 8147 8007
3 8147 8148 8008
3 8212 8074 8148
3 8149 8075 8074
3 8213 8009 8149
3 8214 8150 8009
3 8215 8151 8077
3 8153 8078 8152
3 8216 8079 8153
3 8217 8154 8079
3 8154 8155 8011
3 8146 8012 8155
3 8218 8077 8150
3 8219 8081 8151
3 8220 8156 8081
3 8082 8015 8156
3 8221 8016 8082
3 8222 8157 8016
3 8223 8083 8157
3 8223 8158 8083
3 8159 7867 8158
3 8224 8084 8159
3 8086 8022 7796
3 8093 8087 8086
3 8093 8088 8087
3 8225 8089 8088
3 8226 8161 8090
3 8162 8023 8161
3 8227 8091 8162
3 8228 8092 8091
3 8229 7794 8163
3 8230 8164 7875
3 8225 8093 8164
3 8086 8094 8093
3 8231 8095 8103
3 8231 8165 8095
3 8216 8026 8165
3 8216 8027 8026
3 8216 8152 8027
3 8225 8166 8089
3 8230 8097 8166
3 8232 8098 7958
3 8032 8099 8098
3 8233 8167 8032
3 8168 8100 8167
3 8168 8101 8100
3 8234 8033 8168
3 8235 8169 8033
3 8236 8102 8169
3 8237 8103 8102
3 8238 8170 8104
3 8171 8034 8170
3 8035 7964 8171
3 8105 8036 8171
3 8171 8170 8105
3 8172 8106 8170
3 8239 8038 8172
3 8239 8040 8038
3 8240 8173 8040
3 8241 8041 8173
3 8242 8174 8041
3 8243 8108 8174
3 8244 8042 8108
3 8245 7968 8042
3 8246 8175 7968
3 8247 8109 8175
3 8247 8110 8109
3 8248 8113 8110
3 8248 8176 8113
3 8249 8047 8176
3 8250 8177 8047
3 8251 8114 8177
3 8252 8048 8114
3 8253 8178 8048
3 8254 8116 8178
3 8090 8111 8116
3 8181 8179 7973
3 8255 8117 8180
3 8255 8181 8117
3 8256 8180 8051
3 8257 8050 8118
3 8257 8182 8050
3 8258 8051 8182
3 8130 8183 7905
3 8184 8119 8183
3 8259 8120 8184
3 8260 8121 8120
3 8185 8054 8121
3 8257 8122 8185
3 8257 8118 8122
3 8261 8123 8128
3 8261 7983 8123
3 8261 8186 7983
3 8262 8124 8186
3 8262 8187 8124
3 8262 8125 8187
3 8192 8057 8125
3 8160 8084 7869
3 8188 8126 8084
3 8263 8055 8188
3 8263 8189 8055
3 8264 8056 8189
3 8264 8190 8056
3 8265 8127 8190
3 8266 8191 8127
3 8267 8128 8191
3 8193 8058 8192
3 8198 8063 8193
3 8268 8129 8134
3 8268 8194 8129
3 8130 8059 8194
3 8196 8131 8195
3 8197 8061 8196
3 8133 8132 8197
3 8268 8134 8133
3 8269 8064 8198
3 8269 8199 8064
3 8270 8065 8199
3 8270 8135 8065
3 8271 8136 8135
3 8272 8200 8136
3 8273 7997 8200
3 8274 8201 7997
3 8275 8137 8201
3 8275 8202 8137
3 8203 8138 8202
3 8276 8067 8203
3 8207 8204 8067
3 8207 8139 8204
3 8277 8205 8069
3 8278 8140 8205
3 8279 8206 8140
3 8280 8142 8206
3 8281 8143 8142
3 8282 8195 8143
3 8208 8004 8207
3 8145 8144 8208
3 8283 8209 8145
3 8277 8071 8209
3 8277 8069 8071
3 8284 8210 8146
3 8211 8007 8210
3 8285 8147 8211
3 8286 8148 8147
3 8287 8212 8148
3 8149 8074 8212
3 8288 8213 8149
3 8214 8009 8213
3 8218 8150 8214
3 8218 8215 8077
3 8289 8151 8215
3 8216 8153 8152
3 8290 8079 8216
3 8291 8217 8079
3 8155 8154 8217
3 8292 8146 8155
3 8293 8219 8151
3 8220 8081 8219
3 8294 8156 8220
3 8221 8082 8156
3 8221 8222 8016
3 8221 8157 8222
3 8295 8223 8157
3 8295 8158 8223
3 8296 8159 8158
3 8295 8224 8159
3 8188 8084 8224
3 8225 8088 8093
3 8254 8226 8090
3 8297 8161 8226
3 8297 8162 8161
3 8298 8227 8162
3 8228 8091 8227
3 8163 8092 8228
3 8299 8229 8163
3 8300 8230 7875
3 8166 8164 8230
3 8166 8225 8164
3 8237 8231 8103
3 8301 8165 8231
3 8302 8216 8165
3 8303 8097 8230
3 8030 8232 7958
3 8304 8098 8232
3 8304 8032 8098
3 8304 8233 8032
3 8305 8167 8233
3 8306 8168 8167
3 8307 8234 8168
3 8235 8033 8234
3 8236 8169 8235
3 8237 8102 8236
3 8308 8238 8104
3 8308 8170 8238
3 8309 8172 8170
3 8240 8239 8172
3 8240 8040 8239
3 8242 8041 8241
3 8243 8174 8242
3 8244 8108 8243
3 8245 8042 8244
3 8246 7968 8245
3 8247 8175 8246
3 8310 8110 8247
3 8310 8248 8110
3 8311 8176 8248
3 8312 8249 8176
3 8313 8047 8249
3 8313 8250 8047
3 8314 8177 8250
3 8314 8251 8177
3 8252 8114 8251
3 8315 8048 8252
3 8316 8253 8048
3 8317 8178 8253
3 8318 8254 8178
3 8254 8090 8116
3 8319 8179 8181
3 8256 8255 8180
3 8319 8181 8255
3 8258 8256 8051
3 8320 8182 8257
3 8321 8258 8182
3 8259 8183 8130
3 8259 8184 8183
3 8322 8120 8259
3 8322 8260 8120
3 8323 8121 8260
3 8323 8185 8121
3 8324 8257 8185
3 8267 8261 8128
3 8262 8186 8261
3 8325 8125 8262
3 8325 8192 8125
3 8326 8263 8188
3 8327 8189 8263
3 8328 8264 8189
3 8329 8190 8264
3 8329 8265 8190
3 8330 8127 8265
3 8330 8266 8127
3 8331 8191 8266
3 8261 8267 8191
3 8332 8193 8192
3 8333 8198 8193
3 8334 8194 8268
3 8259 8130 8194
3 8335 8196 8195
3 8336 8197 8196
3 8337 8133 8197
3 8338 8268 8133
3 8339 8269 8198
3 8340 8199 8269
3 8341 8270 8199
3 8271 8135 8270
3 8342 8136 8271
3 8343 8272 8136
3 8344 8200 8272
3 8344 8273 8200
3 8274 7997 8273
3 8345 8201 8274
3 8345 8275 8201
3 8346 8202 8275
3 8346 8203 8202
3 8347 8276 8203
3 8207 8067 8276
3 8278 8205 8277
3 8279 8140 8278
3 8280 8206 8279
3 8348 8142 8280
3 8348 8281 8142
3 8349 8143 8281
3 8349 8282 8143
3 8350 8195 8282
3 8351 8208 8207
3 8352 8145 8208
3 8353 8283 8145
3 8277 8209 8283
3 8292 8284 8146
3 8211 8210 8284
3 8354 8285 8211
3 8285 8286 8147
3 8287 8148 8286
3 8355 8212 8287
3 8355 8149 8212
3 8356 8288 8149
3 8214 8213 8288
3 8357 8218 8214
3 8357 8215 8218
3 8358 8289 8215
3 8359 8151 8289
3 8360 8290 8216
3 8290 8291 8079
3 8292 8217 8291
3 8292 8155 8217
3 8361 8293 8151
3 8362 8219 8293
3 8294 8220 8219
3 8221 8156 8294
3 8295 8157 8221
3 8296 8158 8295
3 8295 8159 8296
3 8363 8224 8295
3 8326 8188 8224
3 8318 8226 8254
3 8318 8297 8226
3 8298 8162 8297
3 8364 8227 8298
3 8365 8228 8227
3 8366 8163 8228
3 8366 8299 8163
3 8367 8229 8299
3 8303 8230 8300
3 8301 8231 8237
3 8368 8165 8301
3 8368 8302 8165
3 8369 8216 8302
3 8030 8097 8303
3 8370 8232 8030
3 8371 8304 8232
3 8372 8233 8304
3 8372 8305 8233
3 8306 8167 8305
3 8373 8168 8306
3 8373 8307 8168
3 8374 8234 8307
3 8236 8235 8234
3 8375 8237 8236
3 8309 8170 8308
3 8240 8172 8309
3 8243 8242 8241
3 8376 8244 8243
3 8376 8245 8244
3 8376 8246 8245
3 8377 8247 8246
3 8377 8310 8247
3 8311 8248 8310
3 8378 8176 8311
3 8379 8312 8176
3 8313 8249 8312
3 8314 8250 8313
3 8380 8251 8314
3 8381 8252 8251
3 8380 8315 8252
3 8316 8048 8315
3 8382 8253 8316
3 8383 8317 8253
3 8318 8178 8317
3 8319 8255 8256
3 8321 8256 8258
3 8324 8320 8257
3 8321 8182 8320
3 8384 8322 8259
3 8385 8260 8322
3 8324 8323 8260
3 8324 8185 8323
3 8386 8262 8261
3 8387 8325 8262
3 8332 8192 8325
3 8388 8263 8326
3 8388 8327 8263
3 8328 8189 8327
3 8389 8264 8328
3 8389 8329 8264
3 8389 8265 8329
3 8390 8330 8265
3 8391 8266 8330
3 8391 8331 8266
3 8261 8191 8331
3 8333 8193 8332
3 8339 8198 8333
3 8392 8334 8268
3 8259 8194 8334
3 8350 8335 8195
3 8393 8196 8335
3 8393 8336 8196
3 8394 8197 8336
3 8395 8337 8197
3 8338 8133 8337
3 8396 8268 8338
3 8340 8269 8339
3 8341 8199 8340
3 8271 8270 8341
3 8397 8342 8271
3 8398 8136 8342
3 8399 8343 8136
3 8400 8272 8343
3 8401 8344 8272
3 8402 8273 8344
3 8402 8274 8273
3 8402 8345 8274
3 8346 8275 8345
3 8347 8203 8346
3 8403 8276 8347
3 8404 8207 8276
3 8405 8278 8277
3 8348 8279 8278
3 8348 8280 8279
3 8349 8281 8348
3 8350 8282 8349
3 8404 8351 8207
3 8406 8208 8351
3 8406 8352 8208
3 8353 8145 8352
3 8407 8283 8353
3 8408 8284 8292
3 8354 8211 8284
3 8409 8285 8354
3 8410 8286 8285
3 8411 8287 8286
3 8412 8355 8287
3 8356 8149 8355
3 8413 8288 8356
3 8357 8214 8288
3 8413 8215 8357
3 8413 8358 8215
3 8414 8289 8358
3 8415 8359 8289
3 8361 8151 8359
3 8369 8360 8216
3 8416 8290 8360
3 8417 8291 8290
3 8408 8292 8291
3 8362 8293 8361
3 8418 8219 8362
3 8419 8294 8219
3 8420 8221 8294
3 8421 8295 8221
3 8421 8363 8295
3 8388 8224 8363
3 8388 8326 8224
3 8422 8297 8318
3 8422 8364 8298
3 8365 8227 8364
3 8366 8228 8365
3 8423 8299 8366
3 8424 8367 8299
3 8425 8303 8300
3 8375 8301 8237
3 8426 8368 8301
3 8369 8302 8368
3 8427 8030 8303
3 8428 8370 8030
3 8429 8232 8370
3 8429 8371 8232
3 8371 8372 8304
3 8430 8305 8372
3 8431 8306 8305
3 8431 8373 8306
3 8432 8307 8373
3 8432 8374 8307
3 8236 8234 8374
3 8374 8375 8236
3 8433 8309 8308
3 8434 8376 8243
3 8377 8246 8376
3 8435 8310 8377
3 8436 8311 8310
3 8379 8176 8378
3 8437 8312 8379
3 8438 8313 8312
3 8439 8314 8313
3 8439 8380 8314
3 8381 8251 8380
3 8380 8252 8381
3 8440 8315 8380
3 8440 8316 8315
3 8440 8382 8316
3 8441 8253 8382
3 8442 8383 8253
3 8364 8317 8383
3 8422 8318 8317
3 8443 8256 8321
3 8444 8320 8324
3 8444 8321 8320
3 8334 8384 8259
3 8445 8322 8384
3 8445 8385 8322
3 8446 8260 8385
3 8447 8324 8260
3 8448 8386 8261
3 8449 8262 8386
3 8449 8387 8262
3 8450 8325 8387
3 8451 8332 8325
3 8452 8327 8388
3 8452 8328 8327
3 8452 8389 8328
3 8453 8265 8389
3 8454 8390 8265
3 8455 8330 8390
3 8456 8391 8330
3 8457 8331 8391
3 8448 8261 8331
3 8458 8333 8332
3 8459 8339 8333
3 8396 8392 8268
3 8384 8334 8392
3 8393 8335 8350
3 8394 8336 8393
3 8460 8197 8394
3 8461 8395 8197
3 8461 8337 8395
3 8462 8338 8337
3 8463 8396 8338
3 8459 8340 8339
3 8464 8341 8340
3 8397 8271 8341
3 8465 8342 8397
3 8465 8398 8342
3 8399 8136 8398
3 8398 8343 8399
3 8398 8400 8343
3 8466 8272 8400
3 8466 8401 8272
3 8467 8344 8401
3 8467 8402 8344
3 8468 8345 8402
3 8469 8346 8345
3 8470 8347 8346
3 8471 8403 8347
3 8404 8276 8403
3 8472 8405 8277
3 8348 8278 8405
3 8473 8349 8348
3 8473 8350 8349
3 8474 8351 8404
3 8474 8406 8351
3 8353 8352 8406
3 8475 8407 8353
3 8476 8283 8407
3 8477 8284 8408
3 8478 8354 8284
3 8479 8409 8354
3 8410 8285 8409
3 8480 8286 8410
3 8480 8411 8286
3 8412 8287 8411
3 8481 8355 8412
3 8481 8356 8355
3 8482 8413 8356
3 8357 8288 8413
3 8483 8358 8413
3 8483 8414 8358
3 8415 8289 8414
3 8484 8359 8415
3 8485 8361 8359
3 8416 8360 8369
3 8416 8417 8290
3 8408 8291 8417
3 8485 8362 8361
3 8486 8418 8362
3 8487 8219 8418
3 8487 8419 8219
3 8488 8294 8419
3 8489 8420 8294
3 8421 8221 8420
3 8388 8363 8421
3 8298 8297 8422
3 8317 8364 8422
3 8490 8365 8364
3 8427 8366 8365
3 8427 8423 8366
3 8424 8299 8423
3 8425 8367 8424
3 8367 8425 8300
3 8424 8303 8425
3 8375 8426 8301
3 8491 8368 8426
3 8491 8369 8368
3 8423 8427 8303
3 8490 8030 8427
3 8429 8370 8428
3 8492 8371 8429
3 8493 8372 8371
3 8494 8430 8372
3 8495 8305 8430
3 8496 8431 8305
3 8497 8373 8431
3 8498 8432 8373
3 8375 8374 8432
3 8435 8434 8243
3 8435 8376 8434
3 8435 8377 8376
3 8436 8310 8435
3 8438 8437 8379
3 8438 8312 8437
3 8500 8313 8438
3 8496 8439 8313
3 8501 8380 8439
3 8502 8440 8380
3 8494 8382 8440
3 8494 8441 8382
3 8503 8253 8441
3 8503 8442 8253
3 8428 8383 8442
3 8490 8364 8383
3 8504 8445 8384
3 8505 8385 8445
3 8505 8446 8385
3 8447 8260 8446
3 8506 8324 8447
3 8507 8386 8448
3 8507 8449 8386
3 8450 8387 8449
3 8451 8325 8450
3 8458 8332 8451
3 8508 8452 8388
3 8508 8389 8452
3 8509 8453 8389
3 8510 8265 8453
3 8511 8454 8265
3 8512 8390 8454
3 8512 8455 8390
3 8456 8330 8455
3 8513 8391 8456
3 8448 8457 8391
3 8448 8331 8457
3 8459 8333 8458
3 8463 8392 8396
3 8504 8384 8392
3 8473 8393 8350
3 8514 8394 8393
3 8514 8460 8394
3 8461 8197 8460
3 8462 8337 8461
3 8515 8338 8462
3 8516 8463 8338
3 8459 8464 8340
3 8397 8341 8464
3 8517 8465 8397
3 8518 8398 8465
3 8518 8400 8398
3 8401 8466 8400
3 8519 8467 8401
3 8468 8402 8467
3 8469 8345 8468
3 8470 8346 8469
3 8471 8347 8470
3 8474 8403 8471
3 8474 8404 8403
3 8520 8472 8277
3 8521 8405 8472
3 8473 8348 8405
3 8353 8406 8474
3 8474 8475 8353
3 8522 8407 8475
3 8523 8476 8407
3 8524 8283 8476
3 8525 8477 8408
3 8526 8284 8477
3 8526 8478 8284
3 8526 8354 8478
3 8526 8479 8354
3 8527 8409 8479
3 8527 8410 8409
3 8528 8480 8410
3 8529 8411 8480
3 8529 8412 8411
3 8530 8481 8412
3 8482 8356 8481
3 8531 8413 8482
3 8532 8483 8413
3 8533 8414 8483
3 8533 8415 8414
3 8534 8484 8415
3 8535 8359 8484
3 8536 8485 8359
3 8417 8416 8369
3 8525 8408 8417
3 8537 8362 8485
3 8537 8486 8362
3 8538 8418 8486
3 8538 8487 8418
3 8539 8419 8487
3 8539 8488 8419
3 8540 8294 8488
3 8541 8489 8294
3 8421 8420 8489
3 8508 8388 8421
3 8427 8365 8490
3 8303 8424 8423
3 8542 8426 8375
3 8543 8491 8426
3 8525 8369 8491
3 8428 8030 8490
3 8492 8429 8428
3 8544 8371 8492
3 8544 8493 8371
3 8441 8372 8493
3 8441 8494 8372
3 8495 8430 8494
3 8496 8305 8495
3 8545 8431 8496
3 8545 8497 8431
3 8498 8373 8497
3 8546 8432 8498
3 8546 8375 8432
3 8435 8243 8499
3 8548 8438 8379
3 8549 8500 8438
3 8496 8313 8500
3 8495 8439 8496
3 8502 8380 8501
3 8501 8440 8502
3 8493 8503 8441
3 8544 8442 8503
3 8544 8428 8442
3 8428 8490 8383
3 8551 8445 8504
3 8552 8505 8445
3 8553 8446 8505
3 8506 8447 8446
3 8550 8324 8506
3 8391 8507 8448
3 8517 8449 8507
3 8554 8450 8449
3 8554 8451 8450
3 8464 8458 8451
3 8509 8389 8508
3 8555 8453 8509
3 8556 8510 8453
3 8511 8265 8510
3 8557 8454 8511
3 8557 8512 8454
3 8558 8455 8512
3 8559 8456 8455
3 8559 8513 8456
3 8559 8391 8513
3 8464 8459 8458
3 8560 8392 8463
3 8560 8504 8392
3 8561 8393 8473
3 8562 8514 8393
3 8563 8460 8514
3 8462 8461 8460
3 8460 8515 8462
3 8564 8338 8515
3 8564 8516 8338
3 8565 8463 8516
3 8554 8397 8464
3 8554 8517 8397
3 8566 8465 8517
3 8566 8518 8465
3 8567 8400 8518
3 8519 8401 8400
3 8568 8467 8519
3 8469 8468 8467
3 8569 8470 8469
3 8570 8471 8470
3 8571 8474 8471
3 8572 8520 8277
3 8573 8472 8520
3 8573 8521 8472
3 8473 8405 8521
3 8574 8475 8474
3 8575 8522 8475
3 8575 8407 8522
3 8576 8523 8407
3 8524 8476 8523
3 8577 8283 8524
3 8491 8477 8525
3 8578 8526 8477
3 8578 8479 8526
3 8579 8527 8479
3 8580 8410 8527
3 8581 8528 8410
3 8529 8480 8528
3 8530 8412 8529
3 8482 8481 8530
3 8582 8531 8482
3 8532 8413 8531
3 8533 8483 8532
3 8583 8415 8533
3 8583 8534 8415
3 8535 8484 8534
3 8584 8359 8535
3 8585 8536 8359
3 8586 8485 8536
3 8525 8417 8369
3 8586 8537 8485
3 8587 8486 8537
3 8588 8538 8486
3 8539 8487 8538
3 8540 8488 8539
3 8541 8294 8540
3 8509 8489 8541
3 8509 8421 8489
3 8509 8508 8421
3 8546 8542 8375
3 8589 8426 8542
3 8590 8543 8426
3 8477 8491 8543
3 8544 8492 8428
3 8503 8493 8544
3 8501 8495 8494
3 8591 8497 8545
3 8591 8498 8497
3 8592 8546 8498
3 8593 8379 8547
3 8593 8548 8379
3 8594 8438 8548
3 8594 8549 8438
3 8595 8500 8549
3 8545 8496 8500
3 8501 8439 8495
3 8560 8551 8504
3 8596 8445 8551
3 8597 8552 8445
3 8553 8505 8552
3 8550 8446 8553
3 8550 8506 8446
3 8559 8507 8391
3 8559 8517 8507
3 8554 8449 8517
3 8464 8451 8554
3 8541 8555 8509
3 8598 8453 8555
3 8598 8556 8453
3 8511 8510 8556
3 8599 8557 8511
3 8599 8512 8557
3 8600 8558 8512
3 8601 8455 8558
3 8566 8559 8455
3 8565 8560 8463
3 8521 8561 8473
3 8562 8393 8561
3 8563 8514 8562
3 8602 8460 8563
3 8602 8515 8460
3 8603 8564 8515
3 8604 8516 8564
3 8605 8565 8516
3 8559 8566 8517
3 8567 8518 8566
3 8606 8400 8567
3 8606 8519 8400
3 8607 8568 8519
3 8608 8467 8568
3 8609 8469 8467
3 8610 8569 8469
3 8570 8470 8569
3 8571 8471 8570
3 8574 8474 8571
3 8611 8572 8277
3 8612 8520 8572
3 8613 8573 8520
3 8562 8521 8573
3 8614 8475 8574
3 8614 8575 8475
3 8614 8407 8575
3 8615 8576 8407
3 8611 8523 8576
3 8611 8524 8523
3 8611 8577 8524
3 8277 8283 8577
3 8543 8578 8477
3 8579 8479 8578
3 8616 8527 8579
3 8616 8580 8527
3 8581 8410 8580
3 8617 8528 8581
3 8618 8529 8528
3 8618 8530 8529
3 8618 8482 8530
3 8618 8582 8482
3 8619 8531 8582
3 8620 8532 8531
3 8621 8533 8532
3 8621 8583 8533
3 8622 8534 8583
3 8623 8535 8534
3 8624 8584 8535
3 8585 8359 8584
3 8625 8536 8585
3 8626 8586 8536
3 8627 8537 8586
3 8628 8587 8537
3 8629 8486 8587
3 8630 8588 8486
3 8631 8538 8588
3 8632 8539 8538
3 8632 8540 8539
3 8555 8541 8540
3 8589 8542 8546
3 8633 8426 8589
3 8633 8590 8426
3 8578 8543 8590
3 8440 8501 8494
3 8595 8591 8545
3 8592 8498 8591
3 8634 8546 8592
3 8635 8593 8547
3 8594 8548 8593
3 8636 8549 8594
3 8636 8595 8549
3 8545 8500 8595
3 8637 8551 8560
3 8638 8596 8551
3 8597 8445 8596
3 8540 8598 8555
3 8639 8556 8598
3 8631 8511 8556
3 8640 8599 8511
3 8600 8512 8599
3 8601 8558 8600
3 8641 8455 8601
3 8642 8566 8455
3 8605 8560 8565
3 8562 8561 8521
3 8643 8563 8562
3 8644 8602 8563
3 8644 8515 8602
3 8644 8603 8515
3 8645 8564 8603
3 8645 8604 8564
3 8646 8516 8604
3 8646 8605 8516
3 8647 8567 8566
3 8647 8606 8567
3 8648 8519 8606
3 8649 8607 8519
3 8608 8568 8607
3 8650 8467 8608
3 8651 8609 8467
3 8610 8469 8609
3 8652 8569 8610
3 8652 8570 8569
3 8652 8571 8570
3 8653 8574 8571
3 8577 8611 8277
3 8654 8572 8611
3 8655 8612 8572
3 8656 8520 8612
3 8657 8613 8520
3 8658 8573 8613
3 8643 8562 8573
3 8653 8614 8574
3 8659 8407 8614
3 8659 8615 8407
3 8611 8576 8615
3 8660 8579 8578
3 8660 8616 8579
3 8661 8580 8616
3 8619 8581 8580
3 8619 8617 8581
3 8618 8528 8617
3 8617 8582 8618
3 8617 8619 8582
3 8662 8531 8619
3 8663 8620 8531
3 8664 8532 8620
3 8664 8621 8532
3 8622 8583 8621
3 8623 8534 8622
3 8665 8535 8623
3 8666 8624 8535
3 8667 8584 8624
3 8667 8585 8584
3 8667 8625 8585
3 8626 8536 8625
3 8668 8586 8626
3 8669 8627 8586
3 8628 8537 8627
3 8670 8587 8628
3 8670 8629 8587
3 8630 8486 8629
3 8671 8588 8630
3 8672 8631 8588
3 8632 8538 8631
3 8673 8540 8632
3 8634 8589 8546
3 8674 8633 8589
3 8674 8590 8633
3 8675 8578 8590
3 8636 8591 8595
3 8676 8592 8591
3 8676 8634 8592
3 8678 8635 8547
3 8679 8593 8635
3 8680 8594 8593
3 8680 8636 8594
3 8605 8637 8560
3 8681 8551 8637
3 8681 8638 8551
3 8597 8596 8638
3 8639 8598 8540
3 8631 8556 8639
3 8672 8511 8631
3 8671 8640 8511
3 8682 8599 8640
3 8683 8600 8599
3 8683 8601 8600
3 8684 8641 8601
3 8685 8455 8641
3 8685 8642 8455
3 8685 8566 8642
3 8644 8563 8643
3 8686 8603 8644
3 8686 8645 8603
3 8646 8604 8645
3 8687 8605 8646
3 8688 8647 8566
3 8648 8606 8647
3 8649 8519 8648
3 8689 8607 8649
3 8690 8608 8607
3 8651 8650 8608
3 8651 8467 8650
3 8691 8609 8651
3 8652 8610 8609
3 8653 8571 8652
3 8615 8654 8611
3 8655 8572 8654
3 8692 8612 8655
3 8657 8520 8656
3 8693 8613 8657
3 8693 8658 8613
3 8643 8573 8658
3 8694 8614 8653
3 8695 8659 8614
3 8696 8615 8659
3 8697 8660 8578
3 8661 8616 8660
3 8662 8580 8661
3 8662 8619 8580
3 8698 8531 8662
3 8698 8663 8531
3 8699 8620 8663
3 8700 8664 8620
3 8622 8621 8664
3 8700 8623 8622
3 8701 8535 8665
3 8702 8666 8535
3 8667 8624 8666
3 8703 8625 8667
3 8704 8626 8625
3 8704 8668 8626
3 8669 8586 8668
3 8628 8627 8669
3 8705 8670 8628
3 8630 8629 8670
3 8706 8671 8630
3 8672 8588 8671
3 8639 8632 8631
3 8639 8673 8632
3 8639 8540 8673
3 8707 8589 8634
3 8707 8674 8589
3 8697 8590 8674
3 8697 8675 8590
3 8697 8578 8675
3 8708 8591 8636
3 8709 8676 8591
3 8710 8634 8676
3 8678 8547 8677
3 8677 8635 8678
3 8711 8679 8635
3 8712 8593 8679
3 8713 8680 8593
3 8708 8636 8680
3 8687 8637 8605
3 8714 8681 8637
3 8671 8511 8672
3 8715 8640 8671
3 8715 8682 8640
3 8716 8599 8682
3 8716 8683 8599
3 8684 8601 8683
3 8717 8641 8684
3 8718 8685 8641
3 8688 8566 8685
3 8719 8644 8643
3 8720 8686 8644
3 8721 8645 8686
3 8722 8646 8645
3 8722 8687 8646
3 8718 8647 8688
3 8718 8648 8647
3 8717 8649 8648
3 8684 8689 8649
3 8723 8607 8689
3 8724 8690 8607
3 8725 8608 8690
3 8691 8651 8608
3 8726 8609 8691
3 8727 8652 8609
3 8728 8653 8652
3 8729 8654 8615
3 8729 8655 8654
3 8729 8692 8655
3 8656 8612 8692
3 8692 8657 8656
3 8730 8693 8657
3 8731 8658 8693
3 8731 8643 8658
3 8732 8694 8653
3 8695 8614 8694
3 8696 8659 8695
3 8733 8615 8696
3 8734 8660 8697
3 8735 8661 8660
3 8698 8662 8661
3 8661 8663 8698
3 8736 8699 8663
3 8737 8620 8699
3 8738 8700 8620
3 8622 8664 8700
3 8665 8623 8700
3 8700 8701 8665
3 8739 8535 8701
3 8740 8702 8535
3 8667 8666 8702
3 8741 8703 8667
3 8742 8625 8703
3 8742 8704 8625
3 8743 8668 8704
3 8744 8669 8668
3 8705 8628 8669
3 8745 8670 8705
3 8745 8630 8670
3 8745 8706 8630
3 8745 8671 8706
3 8746 8707 8634
3 8734 8674 8707
3 8734 8697 8674
3 8709 8591 8708
3 8747 8676 8709
3 8747 8710 8676
3 8748 8634 8710
3 8749 8679 8711
3 8750 8712 8679
3 8713 8593 8712
3 8751 8680 8713
3 8751 8708 8680
3 8714 8637 8687
3 8752 8681 8714
3 8753 8715 8671
3 8754 8682 8715
3 8755 8716 8682
3 8756 8683 8716
3 8756 8684 8683
3 8648 8641 8717
3 8688 8685 8718
3 8731 8719 8643
3 8720 8644 8719
3 8757 8686 8720
3 8758 8721 8686
3 8722 8645 8721
3 8714 8687 8722
3 8717 8684 8649
3 8759 8689 8684
3 8759 8723 8689
3 8724 8607 8723
3 8760 8690 8724
3 8761 8725 8690
3 8691 8608 8725
3 8762 8726 8691
3 8727 8609 8726
3 8727 8728 8652
3 8763 8653 8728
3 8764 8729 8615
3 8765 8692 8729
3 8765 8657 8692
3 8765 8730 8657
3 8766 8693 8730
3 8766 8731 8693
3 8763 8732 8653
3 8728 8694 8732
3 8767 8695 8694
3 8768 8733 8696
3 8764 8615 8733
3 8734 8735 8660
3 8769 8661 8735
3 8770 8663 8661
3 8771 8736 8663
3 8772 8699 8736
3 8773 8737 8699
3 8701 8620 8737
3 8701 8738 8620
3 8701 8700 8738
3 8774 8739 8701
3 8775 8535 8739
3 8775 8740 8535
3 8776 8702 8740
3 8741 8667 8702
3 8777 8703 8741
3 8778 8742 8703
3 8779 8704 8742
3 8779 8743 8704
3 8744 8668 8743
3 8780 8669 8744
3 8780 8705 8669
3 8781 8745 8705
3 8782 8671 8745
3 8748 8746 8634
3 8783 8707 8746
3 8783 8734 8707
3 8751 8709 8708
3 8751 8747 8709
3 8784 8710 8747
3 8785 8748 8710
3 8787 8749 8711
3 8750 8679 8749
3 8713 8712 8750
3 8750 8751 8713
3 8782 8753 8671
3 8754 8715 8753
3 8755 8682 8754
3 8756 8716 8755
3 8759 8684 8756
3 8718 8641 8648
3 8766 8719 8731
3 8757 8720 8719
3 8758 8686 8757
3 8757 8721 8758
3 8788 8722 8721
3 8789 8714 8722
3 8790 8723 8759
3 8791 8724 8723
3 8791 8760 8724
3 8792 8690 8760
3 8792 8761 8690
3 8793 8725 8761
3 8762 8691 8725
3 8794 8726 8762
3 8794 8727 8726
3 8795 8728 8727
3 8732 8763 8728
3 8765 8729 8764
3 8764 8730 8765
3 8796 8766 8730
3 8797 8694 8728
3 8798 8767 8694
3 8696 8695 8767
3 8799 8768 8696
3 8800 8733 8768
3 8796 8764 8733
3 8783 8735 8734
3 8783 8769 8735
3 8770 8661 8769
3 8801 8663 8770
3 8801 8771 8663
3 8772 8736 8771
3 8802 8699 8772
3 8803 8773 8699
3 8775 8737 8773
3 8774 8701 8737
3 8775 8739 8774
3 8804 8740 8775
3 8805 8776 8740
3 8806 8702 8776
3 8777 8741 8702
3 8778 8703 8777
3 8807 8742 8778
3 8807 8779 8742
3 8808 8743 8779
3 8808 8744 8743
3 8809 8780 8744
3 8781 8705 8780
3 8810 8745 8781
3 8811 8782 8745
3 8783 8746 8748
3 8749 8747 8751
3 8749 8784 8747
3 8785 8710 8784
3 8749 8748 8785
3 8813 8711 8786
3 8813 8787 8711
3 8814 8749 8787
3 8751 8750 8749
3 8811 8753 8782
3 8815 8754 8753
3 8816 8755 8754
3 8816 8756 8755
3 8816 8759 8756
3 8817 8719 8766
3 8818 8757 8719
3 8788 8721 8757
3 8819 8722 8788
3 8816 8790 8759
3 8791 8723 8790
3 8820 8760 8791
3 8820 8792 8760
3 8793 8761 8792
3 8762 8725 8793
3 8793 8794 8762
3 8821 8727 8794
3 8821 8795 8727
3 8797 8728 8795
3 8796 8730 8764
3 8817 8766 8796
3 8822 8694 8797
3 8823 8798 8694
3 8799 8767 8798
3 8799 8696 8767
3 8824 8768 8799
3 8824 8800 8768
3 8825 8733 8800
3 8826 8796 8733
3 8827 8769 8783
3 8828 8770 8769
3 8829 8801 8770
3 8830 8771 8801
3 8830 8772 8771
3 8831 8802 8772
3 8803 8699 8802
3 8832 8773 8803
3 8833 8775 8773
3 8774 8737 8775
3 8833 8804 8775
3 8805 8740 8804
3 8834 8776 8805
3 8834 8806 8776
3 8835 8702 8806
3 8836 8777 8702
3 8837 8778 8777
3 8837 8807 8778
3 8838 8779 8807
3 8839 8808 8779
3 8809 8744 8808
3 8840 8780 8809
3 8841 8781 8780
3 8842 8810 8781
3 8811 8745 8810
3 8827 8783 8748
3 8785 8784 8749
3 8843 8748 8749
3 8845 8786 8812
3 8846 8813 8786
3 8846 8787 8813
3 8847 8814 8787
3 8848 8753 8811
3 8848 8815 8753
3 8849 8754 8815
3 8849 8816 8754
3 8818 8719 8817
3 8850 8757 8818
3 8819 8788 8757
3 8851 8722 8819
3 8849 8790 8816
3 8852 8791 8790
3 8852 8820 8791
3 8853 8792 8820
3 8854 8793 8792
3 8854 8794 8793
3 8855 8821 8794
3 8856 8795 8821
3 8857 8797 8795
3 8826 8817 8796
3 8857 8822 8797
3 8823 8694 8822
3 8858 8798 8823
3 8824 8799 8798
3 8859 8800 8824
3 8860 8825 8800
3 8826 8733 8825
3 8843 8769 8827
3 8861 8828 8769
3 8829 8770 8828
3 8862 8801 8829
3 8862 8830 8801
3 8863 8772 8830
3 8864 8831 8772
3 8865 8802 8831
3 8832 8803 8802
3 8834 8773 8832
3 8805 8833 8773
3 8805 8804 8833
3 8866 8834 8805
3 8832 8806 8834
3 8865 8835 8806
3 8867 8702 8835
3 8868 8836 8702
3 8837 8777 8836
3 8869 8807 8837
3 8870 8838 8807
3 8839 8779 8838
3 8871 8808 8839
3 8840 8809 8808
3 8872 8780 8840
3 8872 8841 8780
3 8842 8781 8841
3 8873 8810 8842
3 8873 8811 8810
3 8843 8827 8748
3 8875 8812 8844
3 8875 8845 8812
3 8846 8786 8845
3 8845 8787 8846
3 8876 8847 8787
3 8877 8814 8847
3 8878 8848 8811
3 8878 8815 8848
3 8879 8849 8815
3 8880 8818 8817
3 8881 8850 8818
3 8819 8757 8850
3 8882 8851 8819
3 8883 8722 8851
3 8852 8790 8849
3 8884 8820 8852
3 8884 8853 8820
3 8885 8792 8853
3 8886 8854 8792
3 8855 8794 8854
3 8856 8821 8855
3 8887 8795 8856
3 8888 8857 8795
3 8880 8817 8826
3 8823 8822 8857
3 8889 8858 8823
3 8890 8798 8858
3 8891 8824 8798
3 8892 8859 8824
3 8860 8800 8859
3 8893 8825 8860
3 8893 8826 8825
3 8814 8769 8843
3 8814 8861 8769
3 8894 8828 8861
3 8894 8829 8828
3 8894 8862 8829
3 8895 8830 8862
3 8895 8863 8830
3 8864 8772 8863
3 8896 8831 8864
3 8835 8865 8831
3 8832 8802 8865
3 8866 8773 8834
3 8897 8805 8773
3 8897 8866 8805
3 8865 8806 8832
3 8898 8867 8835
3 8898 8702 8867
3 8898 8868 8702
3 8837 8836 8868
3 8868 8869 8837
3 8870 8807 8869
3 8899 8838 8870
3 8871 8839 8838
3 8900 8808 8871
3 8900 8840 8808
3 8901 8872 8840
3 8901 8841 8872
3 8902 8842 8841
3 8903 8873 8842
3 8878 8811 8873
3 8875 8844 8874
3 8904 8845 8875
3 8905 8787 8845
3 8906 8876 8787
3 8877 8847 8876
3 8894 8814 8877
3 8907 8815 8878
3 8907 8879 8815
3 8852 8849 8879
3 8908 8818 8880
3 8908 8881 8818
3 8909 8850 8881
3 8910 8819 8850
3 8911 8882 8819
3 8912 8851 8882
3 8913 8722 8883
3 8879 8884 8852
3 8907 8853 8884
3 8873 8885 8853
3 8886 8792 8885
3 8855 8854 8886
3 8914 8856 8855
3 8914 8887 8856
3 8888 8795 8887
3 8915 8857 8888
3 8893 8880 8826
3 8915 8823 8857
3 8915 8889 8823
3 8890 8858 8889
3 8891 8798 8890
3 8916 8824 8891
3 8916 8892 8824
3 8917 8859 8892
3 8893 8860 8859
3 8894 8861 8814
3 8918 8862 8894
3 8918 8895 8862
3 8864 8863 8895
3 8919 8896 8864
3 8920 8831 8896
3 8920 8835 8831
3 8897 8773 8866
3 8921 8898 8835
3 8869 8868 8898
3 8922 8870 8869
3 8923 8899 8870
3 8871 8838 8899
3 8924 8900 8871
3 8901 8840 8900
3 8902 8841 8901
3 8925 8842 8902
3 8926 8903 8842
3 8885 8873 8903
3 8907 8878 8873
3 8928 8875 8874
3 8928 8904 8875
3 8905 8845 8904
3 8906 8787 8905
3 8905 8876 8906
3 8904 8877 8876
3 8904 8894 8877
3 8884 8879 8907
3 8893 8908 8880
3 8929 8881 8908
3 8929 8909 8881
3 8910 8850 8909
3 8911 8819 8910
3 8930 8882 8911
3 8930 8912 8882
3 8883 8851 8912
3 8912 8913 8883
3 8907 8873 8853
3 8926 8886 8885
3 8914 8855 8886
3 8888 8887 8914
3 8931 8915 8888
3 8931 8889 8915
3 8932 8890 8889
3 8933 8891 8890
3 8934 8916 8891
3 8935 8892 8916
3 8936 8859 8917
3 8937 8893 8859
3 8904 8918 8894
3 8938 8895 8918
3 8939 8864 8895
3 8940 8919 8864
3 8941 8896 8919
3 8941 8920 8896
3 8921 8835 8920
3 8942 8898 8921
3 8942 8869 8898
3 8942 8922 8869
3 8923 8870 8922
3 8943 8899 8923
3 8944 8871 8899
3 8944 8924 8871
3 8901 8900 8924
3 8945 8902 8901
3 8945 8925 8902
3 8926 8842 8925
3 8885 8903 8926
3 8947 8874 8927
3 8948 8928 8874
3 8948 8904 8928
3 8876 8905 8904
3 8937 8908 8893
3 8937 8929 8908
3 8859 8909 8929
3 8950 8910 8909
3 8951 8911 8910
3 8951 8930 8911
3 8952 8912 8930
3 8953 8886 8926
3 8888 8914 8886
3 8954 8931 8888
3 8954 8889 8931
3 8955 8932 8889
3 8933 8890 8932
3 8956 8891 8933
3 8956 8934 8891
3 8957 8916 8934
3 8958 8935 8916
3 8917 8892 8935
3 8959 8936 8917
3 8950 8859 8936
3 8929 8937 8859
3 8960 8918 8904
3 8960 8938 8918
3 8961 8895 8938
3 8962 8939 8895
3 8962 8864 8939
3 8963 8940 8864
3 8964 8919 8940
3 8964 8941 8919
3 8965 8920 8941
3 8965 8921 8920
3 8965 8942 8921
3 8966 8922 8942
3 8943 8923 8922
3 8967 8899 8943
3 8967 8944 8899
3 8968 8924 8944
3 8945 8901 8924
3 8969 8925 8945
3 8970 8926 8925
3 8947 8927 8946
3 8971 8874 8947
3 8971 8948 8874
3 8971 8904 8948
3 8950 8909 8859
3 8951 8910 8950
3 8973 8930 8951
3 8973 8952 8930
3 8974 8912 8952
3 8970 8953 8926
3 8888 8886 8953
3 8976 8954 8888
3 8977 8889 8954
3 8978 8955 8889
3 8957 8932 8955
3 8956 8933 8932
3 8932 8934 8956
3 8932 8957 8934
3 8958 8916 8957
3 8979 8935 8958
3 8959 8917 8935
3 8980 8936 8959
3 8981 8950 8936
3 8982 8960 8904
3 8983 8938 8960
3 8984 8961 8938
3 8962 8895 8961
3 8963 8864 8962
3 8985 8940 8963
3 8986 8964 8940
3 8987 8941 8964
3 8988 8965 8941
3 8989 8942 8965
3 8989 8966 8942
3 8943 8922 8966
3 8990 8967 8943
3 8968 8944 8967
3 8991 8924 8968
3 8992 8945 8924
3 8970 8925 8969
3 8993 8947 8946
3 8994 8971 8947
3 8982 8904 8971
3 8981 8951 8950
3 8981 8973 8951
3 8995 8952 8973
3 8995 8974 8952
3 8975 8912 8974
3 8976 8953 8970
3 8976 8888 8953
3 8996 8954 8976
3 8978 8889 8977
3 8997 8955 8978
3 8958 8957 8955
3 8998 8979 8958
3 8959 8935 8979
3 8999 8980 8959
3 8973 8936 8980
3 8973 8981 8936
3 8983 8960 8982
3 8984 8938 8983
3 8962 8961 8984
3 8985 8963 8962
3 9000 8940 8985
3 9001 8986 8940
3 8987 8964 8986
3 9002 8941 8987
3 9003 8988 8941
3 8989 8965 8988
3 8988 8966 8989
3 9004 8943 8966
3 9005 8990 8943
3 9006 8967 8990
3 8991 8968 8967
3 8992 8924 8991
3 8969 8945 8992
3 9007 8970 8969
3 8994 8947 8993
3 8993 8971 8994
3 9008 8982 8971
3 9014 8995 8973
3 9015 8974 8995
3 9015 8975 8974
3 9007 8976 8970
3 9007 8996 8976
3 8977 8954 8996
3 8996 8978 8977
3 9016 8997 8978
3 8958 8955 8997
3 9017 8998 8958
3 9018 8979 8998
3 9018 8959 8979
3 9018 8999 8959
3 9019 8980 8999
3 9014 8973 8980
3 9008 8983 8982
3 8962 8984 8983
3 9020 8985 8962
3 9021 9000 8985
3 9022 8940 9000
3 9022 9001 8940
3 9023 8986 9001
3 9023 8987 8986
3 9003 9002 8987
3 9003 8941 9002
3 9024 8988 9003
3 9024 8966 8988
3 9025 9004 8966
3 9005 8943 9004
3 9026 8990 9005
3 9027 9006 8990
3 8991 8967 9006
3 9028 8992 8991
3 9007 8969 8992
3 9030 8971 8993
3 9020 9008 8971
3 9031 8972 9011
3 9032 9012 8972
3 9015 8995 9014
3 9034 8975 9015
3 9035 8996 9007
3 9036 8978 8996
3 9036 9016 8978
3 9037 8997 9016
3 9038 8958 8997
3 9038 9017 8958
3 9039 8998 9017
3 9040 9018 8998
3 9041 8999 9018
3 9042 9019 8999
3 9043 8980 9019
3 9043 9014 8980
3 9020 8983 9008
3 9020 8962 8983
3 9044 8985 9020
3 9045 9021 8985
3 9046 9000 9021
3 9046 9022 9000
3 9047 9001 9022
3 9048 9023 9001
3 9049 8987 9023
3 9049 9003 8987
3 9050 9024 9003
3 9051 8966 9024
3 9051 9025 8966
3 9026 9004 9025
3 9026 9005 9004
3 9052 8990 9026
3 9053 9027 8990
3 8991 9006 9027
3 9035 8992 9028
3 9035 9007 8992
3 9030 8993 9029
3 9045 8971 9030
3 9045 9020 8971
3 9055 9010 9009
3 9056 9011 9010
3 9056 9031 9011
3 9057 8972 9031
3 9057 9032 8972
3 9058 9012 9032
3 9059 9013 9033
3 9060 9029 9013
3 9061 9015 9014
3 9036 8996 9035
3 9035 9016 9036
3 9062 9037 9016
3 9063 8997 9037
3 9063 9038 8997
3 9064 9017 9038
3 9065 9039 9017
3 9066 8998 9039
3 9066 9040 8998
3 9041 9018 9040
3 9042 8999 9041
3 9043 9019 9042
3 9061 9014 9043
3 9045 9044 9020
3 9045 8985 9044
3 9060 9021 9045
3 9059 9046 9021
3 9067 9022 9046
3 9067 9047 9022
3 9068 9001 9047
3 9068 9048 9001
3 9069 9023 9048
3 9070 9049 9023
3 9071 9003 9049
3 9071 9050 9003
3 9072 9024 9050
3 9073 9051 9024
3 9073 9025 9051
3 9073 9026 9025
3 9074 9052 9026
3 9053 8990 9052
3 9075 9027 9053
3 9076 8991 9027
3 9016 9035 9028
3 9060 9030 9029
3 9055 9009 9054
3 9056 9010 9055
3 9077 9031 9056
3 9077 9057 9031
3 9078 9032 9057
3 9079 9058 9032
3 9080 9033 9058
3 9080 9059 9033
3 9060 9013 9059
3 9034 9015 9061
3 9028 9062 9016
3 9063 9037 9062
3 9064 9038 9063
3 9081 9017 9064
3 9081 9065 9017
3 9081 9039 9065
3 9082 9066 9039
3 9082 9040 9066
3 9083 9041 9040
3 9084 9042 9041
3 9085 9043 9042
3 9086 9061 9043
3 9030 9060 9045
3 9060 9059 9021
3 9067 9046 9059
3 9087 9047 9067
3 9087 9068 9047
3 9088 9048 9068
3 9078 9069 9048
3 9070 9023 9069
3 9089 9049 9070
3 9089 9071 9049
3 9072 9050 9071
3 9090 9024 9072
3 9026 9073 9024
3 9091 9074 9026
3 9092 9052 9074
3 9093 9053 9052
3 9094 9075 9053
3 9076 9027 9075
3 9095 8991 9076
3 9056 9055 9054
3 9054 9077 9056
3 9097 9057 9077
3 9097 9078 9057
3 9079 9032 9078
3 9080 9058 9079
3 9067 9059 9080
3 9099 9062 9028
3 9099 9063 9062
3 9099 9064 9063
3 9100 9081 9064
3 9101 9039 9081
3 9101 9082 9039
3 9102 9040 9082
3 9102 9083 9040
3 9084 9041 9083
3 9103 9042 9084
3 9104 9085 9042
3 9086 9043 9085
3 9098 9061 9086
3 9079 9087 9067
3 9088 9068 9087
3 9078 9048 9088
3 9105 9069 9078
3 9105 9070 9069
3 9106 9089 9070
3 9107 9071 9089
3 9107 9072 9071
3 9091 9090 9072
3 9026 9024 9090
3 9090 9091 9026
3 9108 9074 9091
3 9108 9092 9074
3 9101 9052 9092
3 9109 9093 9052
3 9094 9053 9093
3 9100 9075 9094
3 9110 9076 9075
3 9110 9095 9076
3 9028 8991 9095
3 9111 9054 9096
3 9112 9077 9054
3 9113 9097 9077
3 9105 9078 9097
3 9088 9079 9078
3 9099 9100 9064
3 9094 9081 9100
3 9109 9101 9081
3 9114 9082 9101
3 9115 9102 9082
3 9115 9083 9102
3 9115 9084 9083
3 9116 9103 9084
3 9117 9042 9103
3 9117 9104 9042
3 9118 9085 9104
3 9098 9086 9085
3 9080 9079 9067
3 9088 9087 9079
3 9119 9070 9105
3 9120 9106 9070
3 9107 9089 9106
3 9091 9072 9107
3 9121 9108 9091
3 9114 9092 9108
3 9114 9101 9092
3 9122 9052 9101
3 9122 9109 9052
3 9094 9093 9109
3 9110 9075 9100
3 9099 9095 9110
3 9099 9028 9095
3 9112 9054 9111
3 9113 9077 9112
3 9123 9097 9113
3 9123 9105 9097
3 9110 9100 9099
3 9109 9081 9094
3 9122 9101 9109
3 9115 9082 9114
3 9116 9084 9115
3 9124 9103 9116
3 9118 9117 9103
3 9118 9104 9117
3 9125 9098 9085
3 9123 9119 9105
3 9120 9070 9119
3 9126 9106 9120
3 9127 9107 9106
3 9127 9091 9107
3 9128 9121 9091
3 9129 9108 9121
3 9130 9114 9108
3 9131 9112 9111
3 9131 9113 9112
3 9132 9123 9113
3 9130 9115 9114
3 9130 9116 9115
3 9133 9124 9116
3 9118 9103 9124
3 9126 9119 9123
3 9126 9120 9119
3 9134 9106 9126
3 9135 9127 9106
3 9135 9091 9127
3 9136 9128 9091
3 9129 9121 9128
3 9130 9108 9129
3 9137 9131 9111
3 9132 9113 9131
3 9126 9123 9132
3 9138 9116 9130
3 9139 9133 9116
3 9118 9124 9133
3 9141 9134 9126
3 9135 9106 9134
3 9136 9091 9135
3 9129 9128 9136
3 9138 9130 9129
3 9142 9137 9111
3 9132 9131 9137
3 9137 9126 9132
3 9139 9116 9138
3 9143 9133 9139
3 9140 9118 9133
3 9144 9141 9126
3 9145 9134 9141
3 9136 9135 9134
3 9146 9129 9136
3 9147 9138 9129
3 9144 9137 9142
3 9144 9126 9137
3 9148 9139 9138
3 9149 9133 9143
3 9149 9140 9133
3 9145 9141 9144
3 9150 9134 9145
3 9146 9136 9134
3 9147 9129 9146
3 9148 9138 9147
3 9151 9144 9142
3 9143 9139 9148
3 9148 9149 9143
3 9153 9145 9144
3 9153 9150 9145
3 9146 9134 9150
3 9150 9147 9146
3 9154 9148 9147
3 9153 9144 9151
3 9154 9149 9148
3 9154 9150 9153
3 9154 9147 9150
3 9152 9153 9151
3 9153 9152 9149
3 9153 9149 9154
3 9152 9151 9155
3 1715 1867 1601
3 1601 1867 6409
3 1601 6409 1662
3 6409 1867 6477
3 6477 1867 4131
3 4130 6170 1690
3 6245 7275 6767
3 6812 7201 6953
3 6812 6953 6813
3 6812 6813 6491
3 6813 6953 7084
3 6813 7084 7204
3 7204 7084 6654
3 7325 7704 7693
3 7325 7693 7354
3 7325 7354 7003
3 7354 7693 7618
3 7693 7704 7423
3 7794 8229 8367
3 7794 8367 8024
3 8024 8367 7875
3 7875 8367 8300
3 8814 8843 8749
3 9156 6864 7008
3 9157 7012 6867
3 9156 7132 6864
3 9158 7008 7133
3 9158 7011 7134
3 9157 6867 7135
3 9159 7135 6868
3 9158 7133 7011
3 9160 7134 7012
3 9159 6868 7253
3 9161 7256 7139
3 9161 7139 7359
3 9161 7253 7256
3 9163 7359 7459
3 9164 7459 7254
3 9166 9156 7008
3 9160 7012 9157
3 9162 7132 9156
3 9166 7008 9158
3 9160 9158 7134
3 9167 9157 7135
3 9167 7135 9159
3 9161 9159 7253
3 9168 9161 7359
3 9164 9163 7459
3 9168 7359 9163
3 9169 9156 9166
3 9170 9160 9157
3 9169 9162 9156
3 9171 9166 9158
3 9171 9158 9160
3 9172 9157 9167
3 9173 9167 9159
3 9173 9159 9161
3 9174 9161 9168
3 9175 9163 9164
3 9174 9168 9163
3 9175 9164 9165
3 9176 9169 9166
3 9177 9170 9157
3 9171 9160 9170
3 9176 9166 9171
3 9178 9172 9167
3 9179 9157 9172
3 9178 9167 9173
3 9180 9173 9161
3 9180 9161 9174
3 9181 9163 9175
3 9182 9174 9163
3 9183 9175 9165
3 9184 9169 9176
3 9179 9177 9157
3 9185 9170 9177
3 9185 9171 9170
3 9186 9176 9171
3 9187 9172 9178
3 9177 9179 9172
3 9188 9178 9173
3 9188 9173 9180
3 9188 9180 9174
3 9189 9181 9175
3 9182 9163 9181
3 9190 9174 9182
3 9189 9175 9183
3 9186 9184 9176
3 9191 9185 9177
3 9192 9171 9185
3 9193 9186 9171
3 9194 9187 9178
3 9177 9172 9187
3 9194 9178 9188
3 9195 9188 9174
3 9197 9181 9189
3 9190 9182 9181
3 9195 9174 9190
3 9193 9184 9186
3 9194 9191 9177
3 9192 9185 9191
3 9199 9171 9192
3 9200 9193 9171
3 9177 9187 9194
3 9201 9194 9188
3 9202 9197 9189
3 9203 9181 9197
3 9203 9190 9181
3 9203 9195 9190
3 9205 9184 9193
3 9205 9196 9184
3 9206 9191 9194
3 9206 9192 9191
3 9207 9199 9192
3 9200 9171 9199
3 9208 9193 9200
3 9195 9201 9188
3 9209 9194 9201
3 9210 9198 9196
3 9211 9202 9189
3 9203 9197 9202
3 9201 9195 9203
3 9211 9189 9204
3 9208 9205 9193
3 9213 9196 9205
3 9209 9206 9194
3 9214 9192 9206
3 9214 9207 9192
3 9215 9199 9207
3 9215 9200 9199
3 9215 9208 9200
3 9216 9209 9201
3 9213 9210 9196
3 9217 9198 9210
3 9218 9202 9211
3 9219 9203 9202
3 9216 9201 9203
3 9212 9211 9204
3 9213 9205 9208
3 9216 9206 9209
3 9220 9214 9206
3 9221 9207 9214
3 9222 9215 9207
3 9213 9208 9215
3 9223 9210 9213
3 9224 9217 9210
3 9225 9218 9211
3 9219 9202 9218
3 9216 9203 9219
3 9220 9206 9216
3 9226 9214 9220
3 9227 9221 9214
3 9222 9207 9221
3 9213 9215 9222
3 9228 9223 9213
3 9224 9210 9223
3 9229 9218 9225
3 9226 9219 9218
3 9226 9216 9219
3 9226 9220 9216
3 9227 9214 9226
3 9226 9221 9227
3 9228 9222 9221
3 9222 9228 9213
3 9230 9223 9228
3 9231 9224 9223
3 9232 9218 9229
3 9232 9226 9218
3 9233 9221 9226
3 9233 9228 9221
3 9233 9230 9228
3 9231 9223 9230
3 9234 9224 9231
3 9235 9232 9229
3 9236 9226 9232
3 9230 9233 9226
3 9226 9231 9230
3 9237 9234 9231
3 9236 9232 9235
3 9238 9231 9226
3 9238 9237 9231
3 9239 9238 9226
3 9226 9240 9239
3 9241 9224 9234
3 9241 9234 9237
3 9242 9237 9238
3 9243 9238 9239
3 9244 9224 9241
3 9242 9241 9237
3 9243 9242 9238
3 9240 9243 9239
3 9245 9244 9241
3 9245 9241 9242
3 9246 9242 9243
3 9246 9245 9242
3 9247 9245 9246
3 9248 9183 9165
3 9248 9189 9183
3 9248 9204 9189
3 9249 9212 9204
3 9249 9204 9248
3 9250 5954 5921
3 9251 6870 6708
3 9251 7136 6870
3 9252 7254 7358
3 9253 7356 7136
3 9252 7357 7356
3 9252 7358 7357
3 9254 9164 7254
3 9254 9165 9164
3 9255 9248 9165
3 9256 9212 9249
3 9257 9249 9248
3 9253 7136 9251
3 9257 9248 9255
3 9258 9256 9249
3 9257 9258 9249
3 9259 1195 1227
3 9260 1227 1260
3 9260 1260 1277
3 9261 1175 1195
3 9262 5849 1175
3 9263 5921 5849
3 9264 6006 5954
3 9265 6544 6006
3 9265 6708 6544
3 9264 5954 9250
3 9266 9250 5921
3 9267 9251 6708
3 9268 7254 9252
3 9269 7356 9253
3 9269 9252 7356
3 9268 9254 7254
3 9268 9165 9254
3 9270 9255 9165
3 9269 9253 9251
3 9271 9259 1227
3 9261 1195 9259
3 9271 1227 9260
3 9262 1175 9261
3 9263 5849 9262
3 9266 5921 9263
3 9265 6006 9264
3 9267 6708 9265
3 9272 9264 9250
3 9272 9250 9266
3 9273 9251 9267
3 9274 9268 9252
3 9274 9252 9269
3 9275 9165 9268
3 9276 9270 9165
3 9277 9269 9251
3 9278 9259 9271
3 9279 9261 9259
3 9280 9262 9261
3 9280 9263 9262
3 9281 9266 9263
3 9272 9265 9264
3 9282 9267 9265
3 9281 9272 9266
3 9283 9273 9267
3 9277 9251 9273
3 9275 9268 9274
3 9275 9274 9269
3 9276 9165 9275
3 9279 9259 9278
3 9280 9261 9279
3 9281 9263 9280
3 9282 9265 9272
3 9283 9267 9282
3 9277 9273 9283
3 9284 9275 9269
3 9286 9280 9279
3 9286 9281 9280
3 9287 9277 9283
3 9287 9285 9277
3 9288 1437 1447
3 9289 1447 1469
3 9290 1469 1501
3 9290 1501 1519
3 9291 1519 1567
3 9288 6178 1437
3 9292 1277 6395
3 9293 6401 6178
3 9291 1567 6402
3 9294 6402 6562
3 9295 6395 6714
3 9296 6559 6723
3 9293 6723 6401
3 9296 6724 6559
3 9297 6562 6726
3 9295 6714 6877
3 9298 6722 6724
3 9299 6877 6717
3 9298 7018 6722
3 9300 6879 7019
3 9297 6726 7022
3 9299 6717 7140
3 9300 7019 7018
3 9300 7140 6879
3 9301 7022 7360
3 9302 7360 7549
3 9302 7549 7736
3 9303 7736 7821
3 9304 7821 7973
3 9305 7973 8179
3 9306 9260 1277
3 9307 9271 9260
3 9308 9270 9276
3 9309 9269 9277
3 9307 9278 9271
3 9310 9272 9281
3 9308 9276 9275
3 9311 9279 9278
3 9312 9282 9272
3 9313 9283 9282
3 9308 9275 9284
3 9309 9284 9269
3 9311 9286 9279
3 9310 9281 9286
3 9314 9287 9283
3 9315 9285 9287
3 9309 9277 9285
3 9289 9288 1447
3 9290 9289 1469
3 9316 9290 1519
3 9316 1519 9291
3 9293 6178 9288
3 9317 9292 6395
3 9306 1277 9292
3 9294 9291 6402
3 9297 9294 6562
3 9317 6395 9295
3 9318 9296 6723
3 9318 6723 9293
3 9298 6724 9296
3 9319 9295 6877
3 9319 6877 9299
3 9318 7018 9298
3 9320 9297 7022
3 9300 9299 7140
3 9321 9300 7018
3 9322 9301 7360
3 9320 7022 9301
3 9323 7360 9302
3 9302 7736 9303
3 9305 9304 7973
3 9303 7821 9304
3 9307 9260 9306
3 9311 9278 9307
3 9312 9272 9310
3 9313 9282 9312
3 9314 9283 9313
3 9326 9308 9284
3 9326 9284 9309
3 9327 9286 9311
3 9327 9310 9286
3 9315 9287 9314
3 9309 9285 9315
3 9328 9288 9289
3 9316 9289 9290
3 9329 9316 9291
3 9330 9293 9288
3 9331 9292 9317
3 9332 9306 9292
3 9329 9291 9294
3 9333 9294 9297
3 9334 9317 9295
3 9298 9296 9318
3 9330 9318 9293
3 9335 9295 9319
3 9335 9319 9299
3 9336 7018 9318
3 9333 9297 9320
3 9321 9299 9300
3 9336 9321 7018
3 9323 9322 7360
3 9337 9301 9322
3 9338 9320 9301
3 9339 9323 9302
3 9340 9302 9303
3 9340 9304 9305
3 9340 9303 9304
3 9325 9305 9324
3 9332 9307 9306
3 9341 9311 9307
3 9342 9312 9310
3 9343 9313 9312
3 9344 9314 9313
3 9345 9308 9326
3 9346 9326 9309
3 9341 9327 9311
3 9342 9310 9327
3 9347 9315 9314
3 9346 9309 9315
3 9348 9328 9289
3 9348 9288 9328
3 9349 9289 9316
3 9350 9316 9329
3 9351 9330 9288
3 9352 9331 9317
3 9332 9292 9331
3 9353 9329 9294
3 9354 9294 9333
3 9335 9334 9295
3 9355 9318 9330
3 9356 9335 9299
3 9357 9299 9321
3 9339 9322 9323
3 9339 9337 9322
3 9338 9301 9337
3 9333 9320 9338
3 9340 9339 9302
3 9358 9340 9305
3 9358 9305 9325
3 9360 9307 9332
3 9361 9341 9307
3 9343 9312 9342
3 9344 9313 9343
3 9347 9314 9344
3 9362 9345 9326
3 9362 9326 9346
3 9363 9327 9341
3 9363 9342 9327
3 9346 9315 9347
3 9349 9348 9289
3 9351 9288 9348
3 9350 9349 9316
3 9353 9350 9329
3 9364 9330 9351
3 9360 9332 9331
3 9365 9353 9294
3 9338 9354 9333
3 9365 9294 9354
3 9364 9355 9330
3 9366 9356 9299
3 9367 9357 9321
3 9366 9299 9357
3 9368 9337 9339
3 9369 9338 9337
3 9370 9339 9340
3 9370 9340 9358
3 9359 9358 9325
3 9361 9307 9360
3 9372 9341 9361
3 9373 9343 9342
3 9374 9344 9343
3 9375 9347 9344
3 9376 9345 9362
3 9377 9362 9346
3 9372 9363 9341
3 9373 9342 9363
3 9377 9346 9347
3 9378 9348 9349
3 9379 9351 9348
3 9378 9349 9350
3 9380 9350 9353
3 9379 9364 9351
3 9369 9353 9365
3 9369 9354 9338
3 9369 9365 9354
3 9381 9366 9357
3 9382 9368 9339
3 9383 9337 9368
3 9383 9369 9337
3 9384 9339 9370
3 9385 9370 9358
3 9385 9358 9359
3 9385 9359 9371
3 9386 9361 9360
3 9386 9372 9361
3 9374 9343 9373
3 9375 9344 9374
3 9377 9347 9375
3 9387 9376 9362
3 9388 9363 9372
3 9388 9373 9363
3 9379 9348 9378
3 9389 9350 9380
3 9384 9382 9339
3 9385 9384 9370
3 9391 9385 9371
3 9392 9374 9373
3 9393 9375 9374
3 9387 9377 9375
3 9377 9387 9362
3 9392 9373 9388
3 9385 9382 9384
3 9391 9371 9390
3 9382 9385 9391
3 9393 9374 9392
3 9387 9375 9393
3 9397 9392 9388
3 9391 9395 9382
3 9395 9391 9390
3 9398 9393 9392
3 9396 9387 9393
3 9398 9392 9397
3 9396 9393 9398
3 9399 8722 8913
3 9400 8913 8912
3 9400 8912 8975
3 9401 8975 9034
3 9401 9034 9061
3 9401 9061 9098
3 9402 9085 9118
3 9403 9098 9125
3 9402 9125 9085
3 9404 9142 9111
3 9405 9118 9140
3 9406 9140 9149
3 9407 9149 9152
3 9407 9152 9155
3 9400 9399 8913
3 9408 9400 8975
3 9409 8975 9401
3 9405 9402 9118
3 9402 9403 9125
3 9410 9405 9140
3 9407 9406 9149
3 9411 9408 8975
3 9411 9400 9408
3 9412 8975 9409
3 9410 9402 9405
3 9413 9403 9402
3 9406 9410 9140
3 9410 9406 9407
3 9412 9411 8975
3 9414 9096 9054
3 9415 9111 9096
3 9416 9151 9142
3 9416 9142 9404
3 9415 9404 9111
3 9417 9407 9155
3 9418 9402 9410
3 9419 9413 9402
3 9418 9410 9407
3 9420 9414 9054
3 9415 9096 9414
3 9155 9151 9416
3 9421 9416 9404
3 9421 9404 9415
3 9416 9417 9155
3 9422 9407 9417
3 9422 9418 9407
3 9423 9415 9414
3 9424 9416 9421
3 9423 9421 9415
3 9425 9417 9416
3 9426 9422 9417
3 9427 9423 9414
3 9428 9424 9421
3 9425 9416 9424
3 9428 9421 9423
3 9426 9417 9425
3 9428 9423 9427
3 9429 9401 9098
3 9429 9098 9403
3 9430 9399 9400
3 9429 9409 9401
3 9430 9400 9411
3 9431 9412 9409
3 9429 9403 9413
3 9431 9411 9412
3 9432 9402 9418
3 9429 9413 9419
3 9432 9419 9402
3 9432 9418 9422
3 9433 9422 9426
3 9434 9424 9428
3 9435 9425 9424
3 9435 9426 9425
3 9436 9409 9429
3 9437 9430 9411
3 9436 9431 9409
3 9437 9411 9431
3 9438 9429 9419
3 9438 9419 9432
3 9433 9432 9422
3 9435 9424 9434
3 9438 9436 9429
3 9439 9431 9436
3 9439 9437 9431
3 9440 8179 8319
3 9441 8319 8256
3 9441 8256 8443
3 9442 8443 8321
3 9443 8444 8324
3 9444 8321 8444
3 9443 8324 8550
3 9445 8552 8597
3 9446 8553 8552
3 9443 8550 8553
3 9447 8638 8681
3 9447 8597 8638
3 9447 8681 8752
3 9448 8752 8714
3 9448 8714 8789
3 9448 8789 8722
3 9449 9243 9240
3 9449 9246 9243
3 9449 9247 9246
3 9440 9305 8179
3 9451 9324 9305
3 9451 9325 9324
3 9452 9359 9325
3 9452 9371 9359
3 9452 9390 9371
3 9454 8722 9399
3 9455 9399 9430
3 9456 9433 9426
3 9457 9434 9428
3 9456 9426 9435
3 9458 9438 9432
3 9458 9432 9433
3 9456 9435 9434
3 9459 9436 9438
3 9459 9439 9436
3 9441 9440 8319
3 9442 9441 8443
3 9460 9442 8321
3 9461 8444 9443
3 9461 9444 8444
3 9462 8321 9444
3 9463 9445 8597
3 9464 8552 9445
3 9464 9446 8552
3 9443 8553 9446
3 9463 8597 9447
3 9465 9447 8752
3 9466 8752 9448
3 9454 9448 8722
3 9449 9450 9247
3 9451 9305 9440
3 9467 9325 9451
3 9467 9452 9325
3 9453 9390 9452
3 9468 9454 9399
3 9468 9399 9455
3 9469 9433 9456
3 9459 9438 9458
3 9469 9458 9433
3 9470 9456 9434
3 9471 9439 9459
3 9472 9440 9441
3 9460 9441 9442
3 9462 9460 8321
3 9446 9461 9443
3 9473 9444 9461
3 9473 9462 9444
3 9474 9445 9463
3 9475 9464 9445
3 9476 9446 9464
3 9465 9463 9447
3 9466 9465 8752
3 9454 9466 9448
3 9472 9451 9440
3 9477 9467 9451
3 9478 9452 9467
3 9479 9453 9452
3 9466 9454 9468
3 9466 9468 9455
3 9480 9469 9456
3 9471 9459 9458
3 9471 9458 9469
3 9481 9470 9434
3 9481 9456 9470
3 9482 9472 9441
3 9483 9441 9460
3 9473 9460 9462
3 9476 9461 9446
3 9460 9473 9461
3 9484 9474 9463
3 9475 9445 9474
3 9476 9464 9475
3 9485 9463 9465
3 9484 9465 9466
3 9486 9451 9472
3 9482 9477 9451
3 9478 9467 9477
3 9479 9452 9478
3 9487 9480 9456
3 9471 9469 9480
3 9488 9481 9434
3 9487 9456 9481
3 9483 9482 9441
3 9486 9472 9482
3 9489 9483 9460
3 9490 9461 9476
3 9491 9460 9461
3 9485 9484 9463
3 9492 9474 9484
3 9492 9475 9474
3 9493 9476 9475
3 9484 9485 9465
3 9482 9451 9486
3 9494 9480 9487
3 9494 9471 9480
3 9495 9489 9460
3 9496 9483 9489
3 9497 9490 9476
3 9491 9461 9490
3 9495 9460 9491
3 9493 9475 9492
3 9497 9476 9493
3 9498 9489 9495
3 9493 9490 9497
3 9499 9495 9491
3 9496 9489 9498
3 9500 9430 9437
3 9500 9437 9439
3 9501 9449 9240
3 9500 9455 9430
3 9502 9434 9457
3 9500 9439 9471
3 9504 9466 9455
3 9504 9484 9466
3 9505 9477 9482
3 9506 9481 9488
3 9507 9488 9434
3 9508 9487 9481
3 9505 9482 9483
3 9509 9492 9484
3 9508 9494 9487
3 9510 9471 9494
3 9505 9483 9496
3 9511 9491 9490
3 9512 9493 9492
3 9513 9498 9495
3 9514 9490 9493
3 9513 9495 9499
3 9515 9496 9498
3 9516 9455 9500
3 9503 9502 9457
3 9507 9434 9502
3 9516 9500 9471
3 9517 9504 9455
3 9518 9484 9504
3 9507 9506 9488
3 9519 9481 9506
3 9520 9508 9481
3 9518 9509 9484
3 9512 9492 9509
3 9510 9494 9508
3 9516 9471 9510
3 9521 9505 9496
3 9522 9511 9490
3 9499 9491 9511
3 9514 9493 9512
3 9515 9498 9513
3 9522 9490 9514
3 9511 9513 9499
3 9521 9496 9515
3 9523 9455 9516
3 9524 9502 9503
3 9506 9507 9502
3 9525 9517 9455
3 9526 9504 9517
3 9526 9518 9504
3 9524 9519 9506
3 9527 9481 9519
3 9527 9520 9481
3 9510 9508 9520
3 9528 9509 9518
3 9529 9512 9509
3 9523 9516 9510
3 9530 9511 9522
3 9529 9514 9512
3 9529 9522 9514
3 9530 9513 9511
3 9525 9455 9523
3 9531 9524 9503
3 9506 9502 9524
3 9532 9517 9525
3 9532 9526 9517
3 9528 9518 9526
3 9533 9519 9524
3 9534 9527 9519
3 9510 9520 9527
3 9529 9509 9528
3 9536 9523 9510
3 9529 9530 9522
3 9536 9525 9523
3 9537 9532 9525
3 9538 9526 9532
3 9538 9528 9526
3 9531 9533 9524
3 9534 9519 9533
3 9539 9527 9534
3 9539 9510 9527
3 9538 9529 9528
3 9540 9536 9510
3 9537 9525 9536
3 9538 9532 9537
3 9535 9533 9531
3 9541 9534 9533
3 9510 9539 9534
3 9542 9529 9538
3 9543 9540 9510
3 9537 9536 9540
3 9542 9538 9537
3 9541 9533 9535
3 9544 9510 9534
3 9545 9543 9510
3 9537 9540 9543
3 9546 9542 9537
3 9541 9544 9534
3 9545 9510 9544
3 9547 9543 9545
3 9548 9537 9543
3 9548 9546 9537
3 9548 9542 9546
3 9547 9544 9541
3 9547 9545 9544
3 9549 9543 9547
3 9550 9548 9543
3 9549 9547 9541
3 9550 9543 9549
3 9551 9549 9541
3 9535 9551 9541
3 9552 9211 9212
3 9552 9225 9211
3 9552 9229 9225
3 9552 9235 9229
3 9552 9226 9236
3 9552 9236 9235
3 9553 9450 9449
3 9554 9478 9477
3 9554 9479 9478
3 9554 9477 9505
3 9556 9505 9521
3 9557 9515 9513
3 9557 9521 9515
3 9558 9513 9530
3 9560 9530 9529
3 9560 9529 9542
3 9561 9542 9548
3 9562 9548 9550
3 9563 9550 9549
3 9564 9549 9551
3 9565 9551 9535
3 9566 9553 9449
3 9567 9450 9553
3 9555 9479 9554
3 9570 9554 9505
3 9557 9556 9521
3 9570 9505 9556
3 9571 9557 9513
3 9560 9558 9530
3 9571 9513 9558
3 9572 9560 9542
3 9562 9561 9548
3 9572 9542 9561
3 9563 9562 9550
3 9564 9563 9549
3 9565 9564 9551
3 9568 9450 9567
3 9569 9555 9554
3 9556 9554 9570
3 9575 9556 9557
3 9576 9557 9571
3 9577 9558 9560
3 9576 9571 9558
3 9577 9560 9572
3 9563 9561 9562
3 9578 9572 9561
3 9579 9563 9564
3 9580 9564 9565
3 9580 9565 9573
3 9574 9568 9567
3 9581 9569 9554
3 9582 9554 9556
3 9583 9575 9557
3 9584 9557 9576
3 9576 9558 9577
3 9584 9577 9572
3 9587 9561 9563
3 9587 9578 9561
3 9584 9572 9578
3 9580 9579 9564
3 9573 9563 9579
3 9588 9573 9559
3 9579 9580 9573
3 9582 9581 9554
3 9577 9584 9576
3 9592 9559 9586
3 9593 9578 9587
3 9588 9563 9573
3 9592 9588 9559
3 9595 9586 9591
3 9596 9563 9588
3 9597 9590 9589
3 9598 9594 9590
3 9598 9585 9594
3 9595 9591 9585
3 9598 9590 9597
3 9226 9552 9240
3 9599 9212 9256
3 9600 9257 9255
3 9599 9256 9258
3 9600 9258 9257
3 9601 9255 9270
3 9602 9270 9308
3 9603 9308 9345
3 9604 9345 9376
3 9604 9376 9394
3 9605 9449 9501
3 9605 9501 9240
3 9606 9552 9212
3 9605 9553 9566
3 9605 9566 9449
3 9605 9567 9553
3 9610 9556 9575
3 9609 9574 9567
3 9611 9569 9581
3 9610 9582 9556
3 9610 9575 9583
3 9612 9583 9557
3 9612 9557 9584
3 9613 9587 9563
3 9614 9584 9578
3 9610 9581 9582
3 9615 9592 9586
3 9613 9593 9587
3 9615 9586 9595
3 9616 9563 9596
3 9616 9596 9588
3 9617 9597 9589
3 9618 9585 9598
3 9615 9595 9585
3 9618 9598 9597
3 9619 9212 9599
3 9601 9600 9255
3 9620 9599 9258
3 9620 9258 9600
3 9602 9601 9270
3 9603 9602 9308
3 9621 9603 9345
3 9622 9345 9604
3 9552 9605 9240
3 9625 9606 9212
3 9625 9552 9606
3 9628 9567 9605
3 9629 9608 9569
3 9628 9609 9567
3 9630 9611 9581
3 9629 9569 9611
3 9612 9610 9583
3 9614 9612 9584
3 9616 9613 9563
3 9593 9614 9578
3 9630 9581 9610
3 9631 9592 9615
3 9614 9593 9613
3 9632 9589 9609
3 9592 9616 9588
3 9632 9617 9589
3 9618 9597 9617
3 9615 9585 9618
3 9633 9619 9599
3 9625 9212 9619
3 9602 9600 9601
3 9600 9599 9620
3 9621 9602 9603
3 9622 9621 9345
3 9623 9622 9604
3 9634 9605 9552
3 9634 9552 9625
3 9629 9607 9608
3 9629 9627 9607
3 9638 9628 9605
3 9639 9609 9628
3 9629 9611 9630
3 9640 9610 9612
3 9641 9612 9614
3 9642 9613 9616
3 9643 9630 9610
3 9644 9631 9615
3 9645 9592 9631
3 9646 9614 9613
3 9639 9632 9609
3 9647 9616 9592
3 9648 9617 9632
3 9648 9618 9617
3 9644 9615 9618
3 9649 9633 9599
3 9649 9619 9633
3 9649 9625 9619
3 9621 9600 9602
3 9649 9599 9600
3 9650 9621 9622
3 9651 9622 9624
3 9638 9605 9634
3 9652 9634 9625
3 9653 9626 9635
3 9654 9636 9626
3 9655 9627 9629
3 9656 9635 9627
3 9639 9628 9638
3 9655 9629 9630
3 9641 9640 9612
3 9643 9610 9640
3 9646 9641 9614
3 9647 9642 9616
3 9641 9613 9642
3 9640 9630 9643
3 9645 9631 9644
3 9657 9592 9645
3 9641 9646 9613
3 9648 9632 9639
3 9658 9618 9648
3 9645 9644 9618
3 9659 9625 9649
3 9660 9600 9621
3 9660 9649 9600
3 9651 9650 9622
3 9661 9621 9650
3 9662 9651 9624
3 9663 9652 9625
3 9638 9634 9652
3 9656 9653 9635
3 9654 9626 9653
3 9637 9636 9654
3 9664 9627 9655
3 9664 9656 9627
3 9665 9639 9638
3 9640 9655 9630
3 9666 9640 9641
3 9667 9642 9647
3 9668 9641 9642
3 9669 9657 9645
3 9670 9648 9639
3 9670 9658 9648
3 9669 9618 9658
3 9669 9645 9618
3 9671 9659 9649
3 9663 9625 9659
3 9661 9660 9621
3 9661 9649 9660
3 9662 9650 9651
3 9672 9661 9650
3 9673 9662 9624
3 9673 9624 9637
3 9674 9652 9663
3 9675 9638 9652
3 9676 9653 9656
3 9676 9654 9653
3 9677 9637 9654
3 9678 9664 9655
3 9678 9656 9664
3 9675 9665 9638
3 9670 9639 9665
3 9679 9655 9640
3 9680 9666 9641
3 9679 9640 9666
3 9681 9667 9647
3 9668 9642 9667
3 9680 9641 9668
3 9682 9657 9669
3 9683 9658 9670
3 9682 9669 9658
3 9661 9671 9649
3 9684 9659 9671
3 9674 9663 9659
3 9672 9650 9662
3 9685 9661 9672
3 9672 9662 9673
3 9686 9673 9637
3 9675 9652 9674
3 9687 9676 9656
3 9677 9654 9676
3 9688 9637 9677
3 9689 9678 9655
3 9687 9656 9678
3 9670 9665 9675
3 9689 9655 9679
3 9679 9666 9680
3 9690 9667 9681
3 9691 9668 9667
3 9692 9680 9668
3 9693 9657 9682
3 9693 9683 9670
3 9682 9658 9683
3 9694 9671 9661
3 9694 9684 9671
3 9674 9659 9684
3 9686 9685 9672
3 9694 9661 9685
3 9686 9672 9673
3 9688 9686 9637
3 9684 9675 9674
3 9695 9676 9687
3 9688 9677 9676
3 9679 9678 9689
3 9696 9687 9678
3 9697 9670 9675
3 9692 9679 9680
3 9657 9690 9681
3 9691 9667 9690
3 9692 9668 9691
3 9683 9693 9682
3 9698 9657 9693
3 9697 9693 9670
3 9675 9684 9694
3 9699 9685 9686
3 9699 9694 9685
3 9697 9686 9688
3 9696 9695 9687
3 9688 9676 9695
3 9696 9678 9679
3 9700 9697 9675
3 9696 9679 9692
3 9698 9690 9657
3 9701 9691 9690
3 9702 9692 9691
3 9703 9698 9693
3 9704 9693 9697
3 9700 9675 9694
3 9697 9699 9686
3 9700 9694 9699
3 9704 9697 9688
3 9705 9695 9696
3 9705 9688 9695
3 9699 9697 9700
3 9702 9696 9692
3 9703 9690 9698
3 9703 9701 9690
3 9702 9691 9701
3 9702 9703 9693
3 9702 9693 9704
3 9705 9704 9688
3 9702 9705 9696
3 9702 9701 9703
3 9705 9702 9704
3 9592 9657 9647
3 9647 9657 9681
3 9706 9317 9334
3 9707 9336 9318
3 9708 9321 9336
3 9709 9331 9352
3 9706 9352 9317
3 9710 9334 9335
3 9711 9318 9355
3 9712 9335 9356
3 9709 9360 9331
3 9713 9355 9364
3 9712 9356 9366
3 9714 9357 9367
3 9708 9367 9321
3 9715 9378 9350
3 9716 9380 9353
3 9717 9364 9379
3 9718 9353 9369
3 9712 9366 9381
3 9712 9381 9357
3 9719 9368 9382
3 9720 9383 9368
3 9718 9369 9383
3 9709 9386 9360
3 9721 9372 9386
3 9722 9376 9387
3 9721 9388 9372
3 9717 9379 9378
3 9715 9350 9389
3 9716 9389 9380
3 9723 9397 9388
3 9724 9382 9395
3 9725 9395 9390
3 9722 9387 9396
3 9723 9398 9397
3 9726 9396 9398
3 9727 9390 9453
3 9727 9453 9479
3 9728 9479 9555
3 9728 9555 9569
3 9722 9394 9376
3 9722 9604 9394
3 9728 9569 9608
3 9722 9622 9623
3 9722 9623 9604
3 9728 9608 9607
3 9729 9607 9627
3 9722 9624 9622
3 9729 9635 9626
3 9730 9626 9636
3 9729 9627 9635
3 9730 9636 9637
3 9731 9637 9624
3 9710 9706 9334
3 9711 9707 9318
3 9708 9336 9707
3 9706 9709 9352
3 9732 9710 9335
3 9713 9711 9355
3 9733 9335 9712
3 9717 9713 9364
3 9734 9714 9367
3 9735 9357 9714
3 9734 9367 9708
3 9736 9378 9715
3 9737 9716 9353
3 9737 9353 9718
3 9738 9712 9357
3 9720 9368 9719
3 9718 9383 9720
3 9723 9386 9709
3 9723 9721 9386
3 9723 9388 9721
3 9736 9717 9378
3 9739 9715 9389
3 9740 9389 9716
3 9741 9382 9724
3 9727 9725 9390
3 9724 9395 9725
3 9726 9722 9396
3 9726 9398 9723
3 9742 9727 9479
3 9742 9479 9728
3 9729 9728 9607
3 9743 9624 9722
3 9730 9729 9626
3 9744 9730 9637
3 9745 9731 9624
3 9744 9637 9731
3 9732 9706 9710
3 9708 9707 9711
3 9746 9709 9706
3 9733 9732 9335
3 9747 9711 9713
3 9748 9733 9712
3 9749 9713 9717
3 9750 9714 9734
3 9750 9735 9714
3 9751 9357 9735
3 9750 9734 9708
3 9752 9736 9715
3 9753 9716 9737
3 9753 9737 9718
3 9751 9738 9357
3 9751 9712 9738
3 9754 9720 9719
3 9755 9718 9720
3 9756 9723 9709
3 9749 9717 9736
3 9740 9739 9389
3 9757 9715 9739
3 9758 9740 9716
3 9759 9741 9724
3 9719 9382 9741
3 9760 9725 9727
3 9761 9724 9725
3 9762 9722 9726
3 9763 9726 9723
3 9760 9727 9742
3 9764 9742 9728
3 9764 9728 9729
3 9762 9743 9722
3 9765 9624 9743
3 9766 9729 9730
3 9766 9730 9744
3 9765 9745 9624
3 9744 9731 9745
3 9767 9706 9732
3 9768 9708 9711
3 9767 9746 9706
3 9767 9709 9746
3 9748 9732 9733
3 9749 9747 9713
3 9769 9711 9747
3 9751 9748 9712
3 9751 9735 9750
3 9768 9750 9708
3 9757 9752 9715
3 9749 9736 9752
3 9770 9716 9753
3 9741 9754 9719
3 9755 9720 9754
3 9753 9718 9755
3 9767 9756 9709
3 9763 9723 9756
3 9758 9739 9740
3 9771 9757 9739
3 9770 9758 9716
3 9761 9759 9724
3 9772 9741 9759
3 9761 9725 9760
3 9773 9762 9726
3 9774 9726 9763
3 9764 9760 9742
3 9775 9764 9729
3 9765 9743 9762
3 9776 9729 9766
3 9777 9766 9744
3 9777 9745 9765
3 9777 9744 9745
3 9778 9767 9732
3 9779 9768 9711
3 9778 9732 9748
3 9780 9747 9749
3 9781 9769 9747
3 9779 9711 9769
3 9782 9748 9751
3 9768 9751 9750
3 9783 9752 9757
3 9783 9749 9752
3 9784 9770 9753
3 9772 9754 9741
3 9772 9755 9754
3 9784 9753 9755
3 9785 9756 9767
3 9786 9763 9756
3 9771 9739 9758
3 9787 9757 9771
3 9771 9758 9770
3 9788 9759 9761
3 9789 9772 9759
3 9790 9761 9760
3 9774 9773 9726
3 9765 9762 9773
3 9791 9774 9763
3 9790 9760 9764
3 9792 9775 9729
3 9790 9764 9775
3 9765 9776 9766
3 9792 9729 9776
3 9765 9766 9777
3 9793 9767 9778
3 9794 9768 9779
3 9782 9778 9748
3 9783 9780 9749
3 9781 9747 9780
3 9779 9769 9781
3 9795 9782 9751
3 9795 9751 9768
3 9796 9783 9757
3 9772 9770 9784
3 9784 9755 9772
3 9793 9785 9767
3 9786 9756 9785
3 9791 9763 9786
3 9797 9787 9771
3 9798 9757 9787
3 9799 9771 9770
3 9790 9788 9761
3 9775 9759 9788
3 9775 9789 9759
3 9800 9772 9789
3 9801 9773 9774
3 9801 9765 9773
3 9796 9774 9791
3 9776 9775 9792
3 9788 9790 9775
3 9800 9776 9765
3 9782 9793 9778
3 9793 9794 9779
3 9795 9768 9794
3 9802 9780 9783
3 9802 9781 9780
3 9803 9779 9781
3 9794 9782 9795
3 9798 9796 9757
3 9804 9783 9796
3 9805 9770 9772
3 9803 9785 9793
3 9802 9786 9785
3 9804 9791 9786
3 9806 9797 9771
3 9807 9787 9797
3 9805 9799 9770
3 9805 9771 9799
3 9776 9789 9775
3 9776 9800 9789
3 9805 9772 9800
3 9808 9801 9774
3 9808 9765 9801
3 9804 9796 9791
3 9808 9774 9796
3 9808 9800 9765
3 9794 9793 9782
3 9803 9793 9779
3 9804 9802 9783
3 9803 9781 9802
3 9808 9796 9798
3 9802 9785 9803
3 9804 9786 9802
3 9805 9806 9771
3 9809 9797 9806
3 9798 9787 9807
3 9806 9805 9800
3 9809 9800 9808
3 9807 9808 9798
3 9800 9809 9806
3 9807 9797 9809
3 9807 9809 9808
3 9810 9198 9217
3 9810 9217 9224
3 9811 9224 9244
3 9812 9244 9245
3 9812 9245 9247
3 9812 9247 9450
3 9811 9810 9224
3 9813 9811 9244
3 9813 9244 9812
3 9813 9810 9811
3 9810 9813 9812
3 9559 9573 9535
3 9814 9812 9450
3 9816 9810 9812
3 9817 9814 9450
3 9817 9812 9814
3 9816 9815 9810
3 9818 9815 9816
3 9819 8972 8949
3 9819 9011 8972
3 9820 9009 9010
3 9819 9010 9011
3 9821 9054 9009
3 9821 9414 9420
3 9821 9420 9054
3 9821 9427 9414
3 9822 9428 9427
3 9822 9457 9428
3 9823 9503 9457
3 9823 9531 9503
3 9824 9535 9531
3 9573 9565 9535
3 9825 9450 9568
3 9825 9568 9574
3 9826 9586 9559
3 9826 9591 9586
3 9825 9589 9590
3 9827 9590 9594
3 9827 9594 9585
3 9826 9585 9591
3 9825 9574 9609
3 9825 9609 9589
3 9828 9816 9812
3 9825 9817 9450
3 9829 9812 9817
3 9828 9818 9816
3 9832 9819 8949
3 9833 9820 9010
3 9821 9009 9820
3 9833 9010 9819
3 9834 9427 9821
3 9835 9822 9427
3 9823 9457 9822
3 9824 9531 9823
3 9836 9535 9824
3 9837 9826 9559
3 9827 9825 9590
3 9838 9827 9585
3 9839 9585 9826
3 9840 9828 9812
3 9829 9817 9825
3 9840 9812 9829
3 9830 9818 9828
3 9831 9832 8949
3 9833 9819 9832
3 9842 9820 9833
3 9842 9821 9820
3 9843 9834 9821
3 9835 9427 9834
3 9844 9822 9835
3 9844 9823 9822
3 9844 9824 9823
3 9844 9836 9824
3 9845 9535 9836
3 9846 9837 9559
3 9847 9826 9837
3 9848 9825 9827
3 9839 9838 9585
3 9849 9827 9838
3 9850 9839 9826
3 9829 9828 9840
3 9851 9829 9825
3 9852 9830 9828
3 9832 9831 9841
3 9854 9833 9832
3 9854 9842 9833
3 9855 9821 9842
3 9855 9843 9821
3 9856 9834 9843
3 9856 9835 9834
3 9856 9844 9835
3 9857 9836 9844
3 9857 9845 9836
3 9846 9535 9845
3 9535 9846 9559
3 9847 9837 9846
3 9858 9826 9847
3 9849 9825 9848
3 9859 9838 9839
3 9860 9849 9838
3 9848 9827 9849
3 9858 9850 9826
3 9858 9839 9850
3 9851 9828 9829
3 9861 9851 9825
3 9862 9852 9828
3 9853 9830 9852
3 9865 9832 9841
3 9865 9854 9832
3 9866 9842 9854
3 9866 9855 9842
3 9867 9843 9855
3 9844 9856 9843
3 9843 9857 9844
3 9868 9845 9857
3 9868 9846 9845
3 9869 9847 9846
3 9869 9858 9847
3 9870 9825 9849
3 9858 9859 9839
3 9860 9838 9859
3 9871 9849 9860
3 9872 9828 9851
3 9870 9861 9825
3 9873 9851 9861
3 9872 9862 9828
3 9863 9852 9862
3 9863 9853 9852
3 9876 9854 9865
3 9876 9866 9854
3 9867 9855 9866
3 9877 9843 9867
3 9877 9857 9843
3 9877 9868 9857
3 9869 9846 9868
3 9859 9858 9869
3 9871 9860 9859
3 9870 9849 9871
3 9873 9872 9851
3 9878 9861 9870
3 9862 9873 9861
3 9873 9862 9872
3 9864 9863 9862
3 9878 9874 9864
3 9876 9865 9875
3 9879 9866 9876
3 9880 9867 9866
3 9880 9877 9867
3 9881 9868 9877
3 9882 9869 9868
3 9883 9859 9869
3 9884 9871 9859
3 9884 9870 9871
3 9885 9878 9870
3 9862 9861 9878
3 9878 9864 9862
3 9879 9876 9875
3 9886 9866 9879
3 9887 9880 9866
3 9881 9877 9880
3 9882 9868 9881
3 9888 9869 9882
3 9888 9883 9869
3 9884 9859 9883
3 9885 9870 9884
3 9890 9866 9886
3 9890 9887 9866
3 9881 9880 9887
3 9891 9882 9881
3 9891 9888 9882
3 9884 9883 9888
3 9889 9885 9884
3 9887 9890 9886
3 9891 9881 9887
3 9892 9888 9891
3 9892 9884 9888
3 9892 9889 9884
3 9892 9886 9889
3 9892 9887 9886
3 9892 9891 9887
3 9893 9815 9818
3 9893 9818 9830
3 9894 9830 9853
3 9895 9853 9863
3 9895 9863 9864
3 9897 9815 9893
3 9894 9893 9830
3 9895 9894 9853
3 9894 9897 9893
3 9896 9815 9897
3 9898 9894 9895
3 9900 9897 9894
3 9899 9898 9895
3 9900 9894 9898
3 9900 9898 9899
3 9901 8104 7963
3 9902 9874 9878
3 9902 9864 9874
3 9903 9878 9885
3 9904 9879 9875
3 9904 9886 9879
3 9903 9885 9889
3 9904 9889 9886
3 9902 9895 9864
3 9905 9901 7963
3 9903 9902 9878
3 9904 9903 9889
3 9909 8308 9908
3 9910 8308 8104
3 9911 8993 8946
3 9912 8972 9012
3 9911 9029 8993
3 9913 9012 9058
3 9913 9033 9013
3 9913 9013 9029
3 9913 9058 9033
3 9914 8949 8972
3 9915 9831 8949
3 9915 9841 9831
3 9916 9865 9841
3 9917 9875 9865
3 9918 9899 9895
3 9910 8104 9901
3 9917 9904 9875
3 9918 9895 9902
3 9918 9906 9899
3 9910 9901 9905
3 9919 9902 9903
3 9919 9903 9904
3 9920 9907 9906
3 9910 9908 8308
3 9922 9911 8946
3 9913 9912 9012
3 9914 8972 9912
3 9913 9029 9911
3 9915 8949 9914
3 9916 9841 9915
3 9923 9865 9916
3 9923 9917 9865
3 9924 9904 9917
3 9925 9918 9902
3 9926 9906 9918
3 9925 9902 9919
3 9924 9919 9904
3 9926 9920 9906
3 9928 9907 9920
3 9930 9912 9913
3 9931 9914 9912
3 9930 9913 9911
3 9932 9915 9914
3 9933 9916 9915
3 9933 9923 9916
3 9934 9917 9923
3 9934 9924 9917
3 9935 9918 9925
3 9936 9926 9918
3 9937 9925 9919
3 9934 9919 9924
3 9938 9910 9927
3 9939 9920 9926
3 9939 9928 9920
3 9921 9907 9928
3 9940 9912 9930
3 9940 9931 9912
3 9932 9914 9931
3 9941 9930 9911
3 9933 9915 9932
3 9942 9923 9933
3 9942 9934 9923
3 9937 9935 9925
3 9936 9918 9935
3 9943 9926 9936
3 9944 9937 9919
3 9944 9919 9934
3 9945 9927 9929
3 9945 9938 9927
3 9946 9928 9939
3 9947 9921 9928
3 9941 9940 9930
3 9932 9931 9940
3 9942 9933 9932
3 9948 9934 9942
3 9949 9935 9937
3 9950 9936 9935
3 9939 9926 9943
3 9949 9937 9944
3 9948 9944 9934
3 9943 9946 9939
3 9947 9928 9946
3 9952 9932 9940
3 9953 9935 9949
3 9943 9936 9950
3 9953 9949 9944
3 9955 9944 9948
3 9956 9946 9943
3 9954 9947 9946
3 9954 9951 9947
3 9957 9932 9952
3 9950 9935 9953
3 9958 9943 9950
3 9958 9953 9944
3 9959 9944 9955
3 9958 9956 9943
3 9960 9946 9956
3 9960 9954 9946
3 9958 9950 9953
3 9959 9958 9944
3 9960 9956 9958
3 9958 9954 9960
3 9958 9961 9954
3 9962 9961 9958
3 9963 8173 8240
3 9963 8241 8173
3 9964 8240 8309
3 9965 8243 8241
3 9966 8378 8311
3 9964 8309 8433
3 9967 8433 8308
3 9968 8311 8436
3 9969 8379 8378
3 9968 8436 8435
3 9965 8499 8243
3 9968 8435 8499
3 9969 8547 8379
3 9970 8677 8547
3 9971 8635 8677
3 9972 8711 8635
3 9972 8786 8711
3 9972 8812 8786
3 9973 8844 8812
3 9974 8874 8844
3 9975 8927 8874
3 9976 8946 8927
3 9977 8308 9909
3 9978 9909 9908
3 9978 9908 9910
3 9979 9911 9922
3 9979 9922 8946
3 9981 9910 9938
3 9982 9941 9911
3 9981 9938 9945
3 9982 9940 9941
3 9983 9942 9932
3 9983 9948 9942
3 9984 9952 9940
3 9985 9955 9948
3 9983 9932 9957
3 9984 9957 9952
3 9987 9959 9955
3 9987 9958 9959
3 9988 9954 9961
3 9989 9961 9962
3 9987 9962 9958
3 9964 9963 8240
3 9990 8241 9963
3 9990 9965 8241
3 9968 9966 8311
3 9991 8378 9966
3 9963 9964 8433
3 9992 9967 8308
3 9963 8433 9967
3 9993 9969 8378
3 9994 8499 9965
3 9995 9968 8499
3 9996 8547 9969
3 9996 9970 8547
3 9971 8677 9970
3 9972 8635 9971
3 9973 8812 9972
3 9974 8844 9973
3 9975 8874 9974
3 9976 8927 9975
3 9979 8946 9976
3 9978 9977 9909
3 9997 8308 9977
3 9977 9978 9910
3 9982 9911 9979
3 9977 9910 9981
3 9980 9981 9945
3 9998 9940 9982
3 9999 9948 9983
3 9998 9984 9940
3 9999 9985 9948
3 9987 9955 9985
3 9988 9986 9954
3 10000 9983 9957
3 10001 9957 9984
3 10002 9988 9961
3 9987 9989 9962
3 10002 9961 9989
3 10003 9990 9963
3 10004 9965 9990
3 9991 9966 9968
3 9993 8378 9991
3 10005 9967 9992
3 10005 9963 9967
3 9996 9969 9993
3 10004 9994 9965
3 9995 8499 9994
3 9991 9968 9995
3 10006 9970 9996
3 10006 9971 9970
3 10007 9972 9971
3 10007 9973 9972
3 10007 9974 9973
3 10008 9975 9974
3 10009 9976 9975
3 10009 9979 9976
3 10010 9997 9977
3 9992 8308 9997
3 10011 9982 9979
3 9988 9980 9986
3 10012 9977 9981
3 9988 9981 9980
3 10013 9998 9982
3 10000 9999 9983
3 10001 9984 9998
3 10000 9985 9999
3 10014 9987 9985
3 10001 10000 9957
3 10015 9988 10002
3 10014 10002 9989
3 10016 10003 9963
3 10004 9990 10003
3 10017 9993 9991
3 10010 10005 9992
3 10018 9963 10005
3 10019 9996 9993
3 9995 9994 10004
3 10017 9991 9995
3 10007 10006 9996
3 10007 9971 10006
3 10020 9974 10007
3 10021 10008 9974
3 10009 9975 10008
3 10011 9979 10009
3 10022 10010 9977
3 9992 9997 10010
3 10023 9982 10011
3 10024 10012 9981
3 10024 9977 10012
3 10025 9981 9988
3 10023 10013 9982
3 10023 9998 10013
3 10000 10001 9998
3 10014 9985 10000
3 9989 9987 10014
3 10026 10015 10002
3 10025 9988 10015
3 10027 10002 10014
3 10028 10016 9963
3 10028 10003 10016
3 10028 10004 10003
3 10029 9993 10017
3 10030 10005 10010
3 10030 10018 10005
3 10028 9963 10018
3 10031 10019 9993
3 10007 9996 10019
3 10032 9995 10004
3 10032 10017 9995
3 10033 10020 10007
3 10021 9974 10020
3 10034 10008 10021
3 10011 10009 10008
3 10035 10022 9977
3 10036 10010 10022
3 10037 10023 10011
3 10025 10024 9981
3 10038 9977 10024
3 10039 9998 10023
3 10040 10000 9998
3 10027 10014 10000
3 10027 10026 10002
3 10039 10015 10026
3 10041 10025 10015
3 10029 10004 10028
3 10032 10029 10017
3 10031 9993 10029
3 10018 10030 10010
3 10042 10028 10018
3 10043 10019 10031
3 10033 10007 10019
3 10029 10032 10004
3 10044 10020 10033
3 10045 10021 10020
3 10045 10034 10021
3 10011 10008 10034
3 10046 10022 10035
3 10047 10036 10022
3 10028 10010 10036
3 10034 10037 10011
3 10048 10023 10037
3 10041 10038 10024
3 10035 9977 10038
3 10049 10039 10023
3 10040 9998 10039
3 10039 10000 10040
3 10026 10027 10000
3 10000 10039 10026
3 10050 10015 10039
3 10046 10041 10015
3 10024 10025 10041
3 10051 10029 10028
3 10051 10031 10029
3 10042 10018 10010
3 10010 10028 10042
3 10052 10043 10031
3 10033 10019 10043
3 10052 10044 10033
3 10045 10020 10044
3 10044 10034 10045
3 10038 10046 10035
3 10047 10022 10046
3 10053 10036 10047
3 10051 10028 10036
3 10048 10037 10034
3 10050 10023 10048
3 10046 10038 10041
3 10050 10049 10023
3 10050 10039 10049
3 10046 10015 10050
3 10054 10031 10051
3 10055 10052 10031
3 10043 10052 10033
3 10055 10044 10052
3 10056 10034 10044
3 10053 10047 10046
3 10057 10036 10053
3 10057 10051 10036
3 10056 10048 10034
3 10055 10050 10048
3 10053 10046 10050
3 10053 10054 10051
3 10055 10031 10054
3 10056 10044 10055
3 10051 10057 10053
3 10055 10048 10056
3 10054 10050 10055
3 10054 10053 10050
3 10058 6554 6716
3 10059 6716 6715
3 10059 6715 7007
3 10060 6865 7132
3 10059 7007 7251
3 10060 7251 6865
3 10061 7132 9162
3 10062 9162 9169
3 10063 9169 9184
3 10063 9184 9196
3 10064 9196 9198
3 10065 9198 9810
3 10065 9810 9815
3 10065 9815 9896
3 10065 9896 9897
3 10060 6716 10059
3 10060 10059 7251
3 10063 10062 9169
3 10064 10063 9196
3 10066 6158 6393
3 10067 6393 6159
3 10068 6159 6160
3 10069 6162 6161
3 10068 6160 6162
3 10070 6549 6392
3 10071 6392 6158
3 10072 6161 6550
3 10073 6167 6554
3 10074 6683 6549
3 10073 6550 6167
3 10074 6845 6683
3 10075 6987 6845
3 10075 7237 6987
3 10075 7236 7237
3 10076 7450 7236
3 10077 7632 7450
3 10077 7806 7632
3 10077 7885 7806
3 10077 7963 7885
3 10078 9897 9900
3 10078 9900 9899
3 10079 9905 7963
3 10080 9899 9906
3 10081 9910 9905
3 10081 9927 9910
3 10082 9907 9921
3 10081 9929 9927
3 10083 9945 9929
3 10084 9921 9947
3 10085 9951 9954
3 10085 9947 9951
3 10083 9980 9945
3 10085 9954 9986
3 10085 9986 9980
3 10086 6554 10058
3 10060 10058 6716
3 10087 7132 10061
3 10088 10061 9162
3 10088 9162 10062
3 10089 10064 9198
3 10090 9198 10065
3 10091 10065 9897
3 10088 10062 10063
3 10092 10063 10064
3 10067 10066 6393
3 10071 6158 10066
3 10068 10067 6159
3 10072 10069 6161
3 10068 6162 10069
3 10093 10070 6392
3 10094 6549 10070
3 10093 6392 10071
3 10095 10072 6550
3 10086 10073 6554
3 10096 10074 6549
3 10097 6550 10073
3 10075 6845 10074
3 10074 7236 10075
3 10074 10076 7236
3 10098 7450 10076
3 10098 10077 7450
3 10099 7963 10077
3 10091 9897 10078
3 10100 10078 9899
3 10099 10079 7963
3 10081 9905 10079
3 9907 10080 9906
3 10100 9899 10080
3 10084 10082 9921
3 10101 9907 10082
3 10102 9929 10081
3 10103 10083 9929
3 10085 10084 9947
3 10085 9980 10083
3 10104 10086 10058
3 7132 10058 10060
3 10105 10087 10061
3 10105 10061 10088
3 10090 10089 9198
3 10106 10064 10089
3 10107 10090 10065
3 10107 10065 10091
3 10105 10088 10063
3 10106 10092 10064
3 10105 10063 10092
3 10108 10066 10067
3 10108 10071 10066
3 10069 10067 10068
3 10109 10069 10072
3 10094 10070 10093
3 10096 6549 10094
3 10094 10093 10071
3 10097 10095 6550
3 10110 10072 10095
3 10097 10073 10086
3 10111 10074 10096
3 10111 10076 10074
3 10112 10098 10076
3 10113 10077 10098
3 10114 10099 10077
3 10100 10091 10078
3 10115 10079 10099
3 10115 10081 10079
3 10100 10080 9907
3 10116 10082 10084
3 10117 10101 10082
3 10100 9907 10101
3 10118 10102 10081
3 10102 10103 9929
3 10119 10083 10103
3 10116 10084 10085
3 10119 10085 10083
3 10120 10104 10058
3 10121 10086 10104
3 10087 10058 7132
3 10122 10087 10105
3 10123 10089 10090
3 10124 10106 10089
3 10125 10090 10107
3 10126 10107 10091
3 10105 10092 10106
3 10069 10108 10067
3 10127 10071 10108
3 10110 10109 10072
3 10127 10069 10109
3 10128 10096 10094
3 10128 10094 10071
3 10121 10095 10097
3 10129 10110 10095
3 10121 10097 10086
3 10128 10111 10096
3 10128 10076 10111
3 10128 10112 10076
3 10130 10098 10112
3 10131 10077 10113
3 10132 10114 10077
3 10115 10099 10114
3 10126 10091 10100
3 10133 10081 10115
3 10134 10082 10116
3 10135 10117 10082
3 10136 10101 10117
3 10126 10100 10101
3 10133 10118 10081
3 10103 10102 10118
3 10137 10119 10103
3 10134 10116 10085
3 10137 10085 10119
3 10087 10120 10058
3 10138 10104 10120
3 10139 10121 10104
3 10120 10122 10105
3 10120 10087 10122
3 10140 10123 10090
3 10124 10089 10123
3 10123 10106 10124
3 10141 10125 10107
3 10140 10090 10125
3 10141 10107 10126
3 10138 10105 10106
3 10127 10108 10069
3 10142 10071 10127
3 10127 10109 10110
3 10142 10128 10071
3 10129 10095 10121
3 10143 10110 10129
3 10144 10112 10128
3 10145 10130 10112
3 10113 10098 10130
3 10146 10131 10113
3 10147 10077 10131
3 10147 10132 10077
3 10148 10114 10132
3 10133 10115 10114
3 10135 10082 10134
3 10149 10117 10135
3 10150 10136 10117
3 10150 10101 10136
3 10141 10126 10101
3 10151 10118 10133
3 10151 10103 10118
3 10151 10137 10103
3 10135 10134 10085
3 10135 10085 10137
3 10105 10138 10120
3 10152 10104 10138
3 10153 10139 10104
3 10143 10121 10139
3 10125 10123 10140
3 10138 10106 10123
3 10101 10125 10141
3 10154 10142 10127
3 10154 10127 10110
3 10154 10128 10142
3 10143 10129 10121
3 10155 10110 10143
3 10154 10144 10128
3 10145 10112 10144
3 10146 10130 10145
3 10146 10113 10130
3 10156 10131 10146
3 10156 10147 10131
3 10148 10132 10147
3 10133 10114 10148
3 10157 10149 10135
3 10158 10117 10149
3 10158 10150 10117
3 10159 10101 10150
3 10137 10151 10133
3 10157 10135 10137
3 10160 10152 10138
3 10153 10104 10152
3 10161 10139 10153
3 10162 10143 10139
3 10162 10123 10125
3 10163 10138 10123
3 10159 10125 10101
3 10164 10154 10110
3 10165 10155 10143
3 10164 10110 10155
3 10164 10144 10154
3 10166 10145 10144
3 10149 10146 10145
3 10157 10156 10146
3 10167 10147 10156
3 10167 10148 10147
3 10167 10133 10148
3 10146 10149 10157
3 10165 10158 10149
3 10165 10150 10158
3 10168 10159 10150
3 10157 10137 10133
3 10163 10160 10138
3 10153 10152 10160
3 10163 10161 10153
3 10162 10139 10161
3 10150 10143 10162
3 10168 10162 10125
3 10163 10123 10162
3 10168 10125 10159
3 10150 10165 10143
3 10166 10155 10165
3 10166 10164 10155
3 10166 10144 10164
3 10149 10145 10166
3 10167 10156 10157
3 10157 10133 10167
3 10166 10165 10149
3 10162 10168 10150
3 10153 10160 10163
3 10162 10161 10163
POINT_DATA 10171
SCALARS LAT float 1
LOOKUP_TABLE default
-31.17741
-31.17741
-31.17741
-31.23434
-31.2628
-31.20588
-31.23434
-31.29126
-31.17741
-31.2628
-31.23434
-31.63282
-31.63282
-31.54743
-31.2628
-31.31973
-31.37666
-31.34819
-31.77513
-31.68974
-31.20588
-31.14895
-31.4905
-32.23053
-33.93829
-32.03129
-31.23434
-31.68974
-32.31592
-34.13753
-32.45823
-31.43358
-31.17741
-32.03129
-34.93448
-40.76932
-32.85671
-32.14514
-31.43358
-31.51896
-32.99902
-33.45443
-37.63843
-35.50373
-32.51516
-35.44681
-38.52077
-40.68393
-36.04453
-31.74667
-31.51896
-32.08822
-35.16218
-36.07299
-41.99321
-44.41253
-36.12991
-33.59674
-32.37284
-34.42215
-35.38988
-38.77693
-37.89459
-40.37084
-43.70097
-45.06718
-44.6687
-37.60997
-34.05214
-31.9459
-31.60435
-31.83205
-33.1698
-36.2153
-37.66689
-37.43919
-43.87174
-44.46946
-44.15637
-45.03871
-45.45142
-45.67912
-43.53019
-42.22091
-39.20387
-32.85671
-35.36142
-37.3538
-38.46385
-38.66309
-43.07479
-44.75409
-45.72181
-45.69335
-45.1241
-44.41253
-43.2171
-38.86232
-35.84528
-31.91744
-31.34819
-32.37284
-34.42215
-40.34238
-39.14695
-45.01025
-45.29488
-45.15256
-45.15256
-45.8499
-45.82143
-42.67632
-34.02368
-32.31592
-32.03129
-37.18303
-39.74466
-42.96094
-42.7617
-44.81101
-45.46565
-45.59373
-45.93528
-45.92105
-45.94952
-45.96375
-45.76451
-45.40873
-45.01025
-41.19625
-41.31011
-35.56066
-31.4905
-32.45823
-33.68213
-35.44681
-40.51316
-41.99321
-42.96094
-44.32715
-45.67912
-45.83566
-45.89259
-45.60796
-45.83566
-45.99221
-45.99221
-45.86413
-45.38026
-44.32715
-42.33476
-32.9421
-30.5797
-30.89279
-36.6707
-40.31392
-41.19625
-44.09944
-43.84328
-45.66489
-45.89259
-45.83566
-45.97798
-46.00644
-46.00644
-45.99221
-46.00644
-45.67912
-45.59373
-45.5795
-43.2171
-40.76932
-30.63662
-30.55124
-36.55685
-34.19445
-42.47707
-42.47707
-42.16399
-42.84709
-43.84328
-44.18483
-44.24176
-45.46565
-46.00644
-46.00644
-45.99221
-45.90682
-45.92105
-46.00644
-46.00644
-46.00644
-46.00644
-45.76451
-44.69716
-43.44481
-43.81482
-35.30449
-33.08441
-29.44119
-30.09583
-34.87756
-40.02929
-42.7617
-42.87555
-44.72562
-44.86794
-44.83947
-45.99221
-46.00644
-46.00644
-45.99221
-45.97798
-46.00644
-45.99221
-46.00644
-46.00644
-46.00644
-46.00644
-46.00644
-46.00644
-45.87836
-45.5795
-43.47327
-38.46385
-30.86433
-28.61578
-30.63662
-38.32153
-43.47327
-43.18864
-43.30249
-44.18483
-45.40873
-45.82143
-46.00644
-46.00644
-46.00644
-46.00644
-46.00644
-46.00644
-46.00644
-46.00644
-46.00644
-46.00644
-46.00644
-46.00644
-46.00644
-45.15256
-44.61177
-42.90401
-42.19245
-37.04071
-28.87194
-28.47346
-27.47727
-29.01426
-33.05595
-40.82624
-41.76551
-43.30249
-43.18864
-43.47327
-44.98178
-45.18102
-45.3518
-46.00644
-46.00644
-46.00644
-46.00644
-46.00644
-46.00644
-46.00644
-46.00644
-46.00644
-46.00644
-46.00644
-46.00644
-46.00644
-46.00644
-46.00644
-46.00644
-45.86413
-45.60796
-44.49792
-42.61939
-40.79778
-32.82825
-30.29507
-27.42035
-29.35581
-43.04633
-43.33096
-43.50173
-44.83947
-45.23795
-45.76451
-46.00644
-46.00644
-46.00644
-46.00644
-46.00644
-46.00644
-46.00644
-46.00644
-46.00644
-46.00644
-46.00644
-45.82143
-45.18102
-44.78255
-41.22472
-37.21149
-28.16038
-27.47727
-27.27803
-44.27022
-45.26641
-45.49411
-45.46565
-45.69335
-46.00644
-46.00644
-46.00644
-46.00644
-46.00644
-46.00644
-46.00644
-46.00644
-46.00644
-46.00644
-46.00644
-46.00644
-46.00644
-45.93528
-45.43719
-46.54723
-29.09964
-27.9896
-28.18884
-43.2171
-44.21329
-44.8964
-46.00644
-45.96375
-46.00644
-46.00644
-46.00644
-46.00644
-46.00644
-46.00644
-46.00644
-46.00644
-46.00644
-46.00644
-46.00644
-46.00644
-45.70758
-45.32334
-45.15256
-47.87074
-46.533
-45.66489
-35.38988
-31.00664
-28.01806
-28.01806
-43.07479
-43.50173
-43.78635
-45.75027
-45.76451
-46.00644
-46.00644
-46.00644
-45.99221
-46.00644
-46.00644
-46.00644
-46.00644
-46.00644
-46.00644
-46.00644
-46.00644
-45.45142
-45.29488
-45.26641
-45.79297
-48.66769
-47.52919
-46.71801
-26.56647
-27.96114
-43.30249
-44.78255
-45.3518
-46.06337
-46.37646
-46.00644
-46.00644
-46.10606
-46.00644
-46.00644
-46.00644
-46.00644
-46.00644
-46.00644
-46.00644
-46.00644
-46.00644
-46.00644
-46.00644
-45.8072
-45.62219
-47.04533
-48.61077
-45.73605
-25.57028
-44.92486
-28.98579
-27.19265
-27.42035
-27.96114
-43.04633
-44.38407
-44.95332
-46.17722
-45.94952
-46.16299
-46.02067
-46.13452
-46.00644
-46.20568
-46.19145
-46.24837
-46.02067
-45.99221
-46.00644
-46.00644
-46.00644
-46.00644
-46.00644
-44.83947
-42.7617
-47.42957
-44.29868
-41.65166
-23.35019
-38.57769
-29.52658
-23.74867
-25.1718
-43.10326
-43.64404
-44.01406
-44.69716
-44.8964
-45.90682
-46.63262
-46.56146
-46.0349
-46.88878
-46.12029
-46.00644
-46.00644
-46.00644
-46.00644
-46.00644
-46.00644
-46.00644
-46.00644
-46.00644
-46.12029
-46.14875
-45.20949
-42.16399
-35.87375
-35.81682
-19.02387
-19.02387
-43.16018
-43.47327
-43.41634
-44.18483
-44.55485
-45.09563
-45.5368
-46.36222
-46.70377
-46.2626
-46.10606
-46.80339
-46.9884
-46.12029
-46.00644
-46.00644
-46.00644
-46.00644
-44.58331
-41.05394
-41.25318
-40.05775
-37.72382
-36.64224
-27.5342
-19.10926
-19.05234
-25.37104
-25.08641
-23.2648
-43.87174
-44.46946
-44.64024
-44.78255
-44.8964
-46.78916
-47.10225
-46.67531
-46.21991
-46.60416
-46.94571
-47.34418
-46.00644
-46.00644
-46.00644
-46.00644
-47.04533
-39.28926
-37.46766
-33.22672
-25.99722
-19.05234
-19.05234
-19.05234
-20.56086
-22.61016
-21.50012
-43.55865
-44.24176
-44.92486
-45.09563
-45.90682
-47.55766
-47.00263
-47.04533
-47.08802
-47.6715
-48.19806
-46.00644
-46.00644
-46.00644
-46.00644
-46.00644
-46.00644
-46.00644
-47.50073
-43.87174
-38.74847
-37.66689
-22.95172
-19.90622
-19.0808
-19.22311
-22.61016
-21.58551
-21.04472
-21.35781
-43.92867
-44.6687
-44.61177
-44.78255
-45.01025
-45.15256
-45.46565
-46.88878
-46.47607
-47.6715
-47.27303
-48.26922
-47.98459
-46.00644
-46.00644
-46.00644
-46.00644
-47.18764
-47.84228
-43.67251
-40.85471
-19.16619
-19.19465
-19.19465
-19.67852
-20.70317
-21.01625
-20.44701
-20.53239
-20.33315
-43.75789
-44.29868
-44.8964
-44.95332
-44.98178
-45.20949
-48.11267
-47.82805
-47.72843
-48.02729
-47.4865
-48.11267
-48.81001
-48.34038
-46.00644
-46.00644
-46.00644
-46.00644
-48.14114
-47.9419
-43.67251
-39.60235
-23.94791
-20.16238
-19.16619
-19.33696
-19.42235
-21.50012
-20.84548
-20.16238
-44.64024
-44.86794
-44.95332
-44.98178
-45.06718
-45.03871
-44.98178
-45.18102
-49.15156
-46.66108
-49.94851
-48.78155
-48.83847
-48.92386
-48.8954
-46.00644
-46.00644
-46.00644
-46.00644
-46.00644
-48.01305
-48.41153
-48.05575
-47.65727
-45.23795
-41.25318
-35.5322
-22.18322
-19.16619
-19.19465
-19.45081
-19.79236
-22.29708
-20.41854
-20.13391
-20.07699
-20.10545
-20.07699
-44.75409
-45.01025
-44.78255
-50.13352
-49.22272
-47.91344
-50.20468
-49.23695
-46.00644
-48.69616
-48.12691
-31.2628
-21.87014
-19.22311
-19.39389
-19.42235
-19.5362
-20.02007
-21.24396
-20.02007
-44.69716
-44.83947
-44.98178
-45.01025
-44.92486
-50.717
-50.94471
-50.34699
-48.65347
-47.95613
-46.83186
-48.05575
-47.51496
-45.77874
-34.45061
-19.28004
-19.3085
-19.67852
-21.10165
-20.2193
-20.02007
-20.04853
-20.02007
-20.02007
-20.02007
-44.98178
-50.97317
-51.03009
-51.10125
-50.73124
-48.8527
-49.0804
-44.86794
-40.1716
-35.50373
-32.34438
-19.3085
-19.50774
-19.67852
-20.04853
-20.47547
-20.27623
-20.04853
-20.02007
-20.02007
-20.02007
-52.31091
-45.09563
-42.67632
-44.52638
-38.52077
-19.5362
-19.36543
-20.07699
-20.02007
-20.02007
-20.02007
-20.02007
-20.02007
-45.15256
-47.57188
-41.28165
-40.34238
-38.52077
-35.70297
-30.72201
-19.62159
-19.84929
-19.9916
-20.02007
-20.02007
-20.02007
-20.02007
-20.02007
-20.02007
-51.98359
-45.1241
-43.2171
-42.96094
-40.88317
-40.31392
-19.84929
-20.02007
-20.02007
-20.02007
-20.02007
-20.02007
-20.02007
-20.02007
-42.73324
-43.24557
-43.61558
-42.24937
-40.05775
-38.94771
-36.78455
-35.13372
-19.9916
-19.9916
-19.9916
-20.02007
-20.02007
-43.53019
-43.92867
-40.85471
-44.61177
-40.3993
-35.33295
-20.02007
-42.02168
-42.96094
-43.9856
-39.37465
-35.27603
-20.02007
-42.16399
-43.55865
-43.58712
-43.61558
-43.53019
-37.8092
-36.98379
-33.59674
-42.02168
-42.16399
-43.16018
-43.44481
-44.69716
-43.44481
-36.47146
-33.88136
-42.33476
-42.64785
-43.07479
-42.64785
-43.27403
-39.80159
-38.52077
-33.51135
-41.96475
-42.02168
-42.59093
-42.56246
-42.59093
-42.05013
-35.87375
-42.0786
-42.36322
-42.02168
-41.87936
-41.13933
-36.27222
-32.62901
-31.29126
-41.59473
-41.79397
-42.0786
-42.27784
-42.27784
-42.3063
-42.13552
-41.68012
-40.45623
-33.45443
-30.46585
-27.0788
-42.19245
-42.02168
-40.94009
-39.9439
-35.47527
-24.88717
-41.16779
-41.6232
-42.10706
-42.02168
-42.02168
-42.02168
-41.3955
-40.54162
-39.65928
-34.10906
-27.10726
-25.00103
-42.02168
-42.10706
-42.05013
-42.02168
-42.02168
-39.83005
-31.23434
-25.08641
-24.65947
-40.85471
-41.08241
-41.93629
-42.05013
-42.02168
-42.02168
-42.02168
-41.82243
-37.43919
-36.35761
-24.00483
-24.26099
-40.79778
-41.42396
-42.02168
-42.02168
-42.02168
-42.02168
-42.02168
-50.44661
-41.02548
-24.68793
-24.03329
-24.26099
-24.4887
-41.19625
-41.70858
-42.02168
-42.05013
-42.02168
-42.02168
-52.79478
-51.42857
-24.97256
-24.00483
-24.09022
-23.77713
-24.26099
-40.54162
-41.99321
-42.02168
-42.02168
-42.02168
-42.02168
-72.00349
-33.31211
-24.00483
-24.23253
-23.89098
-23.63482
-40.82624
-40.85471
-41.50935
-41.87936
-42.02168
-42.02168
-71.53386
-71.758
-24.00483
-24.11868
-24.26099
-24.17561
-23.00864
-23.23634
-40.85471
-40.85471
-41.48088
-41.70858
-41.99321
-42.02168
-42.02168
-42.02168
-42.02168
-43.67251
-61.5755
-71.91632
-65.25429
-24.00483
-23.89098
-22.89479
-22.63863
-23.49251
-41.13933
-41.3955
-41.76551
-42.02168
-41.82243
-71.19942
-71.66372
-71.82738
-72.13157
-70.37756
-24.00483
-24.00483
-24.17561
-22.69555
-22.38246
-22.49632
-22.52478
-24.40331
-40.99702
-41.08241
-42.02168
-41.79397
-44.01406
-70.60526
-71.56588
-72.09422
-31.4905
-24.00483
-24.03329
-24.63101
-22.8094
-22.49632
-22.21169
-22.06938
-41.90783
-40.57008
-41.87936
-40.11468
-41.76551
-72.23119
-72.09244
-67.51707
-24.00483
-24.11868
-32.03129
-22.06938
-22.09784
-22.09784
-21.8986
-24.43177
-41.33857
-41.3955
-41.56627
-67.88708
-65.41084
-71.4289
-72.64212
-72.09244
-57.37726
-24.00483
-24.00483
-50.57469
-56.45222
-22.01245
-22.78094
-72.06575
-73.8371
-71.98214
-72.07109
-71.98214
-43.90021
-60.10255
-24.03329
-66.00143
-22.01245
-22.01245
-22.29708
-24.31792
-49.46465
-47.65727
-72.58341
-72.15114
-70.90768
-30.5797
-66.00143
-66.00143
-66.01566
-39.0331
-62.18033
-30.23815
-18.96695
-54.14675
-72.61366
-72.09599
-71.8932
-71.60501
-68.36028
-67.2111
-66.07259
-66.00855
-66.00143
-64.46445
-58.23114
-62.02378
-23.15096
-71.16918
-73.19892
-70.61594
-70.99484
-68.35316
-66.16509
-66.00143
-66.01566
-65.90182
-63.45403
-55.14294
-61.14856
-19.02387
-60.74297
-65.4393
-73.23272
-72.33971
-69.88303
-71.51607
-71.78291
-71.64771
-69.48099
-66.73434
-66.25048
-66.00143
-65.67412
-62.87054
-62.1661
-18.05614
-42.87555
-51.52819
-72.80756
-72.65813
-71.14072
-70.52699
-71.43601
-71.80603
-70.39179
-68.9402
-67.50639
-66.47107
-66.01566
-66.05836
-65.37526
-64.89851
-63.31883
-62.59303
-18.05614
-36.04453
-72.23297
-70.96282
-69.87235
-69.00069
-71.2012
-70.79383
-68.08276
-66.75569
-66.27895
-66.00143
-66.00855
-65.82354
-65.63142
-64.77754
-64.79177
-63.52518
-51.00163
-19.56466
-41.25318
-73.70502
-69.02914
-68.11834
-71.97681
-71.67795
-69.08607
-66.00855
-65.80219
-65.27563
-63.73866
-63.31171
-62.20879
-18.45462
-21.6709
-70.06803
-72.13691
-69.89014
-69.51301
-68.23219
-71.47337
-71.95546
-70.88633
-68.07209
-67.13994
-66.15086
-66.00855
-65.95162
-65.60296
-63.71731
-63.11248
-62.8492
-41.25318
-42.27784
-40.54162
-71.61213
-70.26371
-67.98315
-66.10105
-65.23294
-63.15517
-62.17321
-19.05234
-51.04433
-45.87836
-69.98264
-68.9402
-67.49928
-70.90768
-71.89497
-71.6993
-71.05533
-68.8726
-67.68784
-66.00143
-66.18644
-65.8947
-65.55315
-63.93078
-63.61769
-63.29037
-24.57409
-49.92005
-49.20849
-31.7182
-69.82254
-69.54147
-68.13613
-67.06167
-71.63881
-69.8937
-66.98339
-66.07259
-66.0797
-65.55315
-64.09444
-62.55034
-26.76571
-30.89279
-31.7182
-32.31592
-40.00083
-68.33537
-67.71275
-66.4426
-67.01897
-71.32572
-66.8055
-64.43599
-63.78135
-63.9877
-63.95213
-63.17652
-62.49342
-49.36503
-48.11267
-31.40512
-31.06356
-36.49992
-69.74427
-68.96155
-67.59534
-66.74858
-67.48149
-70.83652
-67.22533
-66.3501
-66.6205
-66.91935
-65.79508
-65.50334
-63.01997
-33.88136
-48.22652
-31.09203
-31.37666
-64.82024
-69.9186
-67.30004
-66.98339
-66.17221
-66.27183
-69.79052
-69.42762
-66.713
-66.07259
-64.40041
-63.70308
-47.45803
-30.97818
-30.97818
-30.92125
-30.97818
-31.00664
-31.00664
-31.00664
-69.64465
-68.07209
-66.39991
-66.25048
-67.60246
-65.83778
-63.11959
-63.03421
-27.19265
-45.96375
-30.09583
-30.92125
-67.2609
-65.80931
-64.08733
-47.50073
-46.34799
-30.55124
-38.17922
-61.64665
-65.62431
-63.09113
-61.67512
-48.83847
-47.51496
-29.41273
-30.97818
-63.58211
-63.02709
-49.59273
-49.8062
-28.98579
-46.3053
-46.54723
-42.79016
-45.75027
-35.90221
-29.01426
-23.00864
-25.51336
-21.75629
-23.0371
-21.32935
-25.28565
-21.87014
-24.11868
-25.8549
-26.25338
-25.99722
-21.07318
-22.86633
-25.28565
-26.16799
-26.11107
-26.05414
-26.02568
-25.00103
-26.13953
-25.82644
-25.94029
-26.05414
-26.11107
-25.91183
-25.48489
-24.77332
-24.74486
-20.67471
-23.52097
-25.99722
-25.76952
-25.20026
-25.99722
-26.02568
-26.02568
-26.02568
-25.91183
-25.65566
-25.20026
-24.20407
-24.43177
-24.40331
-21.27242
-23.94791
-25.57028
-24.91564
-25.76952
-25.96875
-25.91183
-25.48489
-24.85871
-24.4887
-24.00483
-23.43558
-24.09022
-22.52478
-25.05795
-25.48489
-25.71259
-25.57028
-25.05795
-23.94791
-23.46404
-22.92326
-21.52858
-25.57028
-25.96875
-25.54182
-25.22873
-24.77332
-22.55324
-23.54943
-22.95172
-25.08641
-24.91564
-25.05795
-24.26099
-23.46404
-22.72401
-22.32554
-21.84167
-21.98399
-22.18322
-23.54943
-23.06557
-25.00103
-24.97256
-24.46023
-18.05614
-20.36162
-23.97637
-22.46785
-24.88717
-23.89098
-23.00864
-21.75629
-21.55705
-21.24396
-22.55324
-23.77713
-14.81141
-24.40331
-24.4887
-23.8056
-21.2155
-21.07318
-24.91564
-25.34258
-16.63301
-19.42235
-21.84167
-24.9441
-24.74486
-23.77713
-23.29327
-20.61778
-20.76009
-12.42054
-12.30669
-17.97076
-23.69175
-24.65947
-24.20407
-24.11868
-23.0371
-19.9916
-20.47547
-22.8094
-24.68793
-25.74105
-25.99722
-14.356
-17.77152
-19.50774
-24.60255
-23.57789
-21.61397
-21.15857
-20.16238
-20.98779
-26.02568
-11.50974
-14.18523
-22.86633
-24.40331
-19.50774
-22.26862
-23.32173
-25.76952
-10.14354
-9.91583
-12.93287
-24.60255
-24.54562
-24.11868
-22.92326
-20.13391
-18.91002
-21.6709
-23.86252
-25.14334
-25.82644
-26.02568
-8.43578
-9.40351
-9.40351
-9.97276
-24.60255
-24.28946
-24.00483
-20.30469
-19.3085
-18.99541
-19.96314
-20.67471
-22.52478
-24.65947
-8.66348
-9.06196
-8.20808
-7.06957
-24.46023
-24.46023
-24.43177
-24.23253
-24.00483
-20.67471
-20.53239
-18.42616
-18.65386
-19.50774
-21.75629
-25.51336
-25.94029
-26.02568
-6.72802
-7.98037
-8.43578
-23.69175
-24.7164
-24.4887
-24.31792
-24.17561
-24.00483
-21.04472
-19.50774
-20.10545
-18.39769
-19.02387
-20.13391
-22.72401
-24.40331
-26.02568
-7.29727
-7.86652
-6.95572
-6.4434
-6.72802
-6.21569
-5.93106
-9.00503
-23.12249
-24.46023
-24.43177
-24.46023
-24.63101
-24.31792
-23.54943
-22.41093
-19.84929
-19.36543
-19.5362
-19.10926
-18.28385
-18.36923
-18.6254
-20.64624
-21.75629
-25.05795
-25.76952
-25.99722
-6.10184
-6.21569
-4.67871
-4.39409
-21.58551
-23.94791
-24.51716
-24.34639
-23.83406
-22.92326
-21.41473
-19.65005
-18.82463
-18.45462
-18.22692
-18.19846
-19.28004
-23.43558
-25.99722
-26.02568
-6.04492
-6.04492
-6.10184
-5.87414
-4.84949
-3.99561
-7.06957
-21.04472
-24.63101
-24.68793
-24.60255
-24.7164
-24.77332
-24.63101
-24.06176
-23.83406
-23.0371
-22.32554
-20.30469
-19.25158
-19.0808
-18.82463
-18.28385
-18.28385
-18.45462
-18.71078
-24.46023
-25.37104
-26.02568
-6.32954
-6.78494
-5.93106
-6.15877
-3.48328
-3.36943
-3.59714
-4.05254
-8.09423
-17.85691
-20.13391
-24.63101
-24.88717
-24.9441
-25.00103
-24.77332
-24.54562
-21.18703
-20.41854
-19.47928
-18.96695
-18.54001
-18.36923
-18.16999
-18.05614
-19.3085
-21.81321
-23.74867
-25.71259
-25.91183
-26.02568
-26.02568
-4.84949
-6.6711
-6.50032
-5.07719
-5.41874
-5.93106
-4.28024
-4.10946
-3.65406
-3.71098
-13.61598
-16.7184
-23.57789
-24.97256
-23.20788
-22.1263
-18.76771
-18.68232
-18.59693
-18.08461
-18.39769
-19.87775
-19.7639
-24.51716
-25.71259
-26.02568
-2.74325
-5.19104
-5.24797
-4.79256
-5.64645
-5.24797
-3.93868
-3.0848
-10.99741
-24.63101
-24.97256
-25.00103
-25.00103
-25.00103
-20.13391
-18.93848
-18.45462
-18.42616
-18.19846
-18.08461
-18.02768
-18.05614
-18.76771
-20.50393
-23.46404
-24.88717
-26.02568
-3.71098
-4.10946
-3.88176
-2.28785
-4.45101
-5.13411
-3.36943
-7.46805
-8.54963
-24.28946
-24.97256
-25.00103
-24.97256
-24.74486
-23.52097
-20.56086
-19.10926
-18.39769
-18.05614
-19.25158
-22.26862
-25.37104
-25.91183
-26.02568
-0.69394
-1.77552
-3.02788
-3.59714
-4.84949
-3.59714
-3.25558
-4.33716
-4.33716
-3.36943
-3.36943
-3.59714
-24.11868
-25.00103
-24.91564
-25.00103
-25.00103
-24.97256
-24.17561
-23.72021
-23.49251
-21.10165
-19.7639
-19.22311
-18.76771
-18.14153
-18.02768
-18.02768
-18.02768
-18.22692
-19.87775
-20.78856
-23.43558
-24.80178
-25.94029
-25.91183
-25.99722
12.28501
1.29844
-2.4017
-3.25558
-2.28785
-2.28785
-2.68633
-3.14172
-3.0848
-3.42635
-4.67871
-7.01265
-7.24035
-24.14715
-24.91564
-25.00103
-25.00103
-24.74486
-23.97637
-22.41093
-18.96695
-18.45462
-18.11307
-18.02768
-18.05614
-19.25158
-21.8986
-24.26099
-24.91564
-25.48489
-26.02568
2.72157
0.95689
-1.4909
-2.6294
-2.4017
-1.54782
-1.77552
-1.54782
-3.54021
-3.65406
-3.14172
-4.10946
-3.59714
-4.45101
-8.09423
-24.37485
-24.31792
-24.85871
-24.97256
-25.00103
-23.86252
-23.89098
-23.09403
-22.04091
-20.41854
-19.13773
-18.65386
-18.31231
-18.02768
-18.02768
-18.36923
-21.6709
-23.8056
-24.31792
11.88654
12.51271
8.86949
2.20924
0.27378
-1.9463
-2.34477
-1.14935
-1.43397
-1.54782
-2.97095
-4.10946
-3.59714
-6.61417
-22.75248
-23.20788
-24.03329
-24.97256
-24.68793
-24.88717
-24.23253
-23.97637
-23.94791
-23.74867
-23.52097
-22.43939
-21.92706
-21.30088
-20.02007
-18.25538
-18.05614
-18.02768
-18.02768
-18.02768
-18.02768
-18.11307
-18.93848
-19.59312
-20.70317
-22.29708
-23.00864
-22.86633
-25.31411
-26.02568
20.59609
8.92642
8.12946
3.74623
3.12005
1.92461
1.01382
-0.18162
-1.83245
-1.32012
-1.20628
-1.32012
-1.14935
-2.4017
-3.31251
-3.0848
-3.54021
-4.05254
-5.47566
-20.76009
-22.1263
-22.89479
-23.17942
-24.06176
-24.74486
-24.9441
-24.68793
-23.91945
-22.89479
-18.88156
-18.02768
-18.02768
-18.11307
-18.79617
-21.01625
-21.69936
-24.17561
-24.54562
-25.74105
23.95469
12.00038
11.48806
9.83723
9.0972
9.04028
9.3249
4.71395
4.03085
3.40468
0.61533
-1.2632
-1.03549
-1.09241
-1.03549
-1.20628
-1.54782
-2.97095
-3.31251
-8.09423
-20.16238
-21.13011
-22.98018
-22.06938
-24.34639
-24.00483
-24.80178
-24.46023
-24.06176
-24.00483
-22.1263
-21.64243
-20.07699
-18.16999
-18.02768
-20.13391
-20.87395
-21.35781
-21.95552
-23.60635
-25.00103
-21.78475
29.64722
14.67587
12.62656
12.39886
10.008
9.95108
8.92642
8.07254
7.16174
13.08197
10.29263
4.77088
3.68929
1.58306
0.95689
2.15232
-0.97857
-0.86472
-1.03549
-3.02788
-2.97095
-4.90642
-7.41113
-9.57428
-18.31231
-15.66529
-17.62921
-19.5362
-20.93087
-20.47547
-24.43177
-24.11868
-24.00483
-23.52097
-22.72401
-18.8531
-18.45462
-18.02768
-18.05614
-19.22311
-19.36543
-21.01625
-20.2193
-20.47547
-22.52478
-24.00483
-18.96695
27.31328
38.24293
12.51271
10.29263
9.60953
9.21104
8.81257
7.50329
14.56202
5.62476
4.8278
4.54318
0.89996
0.15993
-0.8078
-0.01084
-0.8078
-0.92165
-1.2632
-1.4909
-2.11707
-2.57248
-4.50793
-5.87414
-18.02768
-19.62159
-15.26681
-15.77913
-19.90622
-19.59312
-21.87014
-23.17942
-23.09403
-23.60635
-23.91945
-23.09403
-21.87014
-22.01245
-22.04091
-18.71078
-18.28385
-19.73544
-20.39008
-19.84929
-17.68613
-18.11307
-22.06938
-20.39008
-17.4015
-14.75448
36.07977
36.02283
38.01522
25.20705
11.94346
10.97573
10.29263
10.008
9.04028
8.01562
10.69111
13.99277
11.77268
9.89415
10.86188
10.9188
6.08015
6.42171
4.88473
1.69691
-0.86472
-0.29546
-0.75087
-1.03549
-3.71098
-8.9481
-12.30669
-14.1283
-11.16819
-11.56667
-15.72221
-17.88537
-18.51155
-18.54001
-20.53239
-23.89098
-21.98399
-21.35781
-18.8531
-20.61778
-19.13773
-17.14534
-20.47547
20.31148
24.12547
38.6414
40.97533
33.63198
10.86188
9.95108
9.38183
9.83723
8.12946
12.85426
13.76507
16.38363
6.36478
6.82018
4.99858
4.03085
2.7785
0.67226
-0.75087
-0.86472
-1.54782
-1.7186
-2.23093
-5.64645
-5.24797
-7.18342
-11.05434
-9.11888
-10.25739
-12.93287
-16.17761
-17.77152
-18.8531
-20.10545
-21.61397
-21.87014
-21.95552
-19.82083
-21.07318
-19.0808
-18.22692
-18.05614
-14.01445
-13.33135
-18.28385
-15.09603
-12.87595
-11.45282
36.30746
31.29804
14.7328
39.38143
40.97533
34.82741
13.59429
9.95108
9.3249
9.95108
8.58488
13.87892
13.53737
11.94346
9.7803
7.61714
6.70634
6.82018
5.85246
5.16936
4.99858
4.71395
3.80315
2.60772
1.81077
0.27378
0.50149
-0.29546
-1.03549
-1.66167
-3.25558
-6.61417
-6.95572
-5.93106
-9.46043
-6.78494
-7.3542
-13.78675
-14.24216
-16.7184
-19.42235
-21.2155
-21.27242
-21.72783
-22.83786
-21.30088
-21.64243
-21.32935
-18.8531
-14.356
-13.78675
-12.13592
-10.88356
-8.15115
36.99057
37.10442
37.21827
21.9623
22.19
34.77048
39.49528
40.12146
40.86148
40.91841
40.91841
40.97533
17.0098
9.26797
11.08958
9.43875
9.15412
12.00038
13.08197
13.70814
10.63419
12.39886
18.94527
15.07435
6.76326
5.0555
4.3724
4.20163
3.57545
2.38002
1.81077
1.52614
0.95689
-0.63702
-0.63702
-1.14935
-1.88937
-2.4017
-4.67871
-7.41113
-6.8988
-8.89118
-11.79436
-15.66529
-19.87775
-19.59312
-21.30088
-20.70317
-19.9916
-22.8094
-20.98779
-19.02387
-18.22692
-11.16819
-10.42817
-9.80199
-8.32192
-8.20808
36.76286
33.06273
16.44055
33.74583
38.75525
38.86909
40.40608
40.91841
40.97533
9.26797
11.48806
11.54498
13.13889
13.13889
9.0972
16.32671
11.54498
7.04789
6.19402
6.87711
5.51091
5.34013
4.77088
4.14471
4.08778
4.31548
3.63237
3.86008
3.80315
1.75385
1.69691
0.15993
-1.60475
-3.88176
-5.19104
-5.87414
-4.73563
-10.02968
-12.64825
-13.33135
-18.05614
-17.65767
-19.96314
-19.56466
-22.46785
-21.55705
-18.42616
-18.19846
-17.05996
-11.96515
-6.32954
37.21827
37.21827
35.90899
28.45178
16.21285
26.80095
38.75525
38.52755
40.17838
40.34916
40.74763
40.69071
7.95869
13.25274
12.39886
12.34193
12.91119
11.77268
10.17878
10.40648
13.87892
14.96049
16.099
12.45579
7.10481
10.69111
7.90177
4.65703
4.94166
2.72157
2.09539
2.26617
1.69691
-1.09241
-2.174
-2.91403
-4.84949
-6.10184
-9.51736
-7.75268
-12.5344
-19.79236
-18.56847
-18.73925
-18.19846
-11.11127
-10.82664
-9.46043
-7.98037
-7.41113
-6.4434
-5.07719
-6.8988
38.12907
36.30746
38.47062
39.15372
39.89375
40.06453
40.80456
40.97533
8.75565
13.36658
13.19582
12.22809
13.48045
13.13889
8.81257
4.94166
4.99858
5.0555
4.71395
2.15232
2.03847
1.24151
-0.12469
-1.83245
-2.68633
-4.05254
-3.02788
-6.6711
-7.1265
-11.28204
-10.88356
-14.75448
-15.03911
-17.1738
-18.76771
-19.33696
-18.6254
-18.08461
-16.29146
-9.51736
-5.30489
-6.21569
25.37782
37.44597
39.0968
37.9583
36.76286
36.36439
38.6414
37.9583
38.29985
39.21065
39.5522
40.17838
40.40608
40.51994
40.51994
28.7364
12.22809
15.75745
13.53737
14.10662
13.19582
11.31728
10.63419
14.22047
10.69111
12.22809
8.69872
15.1882
10.9188
5.96631
4.99858
5.2832
5.0555
6.19402
4.25855
3.80315
3.40468
-1.03549
-3.93868
-5.07719
-5.87414
-6.38647
-8.37885
-17.48689
-18.02768
-17.9423
-14.24216
-6.72802
-8.265
-6.8988
-5.19104
-6.50032
41.20303
38.81217
38.4137
32.94888
38.52755
38.29985
39.38143
39.72298
39.32451
39.89375
40.51994
24.80857
17.57906
17.74983
15.6436
11.54498
8.6418
7.90177
12.96811
10.40648
11.31728
11.26035
12.79734
7.61714
8.98335
7.27559
6.19402
3.57545
3.74623
4.71395
2.72157
1.01382
0.27378
-1.9463
-2.174
-6.50032
-5.98799
-7.63882
-14.86833
-15.26681
-17.31612
-9.28966
-6.72802
-6.8988
-6.10184
-5.36182
-5.93106
11.65884
41.31689
38.69833
38.58448
38.98296
38.6414
38.01522
38.01522
38.6414
39.0968
39.21065
24.29623
20.99458
18.54678
15.07435
14.33432
14.10662
15.30205
13.13889
11.03266
12.56963
12.05731
12.11423
14.16354
12.62656
10.06493
9.43875
5.39706
5.62476
5.39706
3.57545
2.15232
-0.12469
-1.37704
-2.28785
-4.33716
-5.98799
-11.16819
-12.93287
-9.74506
-5.53259
-6.15877
28.7364
41.99998
41.99998
40.69071
38.86909
38.81217
38.92603
38.81217
38.4137
38.07214
37.84444
38.12907
35.90899
30.89957
15.81438
15.07435
14.22047
14.78973
8.98335
10.12185
11.71576
11.94346
12.22809
14.33432
15.70052
18.71757
11.82961
11.65884
8.12946
7.04789
5.45399
1.75385
-1.88937
-5.53259
-5.98799
-5.24797
-6.04492
-13.4452
-13.6729
-12.36362
-6.50032
-5.53259
-5.47566
-5.81721
-6.04492
34.94126
39.38143
38.92603
38.98296
38.52755
38.29985
38.01522
37.50289
36.42131
36.02283
24.97934
21.2792
17.29443
18.14831
15.35897
15.52975
11.77268
10.2357
15.24512
11.82961
10.80495
11.88654
12.28501
13.48045
14.84665
18.43294
15.92823
12.00038
9.49567
6.93404
5.85246
5.79554
5.73861
6.19402
4.42933
2.66464
1.18459
0.89996
-0.58009
-4.10946
-5.81721
-5.24797
-5.53259
-7.24035
-9.80199
-11.11127
-7.92345
-5.36182
-6.38647
12.39886
41.08919
39.32451
38.98296
38.98296
38.92603
38.58448
38.186
37.9583
37.50289
36.02283
31.6396
28.90719
24.06853
21.33613
17.63599
15.70052
16.55441
12.28501
8.86949
9.15412
12.45579
16.38363
11.43114
11.65884
11.88654
13.19582
15.81438
13.99277
15.01742
11.60191
10.74803
8.35717
6.25094
5.73861
2.49387
1.63998
0.84303
0.78611
-4.62179
-5.53259
-5.07719
-5.24797
-6.6711
-9.28966
-5.81721
-5.36182
-5.24797
15.35897
12.17116
41.54459
41.54459
39.5522
39.15372
38.98296
38.92603
38.35677
37.10442
37.78752
37.50289
35.11204
30.84264
31.35497
23.84084
19.00219
16.89596
18.37601
18.37601
15.24512
10.74803
14.56202
15.98515
15.6436
12.96811
11.88654
11.54498
11.48806
11.37421
10.17878
9.04028
6.93404
6.42171
6.42171
5.22628
3.51852
0.89996
0.67226
-3.31251
-5.70337
-5.30489
-5.19104
-5.07719
-5.47566
-5.24797
-5.24797
-5.24797
-6.10184
18.83141
12.85426
12.00038
12.11423
41.54459
38.81217
38.86909
38.98296
39.03988
38.98296
38.81217
38.47062
38.186
38.07214
37.78752
36.64902
36.53517
33.6889
29.41951
26.6871
23.95469
19.62837
19.00219
21.67768
17.86369
13.76507
10.17878
9.26797
14.04969
13.65121
12.74042
11.60191
11.08958
11.94346
14.33432
12.51271
8.18639
6.53556
6.25094
6.53556
6.47863
6.82018
6.02323
3.74623
2.66464
4.99858
-0.8078
-1.60475
-4.39409
-6.04492
-5.24797
-5.07719
-5.07719
-5.19104
-5.13411
-5.47566
-5.70337
14.90357
12.62656
19.17297
12.45579
38.12907
39.03988
38.98296
38.58448
37.33212
33.51813
32.37962
26.6871
23.84084
19.96992
21.39305
17.92062
16.15593
9.66645
10.80495
11.54498
11.03266
14.16354
12.17116
11.03266
9.7803
8.6418
7.27559
6.47863
6.53556
7.16174
6.25094
5.11243
2.89234
2.66464
-5.87414
-6.27261
-5.47566
-5.53259
-5.07719
-5.19104
-5.41874
-5.70337
14.84665
14.96049
14.90357
14.78973
14.56202
20.08377
27.19943
34.59971
34.42893
38.58448
38.75525
38.92603
38.98296
38.92603
38.47062
38.186
37.9583
37.27519
35.90899
35.22588
34.59971
31.24112
30.38724
22.53156
20.53917
20.70995
19.57144
21.67768
23.55621
14.56202
11.65884
11.48806
11.14651
7.90177
7.27559
6.76326
7.16174
8.86949
6.82018
5.2832
3.80315
5.96631
0.95689
1.24151
-3.82483
-4.28024
-6.21569
-6.21569
-5.24797
-5.13411
-6.10184
14.96049
14.96049
14.90357
25.26397
27.31328
22.81618
32.72118
34.77048
38.4137
38.98296
38.24293
38.01522
37.78752
33.11965
32.5504
31.69653
28.79333
24.80857
23.61314
21.56383
20.88072
20.31148
22.81618
24.52394
22.07616
22.87311
8.92642
11.31728
11.14651
10.97573
13.02504
11.77268
10.34956
8.92642
8.01562
6.70634
6.59249
7.90177
7.44637
6.53556
9.83723
0.89996
-4.16638
-6.84187
-5.19104
-5.87414
13.82199
14.44817
14.56202
14.84665
14.96049
14.7328
26.17477
30.38724
32.37962
33.85968
38.186
38.58448
38.75525
38.98296
38.98296
38.92603
37.7306
37.90137
37.90137
37.61674
35.22588
33.9166
31.07034
30.61494
26.17477
22.47463
21.5069
22.93003
23.38544
24.46702
20.76688
8.01562
11.94346
8.35717
6.99097
7.44637
9.3249
9.60953
7.95869
7.10481
6.70634
0.33071
-2.45863
-3.82483
-6.8988
-6.6711
-6.6711
-5.58952
-5.41874
-6.72802
11.88654
13.48045
14.39124
14.33432
14.96049
14.96049
14.96049
14.96049
14.90357
14.56202
14.04969
26.80095
28.85026
29.02103
30.27338
29.24874
31.18419
32.20885
37.10442
38.98296
38.98296
38.98296
38.86909
36.93365
36.07977
34.03046
33.9166
31.18419
30.89957
29.13488
26.51633
24.97934
24.23931
23.72698
22.24693
22.98695
22.58848
16.83904
12.45579
13.76507
13.25274
11.77268
10.17878
8.24332
12.17116
11.82961
8.86949
7.95869
10.57726
10.63419
0.50149
-1.43397
-1.03549
-3.02788
-2.11707
-5.24797
-6.15877
-7.69576
-7.01265
-7.1265
-5.87414
14.39124
14.7328
14.96049
14.96049
14.96049
14.78973
21.9623
31.46882
29.98876
32.49348
31.4119
35.05511
38.47062
38.86909
38.98296
38.98296
38.92603
38.69833
38.24293
33.29043
32.60732
32.43655
31.92422
31.46882
31.01342
30.95649
30.89957
24.06853
23.67006
19.96992
9.3249
13.36658
14.56202
9.60953
11.08958
11.03266
9.21104
13.19582
15.1882
10.12185
-2.23093
-0.97857
-1.03549
-2.85711
-3.54021
-2.85711
-4.67871
-6.38647
-7.18342
-6.78494
-7.46805
13.36658
14.56202
14.7328
14.96049
14.96049
14.2774
7.50329
24.69471
26.28862
27.99638
30.21646
30.10262
30.84264
32.03808
35.85207
38.12907
38.98296
38.98296
38.98296
38.98296
38.98296
37.55982
33.85968
31.46882
31.98114
31.18419
31.07034
30.95649
26.004
24.12547
21.0515
18.14831
14.22047
12.79734
10.008
-1.03549
-0.8078
-1.77552
-4.56487
-4.05254
-3.54021
-3.19866
-7.46805
-7.98037
11.14651
12.56963
13.76507
14.44817
14.96049
14.96049
14.96049
14.96049
14.2774
13.70814
13.19582
15.35897
28.05331
28.33793
30.27338
30.89957
30.72879
30.95649
37.33212
38.6414
38.98296
38.98296
38.98296
38.98296
38.98296
31.01342
31.81037
31.69653
31.29804
30.95649
30.95649
30.95649
30.78571
28.28101
25.60552
23.78391
21.33613
14.78973
13.59429
10.97573
14.2774
-1.60475
-1.43397
-1.4909
-2.11707
-2.4017
-4.05254
-4.96334
-8.20808
-8.09423
-3.93868
11.77268
12.91119
13.19582
14.84665
14.96049
14.96049
14.96049
14.7328
27.02865
28.85026
30.50109
30.55801
30.78571
30.89957
30.95649
30.95649
30.95649
24.29623
13.36658
-3.02788
-1.43397
-1.77552
-2.00323
-2.4017
-3.25558
-5.36182
-8.43578
-4.28024
12.39886
13.02504
13.70814
14.78973
14.7328
14.96049
14.96049
13.59429
12.91119
20.48225
26.6871
26.97173
30.50109
30.72879
30.72879
30.72879
31.07034
30.95649
30.95649
30.95649
26.004
25.49167
11.60191
23.44236
-2.51556
-1.66167
-2.34477
-2.85711
-2.174
-3.42635
-3.31251
-5.58952
-5.81721
-8.32192
-4.62179
-3.76791
-3.42635
12.68349
13.87892
13.02504
30.67187
30.67187
30.72879
30.78571
30.95649
30.95649
30.95649
30.95649
30.95649
16.32671
-2.85711
-1.88937
-1.88937
-2.11707
-2.6294
-2.174
-3.31251
-3.76791
-3.25558
-3.02788
-3.88176
-5.19104
-3.19866
12.00038
12.22809
12.62656
13.02504
14.04969
14.56202
13.02504
12.85426
12.79734
30.84264
30.72879
30.84264
30.78571
30.89957
30.95649
30.95649
30.95649
30.95649
30.95649
9.04028
-3.02788
-2.6294
-2.00323
-3.0848
-3.02788
-3.0848
-3.48328
12.17116
12.45579
12.74042
13.19582
12.85426
12.74042
12.62656
30.89957
30.84264
30.84264
30.78571
30.84264
30.84264
30.95649
-3.76791
-4.45101
-3.42635
-3.02788
-3.02788
-3.02788
-3.02788
-3.02788
-3.14172
11.71576
12.62656
12.62656
12.79734
12.91119
12.68349
12.51271
11.88654
30.95649
30.84264
30.89957
30.84264
30.95649
30.95649
30.95649
30.95649
7.44637
-4.39409
-5.58952
-4.10946
-3.14172
-3.02788
-3.0848
-3.02788
-3.19866
-3.59714
11.14651
11.82961
12.39886
12.45579
12.56963
12.28501
30.95649
30.89957
30.95649
30.95649
30.95649
-6.38647
-5.53259
-3.54021
-3.02788
-3.02788
-3.02788
-3.02788
11.20343
11.60191
11.03266
30.95649
30.95649
30.95649
30.95649
30.95649
30.95649
6.53556
6.13708
-5.24797
-8.60655
-5.30489
-3.19866
-3.14172
-3.02788
-3.36943
-3.99561
10.9188
10.86188
11.03266
11.31728
11.26035
10.80495
9.3249
9.26797
8.98335
30.95649
30.95649
30.95649
30.95649
30.95649
30.95649
30.95649
5.11243
-6.10184
-8.60655
-8.9481
-6.72802
-4.33716
-3.36943
10.80495
11.14651
11.03266
10.97573
9.0972
8.98335
8.98335
8.98335
8.98335
30.95649
30.95649
30.95649
30.95649
30.95649
30.95649
30.95649
30.95649
30.95649
30.95649
4.99858
-8.15115
-7.01265
-3.48328
-4.84949
10.80495
10.74803
10.80495
10.9188
11.08958
10.9188
10.80495
9.04028
8.98335
8.98335
8.98335
8.98335
30.95649
30.95649
30.95649
30.95649
30.95649
30.95649
30.95649
4.31548
3.40468
-9.06196
-5.47566
10.86188
10.74803
10.97573
10.97573
9.15412
9.0972
8.98335
8.98335
8.98335
8.98335
30.95649
30.95649
30.95649
30.95649
30.95649
30.95649
30.95649
30.95649
30.95649
30.95649
1.69691
2.49387
-9.06196
-9.1758
10.74803
10.80495
10.9188
10.9188
10.9188
10.86188
8.98335
8.98335
30.95649
30.95649
30.95649
30.95649
30.95649
1.07074
-0.86472
-4.39409
-6.95572
-4.62179
-5.70337
10.9188
8.98335
8.98335
8.98335
30.95649
30.95649
30.95649
30.95649
30.95649
30.95649
30.95649
30.95649
1.18459
-7.52497
-5.19104
-3.99561
10.86188
10.86188
8.98335
30.95649
30.95649
30.95649
30.95649
30.95649
1.12766
0.50149
-8.89118
-2.68633
-3.14172
-2.174
-1.9463
30.95649
30.95649
30.95649
30.95649
30.95649
-0.01084
-0.06776
1.35537
1.12766
1.07074
-1.43397
-0.18162
-1.32012
-1.09241
30.95649
-0.29546
0.04608
0.95689
1.18459
1.07074
0.84303
-0.12469
-0.46625
-0.35239
0.61533
1.07074
0.89996
0.10301
0.10301
0.61533
0.84303
0.67226
15.13128
16.44055
19.22989
19.74222
12.91119
17.29443
13.76507
13.36658
11.60191
15.41589
18.37601
12.62656
14.16354
9.83723
14.56202
15.07435
15.75745
12.91119
16.72518
13.65121
13.25274
16.44055
14.84665
13.19582
11.43114
21.62075
12.28501
15.87131
-1.32012
10.74803
9.95108
8.41409
7.27559
-3.54021
-6.21569
4.08778
-7.75268
1.18459
1.41229
1.24151
-1.03549
-0.92165
0.10301
1.01382
0.89996
1.52614
1.69691
1.01382
17.40828
19.91299
18.48986
15.41589
14.44817
15.24512
17.86369
16.95288
18.20523
13.70814
15.1882
17.57906
17.06673
14.39124
14.39124
16.72518
4.65703
-4.96334
8.69872
-5.58952
1.41229
0.44456
-3.82483
1.86769
-5.64645
-6.8988
1.35537
19.05911
19.51452
19.91299
16.49748
15.6436
15.24512
23.44236
21.22227
20.8238
17.57906
16.44055
15.52975
17.0098
19.11604
19.11604
13.93584
18.31909
19.28682
15.87131
15.35897
20.08377
17.0098
15.6436
13.76507
2.38002
8.35717
10.17878
-4.50793
-4.73563
1.86769
8.30025
-4.45101
1.63998
2.72157
2.5508
-3.42635
2.15232
-5.76029
-5.47566
1.29844
1.81077
1.69691
2.09539
1.12766
19.96992
19.6853
19.91299
19.45759
16.61133
16.21285
17.52214
19.79914
22.19
17.12366
20.48225
19.79914
18.66064
17.12366
18.48986
12.91119
19.34374
12.22809
-3.54021
2.03847
5.96631
12.79734
13.19582
-0.92165
3.23389
1.52614
1.69691
2.38002
20.53917
19.62837
17.12366
17.23751
20.59609
23.67006
23.78391
21.0515
18.48986
19.11604
18.14831
20.02685
16.72518
22.41771
18.54678
18.26216
18.09138
14.96049
9.7803
10.57726
14.22047
1.41229
4.88473
5.34013
1.69691
1.81077
2.26617
1.98154
1.86769
3.06313
20.19762
19.05911
18.20523
23.89776
25.03626
18.14831
21.16535
20.08377
19.91299
20.25454
20.48225
21.0515
24.18239
19.34374
18.88834
20.25454
18.31909
2.43694
13.25274
8.86949
7.16174
20.99458
20.88072
19.96992
19.74222
18.83141
25.54859
25.89014
21.84845
20.70995
20.42532
19.45759
19.22989
22.93003
20.8238
20.93764
14.33432
1.92461
1.98154
4.60011
10.86188
15.81438
10.9188
5.96631
3.74623
2.20924
1.98154
20.25454
19.96992
19.85606
19.28682
25.32089
23.67006
20.99458
20.65302
20.70995
17.35136
21.16535
21.33613
20.93764
13.59429
16.49748
14.44817
11.82961
6.70634
21.10843
20.31148
25.15012
25.37782
22.58848
21.16535
21.5069
20.93764
20.93764
18.77449
21.44997
23.89776
21.22227
21.7346
21.67768
20.3684
17.40828
5.85246
18.03446
12.22809
11.31728
14.90357
21.44997
20.3684
24.29623
22.6454
22.30386
20.70995
21.7346
21.33613
21.10843
17.86369
21.5069
21.7346
21.33613
14.7328
10.17878
19.11604
10.69111
17.86369
13.25274
22.13308
21.67768
20.88072
24.23931
22.87311
22.47463
22.41771
21.5069
22.01923
21.9623
21.7346
21.33613
19.96992
23.10081
21.44997
21.7346
21.9623
21.7346
20.48225
18.26216
19.79914
21.7346
24.29623
20.99458
23.21466
22.13308
21.90538
21.56383
21.62075
19.45759
19.57144
19.22989
22.13308
23.61314
21.90538
20.25454
22.81618
22.24693
22.13308
21.9623
21.56383
21.10843
20.53917
22.47463
20.31148
21.67768
21.44997
22.07616
11.54498
10.80495
9.3249
14.33432
10.17878
14.96049
14.61894
14.56202
14.5051
13.87892
14.2774
14.67587
13.48045
13.59429
13.36658
10.74803
8.98335
9.0972
8.98335
8.98335
14.39124
12.34193
13.25274
13.59429
8.92642
11.20343
13.02504
12.96811
11.82961
12.56963
11.54498
12.17116
11.60191
11.71576
10.74803
9.72337
9.60953
8.98335
10.52032
8.98335
9.26797
9.43875
13.87892
13.99277
14.2774
11.26035
10.57726
8.98335
9.38183
14.33432
13.53737
8.6418
9.89415
13.13889
12.11423
12.22809
11.03266
12.00038
11.37421
10.2357
8.98335
9.04028
9.89415
9.83723
12.11423
13.25274
12.79734
12.56963
9.26797
6.93404
9.21104
14.22047
9.5526
7.50329
10.86188
12.96811
13.02504
12.28501
11.94346
11.71576
11.77268
9.95108
11.71576
10.40648
8.98335
9.15412
9.21104
14.22047
9.72337
11.20343
11.88654
12.39886
2.83542
5.90939
9.95108
9.89415
14.04969
3.917
13.25274
10.97573
13.08197
12.45579
11.37421
10.63419
11.65884
10.57726
11.08958
10.57726
14.22047
9.60953
13.99277
8.6418
9.49567
13.65121
7.50329
12.96811
13.02504
11.88654
11.88654
10.97573
9.66645
12.17116
10.9188
11.94346
10.97573
14.67587
11.26035
9.83723
14.22047
10.97573
13.02504
11.82961
12.85426
11.82961
11.43114
11.20343
10.9188
12.11423
10.74803
10.63419
14.61894
18.14831
9.95108
14.61894
10.9188
13.30966
13.19582
11.48806
12.91119
12.68349
12.62656
13.13889
11.77268
11.82961
13.08197
16.55441
9.60953
15.6436
9.38183
13.08197
13.42352
11.77268
13.48045
11.71576
11.43114
11.65884
14.39124
12.85426
15.92823
11.20343
13.70814
13.02504
10.9188
14.5051
13.36658
13.02504
13.13889
10.06493
15.87131
9.83723
13.53737
13.30966
13.02504
12.39886
13.30966
17.92062
14.96049
13.13889
13.76507
13.30966
11.26035
18.14831
14.67587
13.36658
18.88834
14.10662
18.60371
13.99277
17.52214
14.39124
18.71757
15.41589
16.099
14.84665
14.22047
15.52975
16.61133
19.6853
-6.4434
1.18459
1.98154
2.89234
5.34013
6.82018
17.40828
13.59429
-4.56487
-1.09241
3.40468
3.68929
-3.42635
0.10301
1.63998
1.81077
2.60772
2.94927
3.86008
1.41229
1.24151
1.12766
8.6418
17.29443
6.08015
8.86949
1.86769
15.52975
9.72337
6.59249
-0.23854
4.65703
3.80315
2.09539
2.38002
-0.23854
-20.87395
-19.70698
-18.02768
-15.66529
-13.16057
-11.05434
-10.08661
-9.80199
-9.85891
-3.02788
-7.63882
-3.02788
-7.46805
-3.02788
-4.28024
0.27378
-0.8078
-20.53239
-20.39008
-11.22512
-10.08661
-10.20046
-8.20808
-6.61417
-4.90642
-15.09603
-11.8513
-10.71278
-10.54202
-10.42817
-10.94049
-9.74506
-3.02788
-8.03731
-3.02788
-12.47747
-11.28204
-10.82664
-10.59894
-11.68052
-9.40351
-5.93106
-10.94049
-11.11127
-9.46043
-22.55324
-20.67471
-20.24777
-20.33315
-16.17761
-9.46043
-8.66348
-10.94049
-10.65586
-9.34658
-20.33315
-19.84929
-18.73925
-12.70517
-10.37123
-9.51736
-11.33897
-23.37865
-22.1263
-15.55143
-9.63121
-10.42817
-9.91583
-20.58932
-22.75248
-22.354
-11.11127
-10.88356
-10.02968
-14.41293
-22.66709
-22.61016
-19.42235
-10.08661
-14.69756
-20.41854
-19.79236
-18.59693
-16.17761
-16.91764
-17.62921
-7.52497
-9.34658
-11.73744
-12.59132
-16.9461
-7.06957
-7.1265
-7.01265
-7.58189
-8.66348
8.18639
9.38183
8.01562
9.89415
9.89415
10.69111
6.08015
1.81077
1.41229
0.50149
9.21104
9.83723
1.69691
1.24151
3.57545
10.29263
10.29263
11.77268
8.24332
8.24332
7.73099
10.12185
9.0972
10.008
10.008
10.12185
12.11423
9.3249
10.86188
10.86188
11.43114
10.86188
16.26978
6.13708
14.33432
13.82199
11.77268
13.13889
3.57545
3.06313
16.21285
19.57144
18.60371
18.03446
7.73099
23.95469
14.67587
29.53336
8.41409
6.99097
19.11604
23.32851
24.58086
18.09138
-7.01265
-8.15115
-6.95572
-7.18342
-6.6711
-6.50032
-7.01265
-6.4434
-6.55724
-5.13411
-5.87414
-6.10184
-6.15877
-5.81721
-4.22331
-5.07719
-6.04492
-5.76029
-4.39409
-4.73563
-5.64645
-6.4434
-6.61417
-4.67871
-5.81721
-4.10946
-2.174
-3.14172
-4.16638
-7.18342
-9.91583
-13.38828
-10.02968
-10.82664
-11.56667
-14.75448
0.55841
1.98154
1.07074
2.5508
-8.15115
-6.84187
-6.38647
-7.06957
-3.59714
-5.07719
-6.50032
-8.20808
-9.63121
-10.14354
-10.71278
1.98154
2.5508
1.52614
-7.58189
-6.4434
-0.23854
-4.28024
-8.83426
-10.02968
-10.48509
1.98154
-1.88937
0.89996
1.18459
-8.77733
-8.03731
-6.78494
-7.29727
-0.18162
-4.05254
-10.02968
-10.02968
-3.93868
-1.60475
-8.03731
-7.01265
-7.06957
-0.63702
-4.22331
-4.96334
-8.15115
-9.85891
-10.20046
-10.37123
-10.02968
-8.37885
-3.14172
-7.06957
-8.03731
-7.06957
-1.7186
-6.72802
-5.81721
-10.02968
-9.74506
-8.60655
-3.99561
-7.75268
-9.06196
-0.8078
-9.34658
-9.91583
-9.23273
-10.20046
-10.76972
-4.56487
-6.55724
-7.69576
-9.1758
-3.25558
-3.88176
-6.95572
-8.43578
-7.92345
-10.14354
-10.71278
-11.11127
-7.01265
-3.42635
-11.22512
-11.39589
-10.08661
-6.61417
-8.15115
-11.8513
-5.36182
-8.9481
-9.91583
-8.60655
-10.82664
-9.1758
-2.91403
-3.48328
-6.78494
-5.81721
-7.63882
-4.73563
-7.69576
-2.45863
-2.23093
-7.98037
-7.92345
-7.29727
-7.52497
-6.8988
-7.69576
-7.98037
-6.78494
-5.07719
-6.15877
-7.98037
-7.06957
-8.03731
-7.92345
-7.86652
-7.75268
11.26035
13.42352
12.74042
12.79734
20.25454
20.65302
13.82199
14.16354
15.52975
12.74042
14.96049
13.36658
14.2774
15.47283
14.44817
-6.55724
12.45579
27.65483
24.92242
25.89014
22.93003
22.75926
37.67367
30.67187
33.97353
37.10442
31.46882
26.11784
10.57726
12.11423
12.45579
12.22809
21.56383
24.92242
29.30566
36.36439
36.87672
14.84665
14.5051
16.72518
19.62837
32.43655
29.02103
36.36439
12.45579
13.59429
13.87892
15.1882
16.32671
17.57906
32.89195
14.61894
12.96811
13.65121
14.22047
23.15774
23.67006
19.34374
13.25274
14.33432
14.16354
14.22047
15.81438
14.16354
15.35897
12.05731
14.7328
14.10662
17.69291
18.60371
16.89596
13.48045
13.25274
15.01742
14.22047
16.15593
13.93584
15.87131
15.92823
14.2774
14.7328
14.90357
15.30205
15.92823
12.17116
14.04969
15.1882
14.39124
14.2774
16.95288
14.7328
-32.97056
-30.60816
-25.96875
-24.97256
-24.40331
-23.83406
-24.57409
-25.22873
-32.62901
-27.7619
-26.62339
-25.3995
-25.42796
-25.05795
-25.05795
-25.20026
-25.82644
-26.0826
-19.28004
-22.66709
-20.84548
-29.32734
-19.67852
-19.87775
-20.02007
-31.09203
-28.16038
-25.48489
-28.07499
-25.31411
-25.88337
-27.90421
-26.76571
-24.46023
-28.07499
-27.13572
-28.58731
-25.96875
-26.99341
-20.53239
-26.62339
-21.18703
-29.81121
-28.27423
-26.99341
-25.51336
-29.72582
-25.25719
-27.02187
-28.81502
-28.10345
-22.06938
-21.8986
-21.41473
-29.83967
-29.09964
-28.9004
-23.35019
-27.33496
-29.15657
-27.61959
-28.87194
-26.42416
-28.41654
-27.3065
-27.9896
-28.92887
-29.24195
-28.50193
-26.65186
-28.38808
-24.77332
-28.445
-29.04272
-28.95733
-28.95733
-27.96114
-25.48489
-28.04652
-26.31031
-25.37104
-25.82644
-27.64805
-21.92706
-26.42416
-23.94791
-26.11107
-25.99722
-27.05033
-27.9896
-22.24015
-22.89479
-24.03329
-23.15096
-27.7619
-21.32935
-25.91183
-22.55324
-20.44701
-24.85871
-22.92326
-23.8056
-23.46404
-22.89479
-8.60655
-21.75629
-9.11888
-23.0371
-22.78094
-21.47166
-19.36543
-19.70698
-19.05234
-19.7639
-20.02007
-20.02007
-19.9916
-20.02007
-20.02007
-20.47547
-22.09784
-20.98779
-19.13773
-19.90622
-18.51155
-20.02007
-20.02007
-20.19084
-21.98399
-21.81321
-19.67852
-18.54001
-20.10545
-20.47547
-21.98399
-21.10165
-18.39769
-18.91002
-18.11307
-21.8986
-18.6254
-17.65767
-27.84729
-25.82644
-27.90421
-22.18322
-20.39008
-20.30469
-18.31231
-20.64624
-21.18703
-17.45843
-27.67651
-27.90421
-20.04853
-21.07318
-21.15857
-21.69936
-27.36342
-23.63482
-21.95552
-20.27623
-21.24396
-19.19465
-27.93268
-27.5342
-21.78475
-20.93087
-21.8986
-19.25158
-27.33496
-20.58932
-21.87014
-20.61778
-19.90622
-44.07098
-38.97617
-43.75789
-43.55865
-32.23053
-43.10326
-29.72582
-43.01786
-43.01786
-26.59493
-45.72181
-43.67251
-44.41253
-47.23033
-43.01786
-27.24957
-44.8964
-36.38607
-42.47707
-46.88878
-43.04633
-36.38607
-46.64685
-47.81382
-47.54342
-43.2171
-43.58712
-42.93248
-46.73224
-43.24557
-47.31572
-27.96114
-23.23634
-24.63101
-22.66709
-27.0788
-25.71259
-45.09563
-44.49792
-32.31592
-44.49792
-44.92486
-42.19245
-44.81101
-43.10326
-24.26099
-22.18322
-25.71259
-27.13572
-26.62339
-27.22111
-26.22492
-44.44099
-27.05033
-39.4885
-43.9856
-42.64785
-40.94009
-26.59493
-25.05795
-29.15657
-43.90021
-26.16799
-28.33115
-36.75609
-42.39169
-39.2608
-27.96114
-25.76952
-28.95733
-29.81121
-42.24937
-39.00463
-40.68393
-8.54963
-8.37885
-11.28204
-12.59132
-16.06376
-14.24216
-12.9898
-13.33135
-21.75629
-9.00503
-9.06196
-9.06196
-17.31612
-9.11888
-9.23273
-9.80199
-9.91583
-10.65586
-11.79436
-9.00503
-9.46043
-10.25739
-10.99741
-9.68813
-10.31431
-10.82664
-11.79436
-10.82664
-16.46224
-13.2175
-9.40351
-10.48509
-12.87595
-10.99741
-20.07699
-16.12069
-11.28204
-14.52678
-11.28204
-12.70517
-20.84548
-10.94049
-11.96515
-12.59132
-15.60836
-16.12069
-16.80379
-13.84367
-17.60074
-11.22512
-22.8094
-24.46023
-22.61016
-17.1738
-18.19846
-18.16999
-19.45081
-13.61598
-24.26099
-20.30469
-21.01625
-18.48309
-21.95552
-20.53239
-28.47346
-33.02748
-37.38226
-22.86633
-24.14715
-20.24777
-22.06938
-37.46766
-29.81121
-34.90602
-34.90602
-26.02568
-22.46785
-27.22111
-23.29327
-25.00103
-23.06557
-24.88717
-24.23253
-37.41073
-33.34057
-28.87194
-36.35761
-25.65566
-29.46965
-36.12991
-29.98198
-19.87775
-24.09022
-25.34258
-26.70878
-25.45642
-31.29126
-28.35962
-26.11107
-29.09964
-4.16638
-4.10946
-3.71098
-4.33716
-5.02026
-3.88176
-4.67871
-4.96334
-4.22331
-5.13411
-5.81721
-4.16638
-2.91403
-2.11707
-8.15115
-8.43578
-8.66348
-9.74506
-12.93287
-4.96334
-7.01265
-5.64645
-6.50032
-8.60655
-8.60655
-8.09423
-15.43758
-19.42235
-6.27261
-1.60475
-0.58009
-8.20808
-8.83426
-8.66348
-7.98037
-7.69576
-7.92345
-8.72041
-13.6729
-19.13773
-5.64645
-3.14172
-8.66348
-0.40932
-9.06196
-18.39769
-17.99922
-8.54963
-9.51736
-12.59132
-18.73925
-1.20628
-0.86472
-7.46805
-8.43578
-10.25739
-8.83426
-7.69576
-7.3542
-7.3542
-7.1265
-16.06376
-3.99561
-12.07899
-0.52317
-1.9463
-3.25558
-6.95572
-5.58952
-9.85891
-9.51736
-5.36182
-18.42616
-3.02788
-3.65406
-2.80018
-7.75268
-13.38828
-7.41113
-5.70337
-8.66348
-13.9006
-7.18342
-14.86833
-24.20407
-5.07719
-8.265
-22.63863
-19.25158
-18.59693
-5.36182
-7.63882
-6.6711
-4.90642
-5.76029
-8.54963
-23.20788
-14.24216
-17.79998
-3.93868
-1.32012
-21.95552
-17.23073
-18.82463
-19.33696
-6.8988
-4.10946
-18.93848
-9.11888
-15.43758
-17.77152
-7.29727
-6.78494
-6.4434
-4.28024
-5.19104
-10.59894
-11.11127
-8.66348
-8.15115
-7.58189
-7.58189
-4.73563
-4.67871
-21.13011
-8.20808
-6.38647
-24.74486
-18.25538
-10.88356
-10.31431
-6.72802
-13.04672
-10.20046
-9.06196
-14.81141
-14.92526
-33.82444
-31.4905
-25.8549
-29.81121
-32.31592
-21.75629
-20.39008
-24.91564
-5.76029
-18.68232
-24.03329
-32.62901
-29.46965
-23.72021
-23.8056
-40.08622
-30.89279
-22.75248
-26.73725
-43.78635
-40.82624
-32.05975
-24.40331
-25.51336
-25.94029
-24.37485
-25.96875
-29.18503
-32.57208
-26.05414
-32.60055
-26.96495
-26.79417
-29.12811
-43.07479
-45.69335
-47.68574
-43.55865
-43.84328
-44.32715
-44.64024
-50.0766
-43.01786
-43.13171
-46.533
-40.28545
-37.95152
-47.92767
-43.30249
-48.69616
-45.03871
-43.04633
-43.58712
-43.01786
-48.14114
-38.91925
-45.18102
-43.01786
-43.2171
-43.44481
-44.15637
-43.2171
-43.10326
-45.49411
-44.83947
-45.76451
-43.87174
-44.55485
-43.04633
-43.10326
-42.36322
-39.68774
-43.41634
-40.71239
-42.9894
-43.27403
-43.01786
-41.50935
-42.56246
-42.13552
-42.22091
-42.0786
-18.39769
-26.68032
-33.56827
-32.88517
-27.73344
-39.77312
-39.37465
-41.99321
-32.23053
-30.32353
-39.97236
-33.96675
-41.22472
-41.42396
-48.12691
-30.60816
-34.3083
-42.90401
-42.61939
-38.86232
-40.85471
-18.6254
-17.25919
-16.46224
-25.8549
-31.66128
-19.25158
-33.82444
-30.94971
-19.87775
-25.37104
-19.70698
-19.79236
-40.76932
-33.59674
-39.31773
-23.12249
-21.04472
-39.00463
-28.81502
-35.87375
-31.54743
-33.56827
-31.43358
-24.83025
-27.67651
-26.85109
-26.53801
-26.28184
-26.28184
-26.59493
-26.11107
-26.36723
-22.78094
-22.1263
-24.7164
-15.38066
-12.02207
-9.68813
-12.9898
-20.39008
-13.27443
-22.55324
-22.01245
-25.82644
-30.69355
-25.34258
-27.16418
-27.19265
-26.96495
-26.96495
-26.90802
-26.62339
-26.31031
-25.20026
-25.42796
-21.18703
-12.81902
-17.65767
-20.58932
-18.8531
-22.75248
-22.29708
-22.1263
-24.88717
-28.47346
-32.88517
-25.76952
-28.92887
-27.9896
-27.67651
-27.13572
-26.90802
-27.24957
-26.45262
-26.65186
-26.53801
-16.23454
-21.47166
-16.54763
-24.23253
-28.10345
-26.45262
-32.34438
-30.97818
-30.49431
-29.41273
-26.31031
-25.79798
-27.84729
-27.50573
-27.87575
-26.25338
-26.65186
-26.85109
-25.42796
-18.59693
-18.96695
-22.26862
-19.25158
-23.57789
-27.22111
-29.07118
-32.259
-29.95352
-26.36723
-29.24195
-27.84729
-27.70497
-26.93649
-27.81882
-28.55885
-27.79036
-26.70878
-25.96875
-18.6254
-18.16999
-23.20788
-25.42796
-29.75428
-31.4905
-30.8074
-29.92506
-28.58731
-28.75809
-28.30269
-28.38808
-29.24195
-28.445
-26.79417
-26.56647
-18.51155
-20.87395
-21.41473
-19.0808
-25.68413
-27.5342
-32.259
-31.43358
-30.46585
-26.99341
-26.62339
-29.78275
-29.32734
-28.58731
-27.90421
-27.59113
-28.81502
-29.04272
-30.20969
-29.01426
-26.87955
-18.68232
-25.51336
-24.23253
-31.83205
-31.00664
-30.20969
-29.61197
-29.09964
-28.6727
-28.01806
-29.72582
-30.49431
-26.82263
-25.65566
-21.58551
-21.87014
-25.45642
-28.24576
-30.20969
-32.68593
-30.69355
-27.39188
-29.8966
-29.46965
-28.98579
-28.78656
-30.03891
-30.40892
-30.66508
-29.46965
-26.68032
-26.16799
-24.14715
-29.24195
-31.51896
-27.81882
-30.83586
-29.92506
-29.32734
-30.66508
-30.83586
-27.36342
-24.65947
-22.29708
-23.29327
-24.06176
-29.92506
-31.0351
-27.73344
-31.06356
-29.92506
-30.52277
-29.69736
-29.78275
-30.83586
-30.86433
-30.94971
-26.53801
-25.88337
-22.38246
-25.3995
-23.00864
-28.38808
-31.0351
-31.14895
-30.86433
-30.06737
-29.24195
-28.58731
-30.94971
-27.64805
-25.34258
-23.49251
-24.37485
-25.59874
-24.34639
-32.20207
-34.0806
-31.37666
-31.40512
-30.89279
-29.52658
-31.00664
-31.00664
-30.97818
-26.93649
-26.79417
-28.07499
-31.31973
-33.14133
-31.7182
-31.0351
-30.77894
-30.60816
-30.43739
-30.20969
-31.00664
-28.01806
-25.76952
-25.94029
-27.3065
-28.24576
-31.9459
-32.62901
-31.06356
-30.92125
-29.52658
-31.00664
-30.97818
-29.12811
-27.05033
-29.72582
-31.09203
-31.34819
-30.83586
-30.77894
-30.72201
-29.75428
-31.0351
-28.6727
-27.36342
-28.78656
-31.29126
-30.97818
-30.72201
-29.86813
-30.09583
-31.20588
-30.92125
-30.89279
-29.61197
-30.83586
-31.06356
-31.06356
-30.97818
-30.75047
-30.20969
-31.00664
-31.00664
-31.00664
-31.00664
-30.97818
-30.97818
-31.00664
-31.00664
-31.00664
-31.00664
-31.00664
-31.00664
-31.00664
-31.00664
-46.80339
-42.61939
-42.05013
-41.3955
-39.74466
-38.54923
-35.13372
-36.443
-38.63462
-34.56446
-35.10526
-34.70678
-35.16218
-42.22091
-42.16399
-36.6707
-38.89079
-34.87756
-36.10145
-36.32915
-40.82624
-41.08241
-38.94771
-37.29688
-37.92305
-37.23996
-35.84528
-33.90982
-35.84528
-38.26461
-39.31773
-36.78455
-40.82624
-35.98759
-36.35761
-36.47146
-36.86994
-37.66689
-43.07479
-38.60616
-42.61939
-38.86232
-37.46766
-37.86613
-43.84328
-37.21149
-37.55304
-51.28625
-49.86312
-48.42577
-47.57188
-45.55104
-40.45623
-36.18683
-33.68213
-34.36523
-31.86052
-43.55865
-38.57769
-34.33677
-54.44561
-52.58131
-49.22272
-47.79959
-38.86232
-38.32153
-55.78335
-52.78054
-51.01586
-46.12029
-43.30249
-42.81863
-37.41073
-55.61258
-54.61639
-50.2616
-48.68193
-47.42957
-44.29868
-42.47707
-41.68012
-53.0794
-51.05856
-49.69235
-49.29387
-46.68954
-45.40873
-42.3063
-53.20748
-50.06236
-48.98078
-48.3973
-45.32334
-46.10606
-52.439
-50.09083
-49.66389
-49.37926
-47.99883
-47.81382
-56.42376
-55.17141
-51.8982
-50.56046
-49.23695
-48.09844
-53.26441
-55.96836
-56.19606
-53.10786
-51.61358
-49.94851
-49.66389
-48.71039
-54.716
-55.91143
-55.4418
-54.77293
-50.717
-48.82424
-52.1686
-52.63823
-55.59834
-55.88297
-53.20748
-51.41434
-49.22272
-54.07559
-51.72743
-50.88778
-52.56708
-51.35741
-51.9409
-51.54242
-52.08321
-51.14394
-51.69897
-34.13753
-33.51135
-32.31592
-34.05214
-35.64605
-35.5322
-34.19445
-34.33677
-34.45061
-36.10145
-37.1261
-55.15717
-53.7625
-44.86794
-55.88297
-57.81843
-50.09083
-48.65347
-48.22652
-50.47507
-50.61739
-33.3975
-35.70297
-35.93067
-36.01606
-35.93067
-53.87636
-49.50734
-36.61377
-35.98759
-34.39369
-39.54543
-48.8954
-37.69535
-36.10145
-37.69535
-40.94009
-47.13071
-38.72001
-36.92686
-37.15456
-42.13552
-45.03871
-41.11087
-39.88698
-46.33376
-40.28545
-43.64404
-42.84709
-43.9856
-50.10506
-48.96655
-45.82143
-44.55485
-47.88497
-46.0349
-40.42776
-44.21329
-38.97617
-37.29688
-38.29307
-52.60977
-51.05856
-36.41454
-56.43799
-50.44661
-50.00544
-44.8964
-37.46766
-49.15156
-44.75409
-46.21991
-45.01025
-44.55485
-40.02929
-44.32715
-45.03871
-42.13552
-51.51396
-40.20007
-35.33295
-49.59273
-49.03771
-45.03871
-46.95994
-45.47988
-39.88698
-47.47227
-39.80159
-50.70277
-50.0339
-49.86312
-49.45042
-47.4438
-45.94952
-49.52158
-46.70377
-47.58612
-45.50835
-42.7617
-47.04533
-46.86032
-48.22652
-47.99883
-48.25499
-48.81001
-40.37084
-47.18764
-50.47507
-49.55004
-47.65727
-49.39349
-49.62119
-47.11649
-48.18383
-44.32715
-46.41915
-47.14494
-42.70477
-50.10506
-49.19425
-49.32233
-46.39069
-46.95994
-44.04252
-47.6715
-48.31191
-46.93147
-46.80339
-50.63161
-49.93428
-47.69997
-49.97697
-47.91344
-47.92767
-46.14875
-51.00163
-47.64304
-50.58892
-48.22652
-50.66008
-49.42196
-49.37926
-48.26922
-43.27403
-42.36322
-42.02168
-41.79397
-41.19625
-40.627
-40.51316
-40.28545
-45.26641
-45.52258
-42.67632
-43.70097
-36.92686
-40.28545
-36.01606
-35.98759
-34.73524
-33.1698
-30.20969
-30.09583
-48.11267
-45.55104
-43.75789
-40.48469
-41.11087
-41.99321
-43.72943
-43.92867
-42.05013
-36.30069
-32.71439
-32.77132
-48.56808
-45.29488
-42.33476
-42.3063
-41.45242
-39.2608
-40.79778
-35.90221
-35.41835
-35.19064
-43.44481
-40.99702
-40.1716
-40.31392
-42.61939
-43.75789
-43.38788
-36.18683
-41.13933
-35.93067
-35.67451
-32.71439
-43.35942
-43.90021
-43.58712
-42.73324
-38.86232
-36.47146
-35.33295
-34.7637
-43.2171
-36.58531
-51.65627
-53.40672
-49.72081
-47.65727
-40.02929
-48.79578
-37.72382
-46.4903
-43.18864
-44.86794
-42.9894
-41.93629
-40.00083
-37.09764
-36.52839
-36.12991
-45.18102
-40.88317
-41.56627
-35.58912
-39.17541
-41.82243
-36.92686
-50.47507
-48.82424
-48.625
-48.02729
-44.44099
-40.02929
-41.13933
-36.69916
-41.31011
-51.10125
-50.78816
-47.24456
-47.0311
-40.08622
-39.37465
-46.9884
-46.37646
-44.6687
-43.30249
-40.14314
-39.2608
-37.21149
-46.10606
-45.90682
-38.77693
-40.51316
-37.38226
-39.00463
-45.06718
-40.11468
-42.73324
-40.96856
-40.627
-39.68774
-39.23233
-40.88317
-50.51777
-40.51316
-40.68393
-41.25318
-46.37646
-46.533
-45.55104
-45.18102
-41.48088
-39.06156
-40.99702
-45.47988
-41.25318
-40.31392
-45.46565
-41.19625
-41.19625
-40.82624
-41.90783
-42.02168
-41.70858
-47.23033
-46.533
-42.9894
-41.96475
-42.27784
-41.19625
-40.05775
-41.08241
-42.90401
-42.19245
-43.35942
-41.87936
-51.69897
-53.09364
-52.92286
-51.62781
-54.01867
-57.67612
-55.9399
-56.60877
-56.33837
-56.25298
-54.73023
-55.82605
-56.56607
-58.04613
-59.46926
-58.85732
-51.54242
-53.74828
-51.4855
-50.91624
-48.82424
-48.2123
-48.58231
-49.26541
-50.70277
-50.14775
-49.96275
-49.45042
-49.16579
-48.3973
-48.52538
-52.58131
-47.98459
-53.26441
-53.44942
-52.99401
-52.22552
-50.0766
-45.45142
-44.81101
-50.33276
-43.44481
-42.13552
-43.2171
-47.47227
-49.96275
-44.01406
-43.84328
-42.13552
-52.60977
-51.92667
-56.93609
-56.87916
-57.70458
-59.22733
-54.70177
-56.77954
-52.31091
-49.3508
-48.8527
-49.83466
-49.20849
-49.73505
-49.32233
-51.51396
-52.41053
-54.04713
-47.38688
-45.70758
-42.87555
-51.52819
-42.47707
-53.17902
-55.31372
-54.97217
-50.29006
-58.64384
-56.42376
-57.41995
-57.74727
-59.64004
-52.90863
-60.56507
-59.83928
-54.78716
-50.74547
-50.33276
-50.06236
-50.14775
-49.94851
-53.32133
-53.50634
-52.59554
-53.56327
-55.54142
-55.35641
-55.52719
-51.00163
-42.7617
-53.83366
-52.06898
-42.50554
-43.30249
-43.38788
-42.67632
-55.41334
-53.43518
-54.23214
-51.69897
-60.82124
-57.34879
-57.54803
-59.56888
-57.90382
-55.85451
-54.54523
-60.8497
-60.42987
-60.21641
-52.8517
-56.46645
-53.36403
-52.18283
-49.94851
-51.35741
-52.22552
-54.20367
-55.08602
-51.05856
-55.02909
-54.47407
-56.02528
-53.44942
-49.0804
-50.91624
-45.1241
-54.43137
-54.78716
-57.91805
-57.13533
-60.73585
-60.9849
-56.99301
-59.05655
-61.34779
-60.23064
-57.51957
-56.65146
-50.50353
-54.36022
-54.92947
-55.17141
-55.15717
-54.81562
-54.13252
-42.24937
-42.36322
-43.10326
-55.35641
-60.07409
-53.50634
-59.81081
-61.53992
-58.33076
-59.04232
-60.57219
-61.07029
-61.32645
-57.14956
-56.3953
-54.40292
-55.74066
-57.37726
-54.50253
-56.86493
-56.55184
-55.19987
-43.10326
-42.05013
-55.8972
-43.13171
-44.64024
-58.14575
-54.9864
-58.38768
-61.58973
-58.24537
-57.46265
-60.60065
-60.40853
-58.18844
-58.31652
-57.41995
-57.5765
-54.31753
-57.02148
-57.84689
-56.50915
-58.28806
-55.59834
-54.84409
-42.90401
-42.7617
-58.07459
-61.42607
-58.65807
-60.32314
-61.04182
-56.58031
-58.10305
-55.84028
-58.00344
-58.13152
-57.13533
-58.54423
-56.48069
-56.36684
-54.06136
-45.92105
-44.69716
-43.53019
-59.65427
-61.72493
-58.99963
-61.14144
-61.51146
-59.59734
-58.33076
-59.14194
-58.60115
-57.84689
-58.7577
-60.30891
-47.20187
-45.56527
-57.64765
-61.63954
-61.70358
-61.73204
-61.73204
-60.99201
-60.85682
-58.99963
-59.15617
-57.64765
-58.9427
-59.08501
-59.9389
-58.85732
-60.9422
-51.69897
-50.11929
-48.66769
-56.97878
-61.01336
-59.4408
-61.46165
-60.23775
-59.6258
-59.34118
-61.69646
-61.00624
-60.97066
-59.11348
-59.24156
-61.90282
-60.1239
-54.77293
-47.68574
-48.78155
-53.22171
-55.7122
-60.84258
-61.41895
-61.40472
-60.76431
-59.58311
-61.37626
-59.95313
-57.70458
-61.86724
-58.61538
-51.74166
-53.63442
-51.24356
-61.13432
-61.3051
-60.8497
-60.19506
-61.668
-57.32034
-60.1666
-59.98159
-57.02148
-56.13913
-54.531
-60.36583
-61.68935
-61.23394
-58.17421
-61.45453
-61.32645
-59.8962
-61.46876
-61.41895
-61.25529
-60.25198
-61.32645
-61.43318
-61.4403
-23.66328
-24.06176
-26.48108
-23.91945
-20.78856
-25.6272
-23.46404
-26.79417
-41.99321
-29.8966
-28.87194
-27.0788
-26.31031
-25.82644
-8.03731
-26.16799
-25.54182
-26.02568
-26.02568
-24.40331
-24.20407
-25.25719
-25.94029
-4.73563
-25.99722
-4.45101
-4.62179
-15.83606
-18.39769
-4.16638
-10.54202
-6.32954
-22.04091
-23.23634
-24.23253
-26.02568
-3.02788
-4.45101
-23.97637
-6.50032
-6.84187
-24.68793
-26.02568
-7.01265
-25.94029
-8.89118
-21.30088
-24.83025
-10.42817
-20.84548
-13.6729
-20.13391
13.76507
10.008
-14.92526
-9.74506
7.78792
9.15412
11.31728
-7.52497
13.70814
8.24332
7.78792
15.47283
-6.6711
-7.01265
14.90357
13.76507
8.41409
7.90177
14.7328
-6.84187
8.86949
24.23931
6.42171
12.79734
5.51091
-7.24035
5.73861
-6.55724
-7.18342
-7.86652
-8.03731
14.10662
-7.18342
12.05731
-6.61417
-5.76029
-6.04492
-3.99561
-3.25558
-4.05254
-4.22331
8.18639
-8.03731
-8.54963
5.2832
-9.63121
-6.27261
-10.08661
-9.91583
-9.46043
-5.36182
-10.59894
-3.88176
-0.8078
-1.2632
10.17878
0.04608
-0.40932
-8.32192
9.38183
9.49567
9.72337
5.85246
1.24151
5.45399
3.51852
5.45399
5.56783
2.66464
7.33251
13.08197
18.14831
11.94346
6.64941
11.60191
14.10662
12.68349
10.97573
12.91119
20.3684
40.97533
9.7803
21.2792
21.84845
20.3684
10.008
-3.02788
6.02323
9.72337
13.36658
12.00038
26.51633
26.2317
2.94927
-0.86472
1.07074
-0.06776
-0.18162
-4.22331
-5.41874
0.33071
-1.54782
-4.10946
-5.30489
-2.174
-6.38647
-8.9481
-4.79256
-7.86652
-8.43578
17.23751
23.89776
15.75745
17.0098
17.23751
-7.98037
10.52032
9.7803
12.17116
16.72518
12.56963
16.38363
12.79734
12.56963
11.31728
15.98515
8.12946
15.92823
17.06673
14.39124
11.26035
-24.31792
-28.18884
-29.55505
-28.58731
-25.11488
-24.80178
-23.69175
-24.03329
-23.86252
-22.61016
-21.04472
-10.71278
-16.43378
-9.34658
-18.88156
-27.3065
-22.09784
-16.60455
-7.86652
-1.88937
-7.46805
-1.37704
-1.14935
-1.77552
-6.8988
-5.87414
-4.62179
-31.0351
-32.65747
-26.50954
-28.04652
-26.70878
-30.06737
-29.41273
-28.9004
-39.00463
-31.66128
-31.23434
-33.56827
-34.87756
-38.52077
-40.08622
-41.11087
-41.48088
-41.33857
-41.79397
-52.83747
-54.55946
-45.15256
-53.20748
-52.439
-44.01406
-47.34418
-25.79798
-26.05414
-26.87955
-41.65166
-38.32153
-26.25338
-26.31031
-26.0826
-25.71259
-25.88337
-25.99722
-4.05254
-4.79256
-8.15115
-8.60655
-21.69936
-24.65947
-3.02788
-5.53259
-4.05254
-6.95572
-24.7164
-20.64624
-21.87014
10.63419
-12.7621
-12.59132
9.5526
7.73099
-7.01265
8.81257
16.61133
7.16174
8.81257
8.92642
8.92642
7.33251
-7.1265
12.74042
14.5051
-7.52497
-7.01265
3.80315
14.33432
-8.43578
11.71576
-8.43578
-5.70337
-3.76791
-3.31251
-4.56487
8.6418
-9.91583
7.38944
-8.66348
1.81077
-9.68813
-9.80199
-3.31251
-10.48509
0.50149
-9.63121
8.81257
11.54498
6.59249
-2.57248
3.86008
0.10301
7.67406
-8.89118
4.71395
1.24151
1.86769
6.30786
20.93764
19.28682
12.00038
14.33432
12.68349
21.0515
7.78792
11.08958
40.23531
3.97392
18.31909
-3.02788
9.38183
9.43875
7.95869
10.008
20.31148
14.5051
20.02685
29.13488
28.79333
1.18459
-2.23093
-0.23854
1.41229
0.38763
-0.69394
1.24151
0.38763
-3.0848
0.38763
0.44456
-2.06015
-3.71098
-9.23273
-6.4434
-3.88176
-7.92345
18.66064
21.7346
16.15593
18.20523
-7.1265
-6.21569
12.56963
17.57906
16.95288
4.88473
15.87131
17.69291
-24.85871
-26.19645
-29.95352
-25.99722
-24.37485
-23.60635
-25.74105
-25.31411
-19.84929
-18.45462
-7.63882
-7.98037
-1.9463
-6.78494
-6.32954
-3.0848
-5.19104
-4.05254
-29.52658
-29.81121
-26.99341
-28.16038
-33.3975
-36.15837
-35.84528
-37.97998
-40.59854
-40.59854
-52.09744
-52.15437
-52.66669
-41.16779
-43.87174
-25.28565
-26.99341
-26.93649
-37.60997
-31.2628
-28.70116
-26.31031
-26.50954
-26.22492
-26.11107
-25.91183
-4.56487
-5.47566
-25.91183
-7.75268
-7.8096
-11.62359
-19.70698
-7.75268
-7.3542
-25.94029
-21.87014
-19.90622
-19.05234
-24.23253
-25.91183
-6.72802
-7.18342
-9.00503
-7.01265
-11.73744
-24.60255
-17.37304
-16.54763
9.43875
-9.68813
11.26035
14.5051
12.05731
14.16354
-7.18342
-7.06957
-7.69576
-7.69576
14.22047
14.04969
7.56022
17.40828
7.27559
10.34956
4.20163
10.57726
-7.24035
10.63419
15.81438
4.25855
14.33432
-8.49271
-8.20808
12.79734
-6.8988
-8.265
-3.42635
-3.19866
8.86949
2.20924
-10.65586
-9.63121
-11.05434
-11.39589
-6.50032
-6.04492
-1.14935
-2.80018
-3.65406
9.04028
9.7803
8.30025
4.42933
-6.15877
2.26617
2.49387
3.12005
2.49387
5.68168
9.38183
1.86769
20.25454
12.34193
20.88072
5.68168
6.13708
40.12146
35.96591
14.67587
20.99458
22.81618
9.66645
7.38944
30.67187
24.12547
25.26397
23.61314
17.18059
7.44637
1.69691
4.14471
0.67226
-0.52317
0.15993
-2.23093
-7.46805
-10.88356
-3.0848
-3.25558
-9.28966
-7.46805
17.35136
19.00219
18.37601
19.11604
-9.06196
-6.72802
-6.50032
8.41409
9.0972
11.60191
10.29263
10.12185
15.92823
16.26978
19.45759
16.32671
9.7803
-25.34258
-29.24195
-30.20969
-30.15276
-26.79417
-25.45642
-25.37104
-23.94791
-23.23634
-24.80178
-13.2175
-29.6689
-28.27423
-26.79417
-7.75268
-6.4434
-3.02788
-5.58952
-4.79256
-28.41654
-33.22672
-34.93448
-39.57389
-41.31011
-42.10706
-51.12971
-51.84128
-42.64785
-52.82324
-48.51115
-41.31011
-37.8092
-32.08822
-31.91744
-31.51896
-26.39569
-27.44881
-26.02568
-26.48108
-25.99722
-26.02568
-25.94029
-5.70337
-25.79798
-8.89118
-8.89118
-7.86652
-7.18342
-14.81141
-17.9423
-18.45462
-6.8988
-6.4434
-17.74305
-20.53239
-6.95572
-7.1265
-25.37104
-22.83786
-14.86833
-20.13391
-8.20808
-11.8513
12.39886
-7.63882
-7.8096
7.61714
6.82018
10.29263
8.52794
5.39706
14.5051
-6.8988
8.58488
19.40067
-6.55724
4.71395
5.68168
13.08197
-8.32192
-8.43578
-3.42635
-5.64645
-3.14172
-6.04492
6.53556
-9.11888
2.7785
0.04608
-12.13592
-11.73744
-6.61417
-7.01265
-2.174
8.30025
9.5526
6.25094
5.11243
-6.61417
-2.85711
-1.20628
-10.99741
1.86769
3.4616
20.65302
21.10843
5.56783
10.9188
12.39886
21.2792
7.04789
8.41409
29.59029
9.38183
21.79153
4.99858
20.02685
22.81618
8.24332
10.63419
14.22047
29.76106
26.06092
27.02865
20.48225
1.35537
-0.01084
1.52614
0.04608
6.42171
1.75385
-2.06015
-2.4017
1.46922
-0.18162
0.84303
-3.82483
-5.93106
-10.31431
-2.34477
-0.46625
-1.43397
-2.68633
-6.21569
16.44055
19.62837
18.77449
17.57906
-8.03731
-7.24035
-6.32954
6.93404
10.63419
5.0555
7.95869
15.35897
16.7821
20.99458
19.74222
19.11604
10.17878
4.77088
-26.42416
-30.72201
-29.04272
-24.7164
-23.91945
-24.20407
-26.96495
-15.60836
-12.30669
-17.03149
-26.42416
-7.29727
-2.4017
-6.84187
-3.76791
-2.91403
-4.62179
-28.55885
-28.35962
-37.21149
-34.93448
-41.85089
-39.37465
-39.65928
-40.28545
-50.40392
-50.532
-40.48469
-42.10706
-46.56146
-41.3955
-40.627
-34.50754
-27.33496
-26.42416
-27.22111
-5.76029
-9.80199
-11.56667
-9.85891
-8.60655
-10.94049
-25.59874
-7.1265
-15.66529
-13.16057
-16.60455
-7.06957
-24.34639
-14.18523
-21.64243
-15.03911
-18.22692
-8.83426
-10.94049
-13.16057
14.90357
10.74803
-7.3542
-8.49271
8.01562
8.86949
6.42171
7.78792
9.0972
15.35897
-7.06957
9.26797
16.26978
14.44817
6.99097
12.85426
-4.05254
-5.19104
-3.82483
-3.19866
7.38944
4.99858
-0.40932
-12.19285
-12.59132
-3.48328
-5.07719
-2.4017
4.31548
-8.77733
-6.95572
-1.09241
-1.4909
3.86008
1.24151
0.04608
21.2792
20.99458
12.45579
0.89996
8.07254
28.11023
37.61674
4.8278
3.51852
3.4616
15.70052
21.9623
21.39305
7.84484
6.25094
12.39886
28.45178
26.11784
27.14249
27.99638
1.52614
0.44456
2.26617
0.67226
1.69691
-2.85711
-8.265
-1.09241
-0.92165
-6.10184
-6.72802
11.82961
18.94527
15.87131
13.42352
18.60371
-10.25739
-7.24035
7.84484
6.82018
17.86369
9.21104
3.917
8.92642
13.70814
20.53917
16.83904
19.6853
15.70052
15.01742
-27.36342
-31.4905
-30.8074
-29.35581
-26.76571
-25.79798
-25.34258
-24.14715
-23.97637
-24.31792
-26.05414
-15.77913
-17.68613
-28.55885
-19.13773
-2.6294
-6.10184
-5.76029
-3.65406
-28.10345
-33.28365
-39.77312
-36.24376
-35.67451
-41.85089
-47.34418
-46.33376
-43.53019
-40.59854
-40.627
-27.67651
-26.02568
-26.13953
-26.62339
-9.97276
-25.11488
-11.28204
-11.79436
-12.24977
-13.04672
-16.97456
-7.06957
-25.11488
-24.31792
-21.38627
-22.52478
-16.80379
-9.91583
-12.81902
14.90357
-7.75268
-8.54963
8.01562
9.0972
10.9188
10.34956
9.5526
6.70634
7.78792
-6.50032
7.38944
18.20523
2.60772
11.94346
11.20343
-4.62179
-6.78494
-5.64645
-3.82483
9.0972
5.62476
3.06313
-1.60475
-13.04672
-13.38828
-12.64825
-9.46043
-4.16638
-7.3542
6.47863
5.96631
4.71395
-11.11127
3.74623
0.72919
-1.77552
-9.40351
1.63998
20.88072
6.93404
39.15372
39.32451
4.88473
11.65884
23.27158
21.5069
6.82018
3.51852
28.7364
26.06092
23.84084
15.98515
6.87711
1.24151
0.84303
0.78611
-4.39409
-5.53259
-0.06776
-3.93868
-6.4434
-6.21569
13.53737
18.71757
-9.34658
-7.92345
-6.6711
-6.04492
6.08015
8.86949
1.41229
8.98335
15.6436
18.48986
18.94527
17.06673
12.62656
3.0062
3.34775
-33.14133
-32.42977
-28.33115
-24.9441
-24.26099
-24.00483
-23.89098
-25.1718
-17.99922
-14.46985
-12.24977
-19.9916
-3.19866
-5.30489
-4.22331
-3.76791
-35.7599
-40.3993
-46.46184
-39.37465
-48.82424
-48.14114
-47.45803
-42.47707
-27.87575
-12.07899
-25.02949
-14.41293
-24.54562
-19.82083
-9.74506
-11.50974
11.43114
-7.01265
-8.265
-8.9481
11.14651
9.38183
6.59249
9.7803
9.3249
5.45399
8.6418
11.26035
18.37601
14.84665
14.33432
12.79734
3.97392
11.94346
10.9188
-4.16638
-5.81721
-6.61417
-4.33716
-6.21569
-4.05254
-7.8096
6.47863
-2.68633
-13.27443
-10.48509
-4.33716
-5.13411
-5.81721
-12.64825
-7.18342
-7.8096
-0.18162
20.93764
0.61533
-13.33135
-4.16638
20.93764
2.83542
21.5069
39.5522
6.87711
9.21104
28.11023
3.17697
6.64941
12.51271
11.54498
20.99458
22.75926
20.88072
18.14831
2.09539
0.50149
13.82199
1.52614
-3.65406
-6.04492
-1.77552
0.67226
1.12766
-1.60475
-6.72802
11.65884
10.57726
19.34374
18.83141
18.14831
14.84665
7.04789
6.82018
6.93404
6.13708
8.12946
1.52614
6.99097
8.47102
8.41409
17.18059
14.61894
13.36658
-0.86472
5.68168
1.98154
-30.89279
-28.87194
-32.34438
-30.66508
-28.33115
-26.96495
-23.8056
-24.34639
-24.20407
-16.40532
-15.38066
-16.46224
-5.64645
-4.96334
-4.28024
-33.76751
-47.78535
-40.28545
-48.41153
-43.90021
-41.53781
-24.60255
-24.40331
-22.55324
-14.58371
-17.4015
-10.59894
-12.59132
10.34956
-7.29727
-8.03731
-8.60655
-9.00503
10.2357
6.76326
14.90357
7.90177
9.3249
9.15412
-5.70337
5.73861
12.79734
13.59429
13.65121
5.68168
7.78792
-5.13411
-6.95572
-5.24797
-12.36362
-6.21569
-8.32192
11.65884
5.68168
3.74623
-0.18162
-13.95753
-12.47747
-5.58952
-9.06196
-9.51736
-5.24797
2.32309
20.25454
10.9188
-6.72802
-9.63121
-8.20808
3.68929
6.13708
34.31508
6.76326
6.47863
11.65884
7.33251
3.97392
12.79734
10.12185
18.66064
21.16535
23.84084
20.02685
15.01742
-4.90642
-6.10184
0.10301
-1.20628
2.7785
-0.46625
-7.52497
18.14831
21.16535
-11.39589
-8.265
-2.74325
8.58488
8.58488
7.56022
9.5526
8.52794
17.86369
17.80676
19.6853
1.12766
2.26617
-32.9421
-26.99341
-25.00103
-24.00483
-23.46404
-22.92326
-23.0371
-21.18703
-14.81141
-13.16057
-22.18322
-16.66148
-4.22331
-5.87414
-4.79256
-48.66769
-48.1696
-48.02729
-46.0776
-22.98018
-21.78475
-21.30088
-15.89298
-10.42817
-11.50974
-8.60655
-9.00503
-9.63121
6.02323
9.49567
10.29263
6.25094
13.87892
13.25274
12.00038
7.73099
-4.90642
-5.30489
-6.84187
-7.58189
-10.82664
-8.77733
-11.28204
-5.36182
-8.83426
9.7803
-4.67871
-13.4452
-11.8513
-5.30489
-7.24035
-10.54202
-14.75448
-11.05434
-9.85891
-8.15115
-8.32192
3.68929
8.24332
-4.39409
-13.27443
19.40067
6.47863
9.60953
33.17657
7.44637
2.89234
12.00038
13.42352
10.06493
10.29263
10.008
19.74222
17.97754
20.53917
13.02504
15.58668
-5.87414
-7.58189
1.75385
3.0062
-3.02788
-2.4017
2.89234
3.63237
18.31909
15.70052
19.79914
-12.47747
-10.99741
-7.3542
-2.51556
-1.77552
-6.21569
1.92461
8.41409
7.61714
5.45399
8.01562
-0.06776
2.94927
5.56783
5.62476
8.35717
16.21285
18.14831
18.54678
-10.25739
-9.80199
-31.9459
-35.58912
-31.4905
-26.59493
-25.28565
-24.91564
-24.63101
-13.10365
-17.57228
-48.98078
-20.90241
-20.30469
-17.54382
-12.59132
-8.37885
-8.77733
9.95108
5.62476
7.78792
7.38944
2.94927
11.54498
12.45579
6.93404
-5.53259
-11.90822
-8.265
-6.21569
11.77268
6.82018
1.07074
0.89996
-1.14935
-5.98799
-14.64063
-14.07138
-13.04672
-5.30489
-5.58952
-9.51736
-13.27443
-7.92345
-8.265
-2.45863
5.56783
11.71576
7.44637
-9.00503
-9.57428
-8.66348
3.34775
8.81257
-0.06776
0.89996
9.89415
9.49567
14.96049
17.23751
18.26216
11.48806
16.66826
-5.19104
-5.41874
-6.84187
-8.43578
3.34775
9.04028
4.3724
-5.13411
4.94166
18.14831
22.41771
21.39305
19.40067
-13.04672
-9.28966
0.50149
-1.77552
-4.39409
3.68929
8.01562
8.41409
22.41771
18.03446
18.31909
17.0098
16.66826
-5.53259
-34.7637
-33.02748
-28.50193
-26.68032
-25.94029
-25.34258
-24.06176
-22.92326
-22.04091
-22.06938
-19.36543
-20.27623
-20.58932
-13.95753
-15.03911
-10.20046
-11.16819
-6.27261
-8.49271
-9.63121
8.69872
6.76326
9.43875
4.03085
12.17116
5.79554
-5.53259
-14.52678
-7.06957
10.4634
8.30025
4.65703
1.24151
-2.34477
-4.62179
-11.79436
-12.9898
-13.55905
-5.02026
-8.37885
-11.62359
-8.77733
-6.15877
4.99858
8.07254
6.70634
-8.83426
-9.57428
-9.28966
4.20163
6.76326
8.30025
0.89996
1.24151
2.43694
12.22809
7.61714
9.43875
8.47102
14.33432
16.26978
16.72518
15.70052
16.44055
-5.81721
-5.47566
-5.07719
12.45579
-0.8078
8.18639
19.40067
21.84845
24.23931
19.62837
20.65302
14.44817
-13.04672
-8.77733
-0.8078
2.38002
-5.98799
8.07254
-9.34658
-2.68633
0.44456
-0.29546
6.53556
8.07254
9.26797
18.09138
15.07435
16.15593
-4.96334
-13.9006
-35.70297
-37.26842
-28.33115
-26.79417
-22.1263
-22.29708
-21.41473
-16.74686
-20.30469
-19.16619
-16.57609
-20.07699
-19.28004
-19.50774
-12.9898
-15.09603
-11.50974
-7.46805
-9.28966
8.01562
11.03266
7.56022
10.17878
0.38763
11.71576
3.917
-7.86652
-14.58371
-10.48509
-9.85891
10.97573
5.51091
2.7785
-4.10946
-5.24797
-14.64063
-11.39589
-13.27443
-14.356
-5.24797
-6.6711
-10.48509
-13.61598
-12.07899
-6.21569
-7.41113
-2.85711
0.61533
-6.6711
-6.55724
2.89234
3.86008
7.04789
6.36478
6.30786
-0.97857
-0.97857
7.44637
9.04028
8.58488
8.01562
-6.04492
1.69691
1.29844
5.34013
14.90357
15.98515
-12.87595
-4.62179
0.78611
2.7785
-0.12469
-5.87414
-10.82664
1.63998
2.49387
7.44637
7.95869
19.91299
18.77449
17.52214
16.55441
15.52975
0.67226
-11.79436
-14.29908
-15.72221
-37.66689
-39.43157
-39.14695
-33.53981
-27.42035
-27.70497
-26.90802
-26.02568
-24.28946
-23.12249
-22.49632
-22.06938
-21.92706
-18.76771
-21.24396
-20.81702
-18.48309
-18.39769
-19.45081
-17.82845
-13.84367
-15.20988
-10.25739
-10.65586
-6.55724
-9.28966
-10.08661
9.04028
11.48806
5.34013
5.16936
11.65884
3.40468
-9.34658
-9.06196
-6.10184
-12.93287
6.87711
3.12005
0.38763
0.33071
-2.34477
-4.05254
-15.03911
-15.26681
-14.75448
-5.64645
-9.23273
-11.62359
-8.265
-6.61417
-6.95572
0.10301
0.15993
-9.74506
-9.40351
-9.06196
-3.42635
5.96631
6.76326
0.27378
3.86008
-0.92165
-0.63702
4.25855
6.93404
15.24512
12.17116
17.92062
18.37601
14.67587
9.89415
12.28501
-12.70517
-8.72041
-2.80018
1.98154
3.80315
3.68929
-0.40932
-2.85711
17.74983
13.25274
14.10662
9.04028
2.09539
-3.93868
-38.03691
-38.46385
-31.74667
-27.42035
-26.65186
-26.68032
-24.91564
-22.32554
-21.52858
-26.65186
-21.38627
-19.10926
-25.54182
-19.93468
-18.28385
-17.08842
-18.42616
-12.9898
-14.356
-11.16819
-10.31431
-8.72041
-8.49271
-10.37123
9.21104
9.95108
11.71576
2.15232
3.4616
11.60191
7.56022
1.12766
11.37421
-10.48509
-9.57428
-6.61417
-14.69756
-11.62359
8.98335
7.95869
5.45399
0.38763
-1.7186
-3.36943
-5.02026
-12.30669
-14.29908
-15.94991
-5.30489
-8.37885
-13.38828
-9.91583
-6.38647
-6.27261
2.15232
-9.28966
-11.68052
-5.87414
4.60011
6.59249
2.94927
-0.69394
-1.03549
-0.12469
1.07074
12.74042
17.80676
8.35717
7.44637
2.38002
2.38002
2.15232
3.68929
-7.24035
14.61894
13.70814
7.44637
-0.01084
-0.63702
-38.8054
-38.20768
-38.83386
-39.57389
-38.60616
-31.83205
-28.70116
-28.07499
-25.22873
-23.23634
-22.72401
-20.90241
-28.87194
-20.30469
-20.95933
-16.23454
-17.23073
-16.66148
-12.13592
-13.4452
-10.37123
-11.56667
-10.59894
11.37421
12.00038
11.60191
3.80315
11.54498
6.08015
10.63419
-12.42054
-7.58189
-14.98218
-14.24216
-13.04672
9.72337
8.52794
8.12946
3.34775
2.60772
-15.20988
-15.38066
-6.95572
-10.14354
-11.73744
-14.58371
-10.94049
-8.20808
-6.04492
1.69691
-9.68813
-9.97276
-14.52678
-5.81721
2.66464
5.96631
6.53556
0.61533
5.68168
-0.97857
2.20924
8.12946
14.10662
-13.6729
0.72919
2.43694
-1.09241
3.80315
3.29082
2.60772
-4.56487
-8.265
13.25274
13.19582
13.30966
2.66464
2.72157
-0.75087
-38.66309
-38.43538
-26.02568
-24.09022
-22.61016
-22.61016
-27.79036
-25.88337
-19.87775
-20.30469
-15.32373
-14.24216
-12.59132
-13.72982
-11.28204
-9.85891
-11.39589
-10.94049
11.08958
10.80495
12.91119
12.39886
11.77268
11.37421
13.65121
14.96049
-11.16819
-13.27443
-15.26681
8.92642
7.04789
4.77088
6.02323
4.54318
1.98154
-3.31251
-4.79256
-15.49451
-16.00684
-15.94991
-6.21569
-8.09423
-10.31431
-13.33135
-13.4452
-11.62359
-6.84187
-9.34658
-11.73744
-14.01445
-5.24797
5.79554
2.66464
0.44456
-1.03549
3.51852
5.11243
6.70634
10.52032
5.39706
-12.93287
1.07074
3.57545
3.68929
0.04608
-6.27261
9.26797
5.51091
-1.43397
-3.93868
-0.12469
-39.00463
-38.94771
-38.97617
-38.34999
-28.87194
-27.87575
-27.44881
-24.77332
-23.49251
-22.8094
-21.8986
-29.49812
-21.69936
-22.55324
-14.52678
-12.07899
-12.70517
-12.70517
-10.71278
-12.24977
-11.05434
5.73861
10.9188
11.03266
10.29263
-15.09603
-15.72221
-15.20988
-10.65586
9.43875
8.98335
8.69872
-0.12469
-3.99561
-3.99561
-14.92526
-15.83606
-13.10365
-13.6729
-14.86833
-9.00503
-7.69576
-6.15877
-2.23093
-9.06196
-9.91583
4.31548
-0.12469
2.32309
-0.8078
0.04608
4.25855
5.68168
6.08015
7.44637
9.49567
-14.07138
-7.98037
-8.03731
5.11243
4.48625
-0.01084
2.83542
5.90939
1.41229
-2.23093
-0.18162
-0.06776
-8.60655
-9.85891
-38.43538
-38.43538
-32.54362
-27.79036
-23.97637
-22.32554
-21.69936
-24.88717
-21.01625
-23.77713
-16.88918
-17.37304
-14.81141
-14.07138
-11.68052
-12.81902
-14.07138
-11.79436
-11.11127
13.25274
12.74042
11.54498
1.35537
7.67406
13.48045
-15.26681
-16.46224
-15.83606
-14.29908
-12.7621
-14.64063
7.38944
6.13708
0.38763
-1.43397
-6.21569
-15.60836
-15.66529
-16.00684
-16.00684
-10.59894
-13.16057
-14.52678
-11.45282
-9.80199
-7.24035
-6.10184
-0.18162
-7.41113
-9.51736
-11.33897
-12.87595
2.72157
-0.35239
-1.03549
-1.77552
-0.52317
-7.92345
-5.13411
-0.58009
5.11243
-13.50212
6.08015
-15.72221
-25.20026
-4.10946
-38.00844
-38.97617
-30.94971
-25.96875
-24.09022
-22.72401
-27.67651
-17.9423
-5.24797
-13.9006
-13.04672
-13.78675
-12.59132
-15.77913
-15.15295
-10.88356
12.85426
12.28501
4.25855
10.52032
7.21867
11.43114
10.86188
10.29263
-18.16999
-16.00684
-15.94991
-15.83606
9.49567
8.86949
3.917
0.84303
-1.09241
-3.48328
-5.30489
-15.55143
-15.72221
-7.69576
-10.82664
-14.64063
-12.93287
-12.02207
-8.49271
-6.95572
-6.78494
-2.28785
-11.39589
-10.88356
-5.76029
2.26617
3.57545
1.18459
0.38763
-0.92165
1.18459
6.08015
-4.56487
-2.74325
-1.7186
0.50149
4.99858
-14.07138
3.917
-11.05434
-21.75629
-8.83426
-25.65566
-26.16799
-37.43919
-28.81502
-28.61578
-24.46023
-24.14715
-24.00483
-23.77713
-23.35019
-23.12249
-22.89479
-25.45642
-26.56647
-20.73163
-15.03911
-15.20988
-8.83426
-4.84949
-13.10365
-12.24977
-12.36362
-12.19285
-18.36923
-13.33135
12.51271
11.94346
10.9188
8.47102
3.86008
7.16174
12.74042
-17.71459
9.0972
8.52794
8.24332
4.60011
2.49387
1.52614
-0.35239
-6.8988
-15.66529
-15.77913
-15.83606
-15.94991
-16.00684
-16.00684
-15.09603
-11.68052
-10.99741
-9.97276
-8.89118
-7.01265
-4.28024
-8.03731
-8.66348
-11.79436
-6.72802
7.16174
-1.4909
-1.54782
-3.31251
-3.02788
2.72157
4.08778
-8.09423
-15.55143
4.94166
-4.22331
-21.78475
-28.53039
-28.95733
-33.34057
-30.75047
-24.60255
-27.61959
-28.16038
-23.43558
-16.46224
-17.37304
-16.29146
-3.14172
-3.19866
-12.9898
-12.02207
-12.07899
-15.60836
-11.28204
-10.94049
10.97573
6.82018
8.81257
8.6418
6.36478
4.54318
9.15412
10.52032
9.66645
-18.91002
-16.00684
-16.00684
-15.77913
-16.66148
9.0972
8.98335
8.81257
7.56022
5.79554
3.0062
-0.35239
-3.14172
-7.06957
-16.00684
-16.00684
-16.00684
-10.82664
-13.27443
-14.52678
-11.33897
-7.8096
-7.18342
-6.21569
-3.99561
-9.11888
-9.06196
-11.50974
-9.06196
-1.2632
0.10301
1.86769
2.72157
2.32309
-17.74305
-9.00503
4.25855
-3.71098
-11.16819
-28.84348
-28.47346
-26.65186
-23.74867
-23.66328
-30.92125
-29.58351
-12.13592
-14.1283
-13.38828
2.03847
-18.16999
-14.1283
10.69111
10.9188
-2.51556
7.90177
3.34775
6.08015
-18.14153
-16.00684
-16.00684
-15.94991
-17.88537
8.6418
6.25094
6.19402
4.31548
3.17697
1.41229
-9.63121
-9.80199
-15.94991
-12.93287
-15.83606
-8.54963
-10.94049
-10.25739
-9.28966
-8.66348
-6.55724
-5.07719
-7.41113
-7.24035
-6.72802
1.46922
6.47863
4.14471
3.57545
-2.97095
3.51852
3.57545
3.97392
-14.18523
3.63237
2.60772
1.46922
-17.48689
-29.58351
-28.70116
-29.21349
-24.06176
-24.57409
-26.42416
-27.47727
-24.31792
-16.68994
-19.59312
-10.14354
-2.6294
-12.07899
-12.5344
-16.29146
-11.45282
-11.11127
9.21104
10.008
10.57726
10.17878
7.73099
0.15993
0.38763
0.44456
3.80315
8.01562
9.60953
9.0972
-16.00684
-16.00684
-16.06376
-17.71459
9.0972
6.59249
4.14471
-2.174
-1.32012
-5.24797
-7.98037
-10.88356
-15.94991
-16.00684
-13.33135
-15.49451
-15.55143
-10.25739
-11.39589
-11.05434
-9.68813
-7.92345
-8.20808
-5.53259
-9.46043
-10.02968
1.75385
4.8278
5.79554
5.85246
3.23389
-14.69756
-0.75087
-7.06957
-17.4015
-19.5362
-26.33877
-21.98399
-28.10345
-25.6272
-22.69555
-17.82845
-15.60836
-6.32954
-17.51535
-14.356
-13.27443
8.01562
7.56022
0.89996
0.33071
-0.12469
-0.35239
4.3724
-16.00684
-16.12069
-17.31612
7.21867
5.11243
1.81077
-16.00684
-16.00684
-15.77913
-15.83606
-15.55143
-6.32954
-11.16819
-10.99741
-9.68813
-9.1758
-8.54963
-10.48509
-8.03731
-6.27261
-9.1758
-13.4452
-11.62359
-5.24797
2.43694
2.5508
3.4616
2.72157
-22.5817
-17.82845
-3.71098
-21.52858
-25.94029
-29.41273
-24.23253
-22.89479
-14.75448
-17.28765
-16.17761
-14.92526
9.5526
1.18459
0.38763
-0.58009
-0.46625
4.20163
-17.60074
-16.00684
-16.00684
-16.23454
-16.23454
-17.62921
3.4616
3.917
-0.63702
-10.14354
-11.33897
-13.61598
-16.06376
-16.06376
-15.15295
-15.77913
-16.06376
-15.55143
-11.16819
-11.22512
-10.99741
-10.08661
-9.46043
-7.58189
-13.6729
-12.24977
-12.36362
1.12766
2.20924
-14.75448
-12.19285
-24.17561
-29.83967
-24.80178
-24.00483
-21.41473
-16.97456
-16.88918
1.12766
-0.97857
-0.97857
-0.29546
-16.17761
-16.83225
-17.37304
-17.85691
2.72157
-1.2632
-10.14354
-11.56667
-10.65586
-16.00684
-16.00684
-16.23454
-15.66529
-16.29146
-11.68052
-9.80199
-9.06196
-10.25739
-14.69756
-7.52497
-8.89118
-10.42817
-16.06376
-13.2175
-13.04672
-10.65586
-5.76029
1.69691
1.75385
1.18459
2.38002
-14.18523
-26.31031
-29.75428
-23.32173
-17.82845
-17.25919
1.69691
-0.01084
0.61533
1.75385
-16.31992
-16.77533
-17.45843
-18.16999
2.66464
1.35537
0.38763
-7.8096
-10.08661
-13.61598
-15.72221
-16.12069
-16.00684
-16.00684
-16.88918
-16.29146
-15.72221
-12.7621
-13.33135
-11.56667
-20.73163
-9.51736
-11.73744
-17.28765
-15.72221
-13.55905
-12.7621
0.89996
1.52614
1.18459
2.15232
-16.57609
-12.07899
-31.91744
-29.78275
-29.35581
-33.48289
-25.05795
-17.68613
-0.52317
-0.86472
-0.35239
1.69691
-17.00303
-18.56847
2.43694
-0.69394
-9.28966
-12.70517
-16.17761
-16.34838
-15.20988
-15.09603
-14.86833
-12.81902
-13.50212
-26.33877
-11.56667
-13.95753
-23.35019
-14.98218
-13.33135
-7.3542
1.81077
-15.89298
-26.36723
-30.26661
-31.83205
-31.7182
-31.97437
-29.72582
-18.65386
0.10301
-0.8078
0.44456
1.75385
-16.63301
-17.00303
-18.19846
-19.9916
-1.66167
-3.0848
-12.93287
-14.52678
-15.66529
-16.23454
-16.17761
-16.17761
-16.29146
-16.00684
-14.92526
-15.72221
-15.38066
-27.39188
-19.33696
-13.33135
-15.03911
-21.6709
-17.68613
-13.04672
-13.84367
-15.77913
0.38763
-16.80379
-31.46204
-24.57409
-29.24195
-34.3083
-31.51896
-17.99922
-0.29546
-0.92165
-0.8078
-0.86472
-17.51535
-17.45843
-1.03549
-5.76029
-12.7621
-14.24216
-16.00684
-17.11688
-18.39769
-15.60836
-14.29908
-14.58371
-19.9916
-20.95933
-27.7619
-29.46965
-24.63101
-16.00684
-18.56847
-26.02568
-17.4015
-14.29908
-10.20046
-15.38066
-7.8096
0.44456
-16.63301
-28.92887
-29.61197
-29.78275
-31.63282
-19.13773
-19.36543
-2.06015
-3.14172
-12.19285
-14.52678
-16.12069
-16.68994
-14.81141
-16.23454
-13.27443
-14.1283
-15.20988
-26.50954
-29.49812
-28.53039
-21.24396
-23.60635
-29.21349
-13.4452
-8.49271
-14.07138
-3.36943
-1.32012
-27.9896
-30.89279
-28.70116
-2.00323
-1.43397
-14.18523
-15.77913
-20.47547
-5.24797
-16.54763
-15.49451
-14.52678
-15.20988
-14.92526
-14.46985
-20.36162
-24.20407
-25.8549
-29.49812
-29.18503
-29.09964
-21.84167
-26.48108
-28.92887
-19.73544
-15.55143
-10.94049
-9.23273
-15.03911
-13.38828
-9.46043
-25.00103
-28.04652
-28.33115
-30.40892
-30.63662
-1.4909
-2.28785
-18.91002
-20.58932
-3.14172
-6.78494
-15.66529
-16.40532
-16.60455
-16.29146
-12.9898
-17.51535
-15.55143
-25.42796
-29.38427
-30.06737
-29.6689
-29.98198
-24.54562
-27.22111
-20.30469
-16.40532
-14.58371
-10.54202
-15.66529
-4.62179
-29.35581
-27.79036
-30.23815
-29.98198
-2.57248
-3.14172
-14.46985
-16.86071
-20.41854
-20.93087
-4.10946
-11.50974
-15.77913
-16.74686
-17.00303
-14.52678
-12.30669
-12.64825
-18.65386
-15.38066
-28.81502
-30.69355
-26.39569
-24.09022
-24.09022
-13.55905
-11.73744
-14.75448
-13.33135
-9.85891
-29.78275
-29.72582
-30.46585
-3.99561
-15.43758
-18.54001
-20.87395
-20.27623
-22.09784
-21.01625
-16.57609
-16.23454
-16.31992
-21.27242
-30.69355
-25.00103
-25.05795
-23.46404
-16.17761
-15.38066
-11.39589
-12.87595
-13.38828
-33.08441
-29.15657
-16.7184
-20.78856
-16.74686
-12.02207
-12.19285
-12.81902
-19.96314
-22.1263
-16.12069
-31.0351
-30.69355
-29.83967
-22.32554
-19.62159
-16.00684
-11.45282
-12.81902
-33.25518
-32.65747
-30.38046
-37.55304
-20.78856
-20.76009
-22.06938
-16.06376
-16.83225
-13.50212
-12.24977
-13.2175
-18.05614
-23.40712
-31.51896
-31.06356
-31.40512
-30.86433
-22.49632
-22.01245
-18.8531
-13.50212
-11.11127
-12.87595
-14.29908
-34.87756
-34.73524
-21.52858
-23.57789
-24.9441
-16.06376
-15.83606
-15.09603
-19.16619
-22.24015
-21.27242
-33.25518
-32.57208
-31.20588
-32.99902
-26.25338
-22.98018
-22.89479
-20.98779
-15.83606
-11.62359
-10.37123
-31.7182
-34.02368
-22.92326
-14.24216
-21.32935
-18.91002
-21.07318
-33.11287
-28.98579
-23.72021
-23.94791
-17.4015
-16.60455
-13.84367
-13.27443
-35.50373
-35.78836
-36.2153
-35.58912
-32.14514
-28.98579
-23.32173
-24.65947
-15.77913
-18.99541
-19.73544
-20.67471
-35.19064
-34.64986
-32.20207
-28.6727
-22.15476
-18.99541
-18.56847
-14.46985
-13.55905
-28.38808
-30.92125
-34.19445
-34.05214
-32.20207
-25.42796
-11.28204
-12.81902
-22.98018
-19.47928
-18.73925
-18.28385
-18.16999
-17.82845
-21.95552
-34.16599
-33.42596
-36.30069
-32.17361
-28.35962
-25.25719
-23.63482
-20.16238
-17.31612
-15.94991
-34.45061
-35.13372
-34.25138
-33.88136
-34.02368
-37.1261
-29.95352
-27.05033
-21.38627
-20.27623
-18.99541
-18.96695
-18.39769
-37.43919
-30.63662
-25.20026
-26.87955
-24.31792
-23.66328
-19.93468
-19.9916
-15.94991
-14.07138
-31.83205
-33.79598
-37.29688
-38.63462
-18.68232
-17.51535
-18.05614
-19.39389
-22.06938
-29.01426
-35.38988
-33.65366
-25.76952
-22.49632
-23.60635
-20.44701
-16.06376
-16.43378
-14.29908
-33.59674
-32.00283
-29.64043
-17.62921
-17.51535
-20.90241
-17.65767
-21.55705
-21.78475
-32.37284
-27.47727
-24.9441
-22.06938
-17.11688
-16.23454
-32.51516
-32.08822
-32.14514
-19.96314
-18.54001
-24.23253
-21.47166
-22.55324
-31.31973
-29.27042
-23.89098
-18.91002
-33.76751
-23.63482
-27.42035
-31.74667
-25.42796
-24.74486
-25.51336
-22.52478
-31.97437
-32.45823
-27.05033
-28.2173
-26.36723
-26.31031
-31.23434
-25.65566
-26.85109
-22.83786
-30.01045
-31.83205
-27.87575
-29.98198
-28.18884
-27.79036
-27.42035
-26.62339
-28.38808
-27.73344
-31.9459
-31.51896
-29.55505
-26.56647
-30.32353
-43.53019
-51.17241
-49.42196
-40.91163
-53.89059
-43.53019
-34.39369
-49.33657
-50.64585
-51.38588
-48.34038
-41.59473
-46.34799
-36.84148
-40.31392
-43.67251
-48.06998
-43.55865
-47.32995
-51.79858
-43.18864
-43.47327
-45.23795
-49.36503
-45.03871
-51.82705
-49.79197
-52.26822
-45.06718
-42.81863
-47.62881
-46.39069
-46.94571
-53.23595
-50.58892
-46.13452
-53.50634
-53.46365
-48.15537
-49.74928
-45.20949
-53.03671
-34.05214
-55.14294
-54.88678
-51.14394
-54.07559
-52.75208
-52.93709
-53.49211
-52.75208
-55.88297
-55.7122
-52.36784
-47.69997
-54.11829
-52.19706
-53.06517
-55.68373
-55.84028
-54.37445
-41.90783
-55.47026
-54.9864
-55.32795
-55.11448
-55.18564
-51.98359
-49.02348
-54.73023
-56.59454
-55.82605
-53.13633
-55.15717
-52.90863
-53.19325
-56.28145
-54.34599
-52.08321
-55.31372
-55.98259
-52.65247
-54.08982
-54.08982
-53.17902
-51.4428
-50.74547
-52.78054
-48.41153
-51.82705
-51.51396
-52.04052
-52.22552
-52.15437
-49.84889
-48.29768
-49.09464
-48.52538
-50.64585
-50.88778
-51.75589
-51.49973
-51.31472
-47.87074
-46.56146
-49.25118
-49.93428
-49.40772
-50.93047
-50.47507
-48.72462
-48.41153
-50.33276
-48.68193
-49.82043
-46.83186
-47.9419
-47.99883
-49.52158
-49.69235
-49.63543
-47.89921
-46.77493
-47.4438
-48.48269
-47.81382
-47.51496
-47.37265
-48.71039
-47.6715
-47.04533
-47.45803
-26.02568
-26.02568
-26.02568
-26.02568
-44.21329
-26.02568
-25.82644
-38.83386
-26.02568
-25.6272
-26.02568
-31.14895
-26.76571
-24.11868
-19.28004
-17.65767
-16.31992
-14.58371
-45.38026
-45.5368
-48.72462
-47.99883
-46.73224
-46.21991
-46.67531
-46.78916
-47.05956
-47.41534
-26.02568
-42.56246
-26.02568
-35.38988
-25.14334
-26.87955
-22.354
-20.98779
-14.46985
-15.09603
-48.1696
-46.02067
-26.02568
-25.96875
-26.02568
-43.90021
-44.83947
-25.48489
-40.25699
-36.92686
-26.11107
-23.15096
-24.80178
-19.87775
-17.08842
-45.38026
-46.10606
-46.3053
-46.63262
-47.68574
-47.69997
-47.07379
-26.02568
-26.02568
-25.96875
-26.02568
-42.7617
-25.6272
-25.45642
-26.05414
-33.42596
-29.41273
-16.12069
-16.37685
-44.58331
-44.98178
-47.51496
-45.59373
-26.02568
-25.51336
-32.03129
-27.13572
-21.32935
-24.77332
-17.65767
-17.1738
-45.15256
-45.89259
-46.2626
-46.71801
-46.73224
-47.17341
-26.02568
-26.02568
-25.82644
-31.54743
-19.19465
-23.17942
-18.51155
-17.28765
-44.55485
-46.77493
-45.3518
-25.91183
-18.14153
-18.11307
-45.79297
-46.17722
-46.36222
-18.73925
-45.62219
-45.3518
-45.3518
-21.04472
-22.78094
-26.56647
-23.94791
-28.13192
-32.57208
-24.68793
-24.85871
-25.31411
-24.46023
-25.48489
-24.85871
-24.7164
-25.11488
-26.82263
-35.13372
-33.31211
-31.34819
-26.36723
-24.17561
-25.8549
-35.44681
-33.02748
-23.86252
-34.64986
-30.32353
-27.56266
-24.77332
-36.07299
-34.99141
-26.13953
-22.49632
-25.3995
-23.40712
-23.49251
-31.97437
-26.96495
-25.96875
-24.34639
-26.25338
-25.45642
-13.38828
-12.5344
-12.07899
-14.29908
-12.47747
-16.97456
-16.12069
-17.42997
-19.19465
-52.79478
-50.80239
-14.18523
-16.88918
-18.34077
-19.93468
-20.50393
-27.36342
-35.73143
-26.90802
-26.22492
-12.93287
-14.1283
-12.24977
-17.14534
-16.91764
-17.57228
-18.65386
-15.77913
-19.9916
-27.90421
-30.52277
-26.96495
-13.4452
-12.70517
-17.00303
-17.00303
-16.66148
-16.00684
-18.02768
-21.35781
-28.84348
-32.88517
-13.9006
-14.01445
-17.31612
-17.37304
-13.78675
-30.43739
-33.34057
-14.41293
-16.37685
-15.55143
-17.00303
-16.88918
-29.49812
-15.72221
-15.49451
-16.66148
-16.66148
-16.77533
-23.83406
-51.85551
-34.19445
-35.90221
-18.39769
-16.12069
-34.02368
-33.65366
-31.2628
-16.97456
-29.81121
-16.74686
-16.86071
-17.1738
-16.83225
-17.11688
-23.74867
-18.91002
-17.4015
-34.90602
-32.42977
-18.14153
-16.83225
-22.01245
-35.41835
-19.70698
-17.62921
-33.93829
-16.97456
-16.74686
-17.34458
-37.15456
-17.79998
-37.01225
-36.15837
-42.33476
-21.52858
-17.25919
-16.80379
-33.93829
-22.41093
-38.34999
-16.17761
-22.18322
-34.90602
-31.2628
-16.00684
-32.9421
-16.17761
-43.75789
-18.76771
-45.86413
-53.47788
-51.17241
-22.66709
-26.11107
-22.354
-21.87014
-19.05234
-47.99883
-18.08461
-16.06376
-19.25158
-45.86413
-47.51496
-47.37265
-51.2578
-49.26541
-48.43999
-30.75047
-19.62159
-19.16619
-17.79998
-47.68574
-47.78535
-26.93649
-22.01245
-21.64243
-16.00684
-47.17341
-47.50073
-30.86433
-27.02187
-29.95352
-27.96114
-45.23795
-44.8964
-40.02929
-42.24937
-47.0311
-45.20949
-46.3053
-42.02168
-44.95332
-45.1241
-44.92486
-42.39169
-46.9884
-46.23414
-50.7597
-50.20468
-49.87736
-49.05194
-48.35461
-46.56146
-49.60696
-51.74166
-36.10145
-33.48289
-49.59273
-32.99902
-34.19445
-35.98759
-44.41253
-44.92486
-44.24176
-42.47707
-48.06998
-46.68954
-50.532
-50.85932
-48.15537
-46.60416
-46.3053
-45.1241
-50.23314
-42.87555
-40.34238
-48.48269
-36.84148
-37.38226
-44.12791
-48.99502
-50.23314
-49.36503
-41.59473
-43.67251
-44.81101
-49.89159
-47.60035
-41.13933
-44.07098
-44.92486
-37.41073
-45.18102
-45.46565
-44.55485
-45.49411
-47.30149
-49.5358
-47.04533
-46.40491
-50.63161
-43.07479
-43.87174
-42.27784
-42.9894
-47.68574
-47.2588
-49.56427
-48.86694
-48.29768
-46.3053
-50.13352
-42.73324
-48.22652
-44.07098
-46.71801
-45.09563
-46.84608
-47.91344
-48.90963
-46.93147
-45.97798
-49.55004
-48.75308
-44.61177
-44.6687
-44.24176
-44.52638
-44.75409
-47.85651
-47.55766
-47.7142
-49.03771
-47.6715
-46.70377
-44.6687
-45.87836
-44.01406
-48.8527
-47.61458
-45.20949
-48.14114
-48.38307
-45.23795
-45.03871
-47.7142
-48.53961
-47.75689
-48.11267
-48.82424
-47.10225
-48.83847
-46.57569
-45.45142
-41.02548
-26.16799
-26.59493
-42.534
-39.0331
-26.50954
-32.71439
-26.19645
-27.59113
-26.0826
-25.57028
-26.05414
-24.23253
-21.13011
-22.41093
-44.8964
-45.73605
-44.21329
-20.67471
-19.5362
-43.87174
-19.62159
-29.81121
-36.92686
-43.01786
-44.35561
-37.92305
-35.78836
-27.13572
-28.13192
-26.11107
-25.20026
-30.77894
-26.19645
-25.94029
-21.64243
-23.83406
-44.15637
-43.55865
-43.61558
-40.65547
-26.73725
-33.96675
-26.39569
-27.42035
-29.64043
-26.39569
-24.83025
-22.38246
-23.46404
-38.23615
-26.96495
-25.99722
-23.97637
-21.64243
-22.49632
-43.44481
-38.72001
-28.10345
-40.48469
-40.91163
-37.8092
-27.64805
-27.24957
-25.54182
-26.93649
-24.65947
-40.00083
-35.58912
-29.35581
-34.3083
-42.47707
-34.90602
-27.93268
-27.10726
-27.59113
-31.66128
-27.36342
-24.46023
-32.37284
-32.17361
-27.9896
-25.48489
-27.7619
-24.88717
-32.23053
-33.51135
-31.74667
-29.41273
-29.27042
-29.41273
-28.30269
-28.58731
-26.53801
-29.64043
-35.93067
-28.445
-29.04272
-29.32734
-27.19265
-28.24576
-28.84348
-31.66128
-29.27042
-35.04833
-43.58712
-47.89921
-42.70477
-49.90582
-34.05214
-37.8092
-49.13733
-39.57389
-36.84148
-36.12991
-35.73143
-37.04071
-37.75228
-38.1223
-45.3518
-45.43719
-43.27403
-44.95332
-47.08802
-42.73324
-38.63462
-37.75228
-36.18683
-35.58912
-37.41073
-39.46004
-46.57569
-42.44862
-42.9894
-45.40873
-39.57389
-37.52458
-38.72001
-39.2608
-40.82624
-42.7617
-43.16018
-42.9894
-42.44862
-43.24557
-47.15918
-45.62219
-44.72562
-41.05394
-37.92305
-38.43538
-39.06156
-41.79397
-41.56627
-42.02168
-48.58231
-47.04533
-46.34799
-47.18764
-41.16779
-38.06537
-37.29688
-40.08622
-44.21329
-52.95132
-46.04913
-46.94571
-47.0311
-47.2161
-42.67632
-42.70477
-40.34238
-51.22933
-42.39169
-39.85852
-42.7617
-43.04633
-45.09563
-49.8062
-53.0794
-47.28726
-45.87836
-44.46946
-47.37265
-42.81863
-46.17722
-48.48269
-39.20387
-42.3063
-46.21991
-32.97056
-38.86232
-43.78635
-46.9884
-41.6232
-38.94771
-46.02067
-47.45803
-44.8964
-39.17541
-46.46184
-45.60796
-37.52458
-36.55685
-40.51316
-33.14133
-34.96294
-29.86813
-37.72382
-39.37465
-40.05775
-42.05013
-44.35561
-45.23795
-44.18483
-45.23795
-34.19445
-40.31392
-43.78635
-44.44099
-43.10326
-44.55485
-44.07098
-44.6687
-34.3083
-37.52458
-37.41073
-39.85852
-41.93629
-42.84709
-41.99321
-44.78255
-43.78635
-43.27403
-37.49612
-36.443
-39.65928
-43.64404
-43.87174
-44.78255
-44.12791
-44.61177
-39.80159
-44.72562
-43.90021
-43.72943
-37.23996
-44.72562
-43.07479
-40.22853
-44.58331
-38.15076
-44.86794
-42.27784
-44.44099
-41.59473
-40.99702
-28.27423
-28.92887
-25.00103
-29.75428
-29.04272
-27.87575
-31.43358
-30.46585
-30.52277
-30.06737
-30.12429
-33.76751
-36.38607
-34.67832
-36.24376
-37.97998
-35.67451
-44.75409
-38.74847
-39.2608
-38.52077
-38.06537
-37.95152
-43.81482
-39.11848
-42.36322
-37.49612
-26.48108
-31.68974
-29.21349
-35.84528
-26.90802
-29.18503
-32.00283
-29.95352
-40.91163
-39.14695
-43.50173
-40.05775
-36.52839
-28.95733
-29.01426
-30.72201
-31.06356
-31.14895
-36.92686
-36.6707
-32.00283
-37.92305
-38.66309
-42.81863
-34.67832
-39.54543
-30.01045
-32.48669
-31.83205
-33.34057
-33.05595
-34.7637
-35.07679
-43.92867
-38.91925
-39.0331
-40.45623
-37.1261
-31.23434
-33.34057
-31.97437
-36.35761
-30.352
-32.17361
-35.87375
-37.09764
-34.16599
-37.92305
-38.26461
-46.20568
-46.60416
-38.8054
-31.86052
-32.88517
-33.99522
-33.65366
-37.66689
-35.64605
-36.81301
-44.38407
-39.17541
-35.13372
-33.93829
-35.67451
-35.21911
-35.01987
-35.07679
-35.04833
-33.28365
-32.88517
-33.96675
-35.78836
-35.21911
-35.38988
-34.99141
-30.77894
-26.11107
-25.8549
-24.85871
-25.94029
-25.8549
-26.05414
-26.90802
-27.50573
-27.13572
-28.38808
-29.58351
-32.77132
-41.70858
-37.3538
-47.13071
-41.82243
-44.32715
-44.09944
-45.77874
-44.35561
-28.98579
-35.38988
-34.90602
-33.02748
-32.62901
-38.29307
-34.3083
-26.02568
-26.11107
-28.13192
-26.62339
-27.81882
-30.15276
-35.7599
-43.50173
-37.60997
-44.15637
-43.75789
-33.11287
-34.33677
-33.59674
-34.45061
-26.0826
-26.96495
-28.64424
-27.59113
-30.29507
-29.58351
-33.65366
-35.70297
-46.21991
-37.78074
-42.47707
-43.78635
-34.50754
-30.69355
-35.19064
-33.65366
-33.11287
-36.2153
-37.86613
-26.65186
-27.24957
-29.61197
-30.46585
-30.97818
-32.77132
-36.41454
-44.58331
-38.54923
-37.49612
-41.70858
-34.0806
-33.42596
-33.88136
-36.98379
-26.70878
-33.05595
-30.46585
-32.68593
-33.96675
-32.14514
-33.1698
-35.95913
-36.55685
-42.0786
-33.82444
-33.8529
-27.87575
-31.88898
-33.68213
-35.87375
-36.32915
-36.98379
-34.05214
-34.25138
-35.38988
-34.36523
-30.29507
-34.93448
-32.91363
-33.34057
-36.64224
-26.02568
-5.70337
